setup,entry_time,exit_time,side,kind,trend_atr,entry,stop,R_usd,exit,pnl_usd,pnl_R
2026-06-30 16:00:00,2026-06-30 16:17:00,2026-06-30 17:24:00,1,engulf,3.6948348238729967,4025.9,4007.927285714286,17.97271428571412,tp,35.815428571428235,1.992766813185066
2026-06-30 17:45:00,2026-06-30 18:00:00,2026-06-30 21:59:00,-1,star,6.786083324172789,4037.38,4064.6895714285715,27.309571428571417,time,8.690000000000163,0.3182034556173459
2026-07-01 10:30:00,2026-07-01 10:45:00,2026-07-01 13:55:00,1,star,6.946892848009447,3971.23,3959.3320714285715,11.897928571428565,tp,23.66585714285713,1.9890737283200557
2026-07-02 09:30:00,2026-07-02 10:16:00,2026-07-02 14:15:00,-1,engulf,6.216286531957417,4066.12,4080.623642857143,14.50364285714295,time,2.3999999999997454,0.16547566867435384
2026-07-02 17:00:00,2026-07-02 17:20:00,2026-07-02 21:19:00,-1,engulf,5.369919729615529,4124.13,4145.730714285714,21.600714285714275,time,7.020000000000546,0.32498925300091824
2026-07-03 09:30:00,2026-07-03 09:49:00,2026-07-03 13:48:00,1,star,5.713451658103759,4173.68,4159.878285714285,13.801714285715207,time,1.2299999999996727,0.0891193640541251
2026-07-03 17:15:00,2026-07-03 17:30:00,2026-07-03 19:59:00,1,engulf,4.647253333333362,4166.84,4154.760357142857,12.079642857142971,time,7.969999999999454,0.6597877184164107
2026-07-06 02:45:00,2026-07-06 03:01:00,2026-07-06 04:48:00,-1,star,5.920817369093196,4177.57,4202.573,25.00300000000061,stop,-25.13300000000061,-1.0051993760748708
2026-07-06 04:45:00,2026-07-06 05:01:00,2026-07-06 08:59:00,-1,engulf,3.718284626581522,4185.07,4204.1458571428575,19.075857142857785,tp,38.02171428571557,1.993185103084677
2026-07-06 17:45:00,2026-07-06 18:00:00,2026-07-06 20:49:00,1,engulf,3.823057462956335,4138.24,4127.521785714286,10.718214285713657,tp,21.306428571427315,1.9878711139248937
2026-07-07 03:15:00,2026-07-07 03:30:00,2026-07-07 03:37:00,1,star,4.362741385838806,4160.65,4151.662714285714,8.987285714285463,stop,-9.117285714285464,-1.014464878955986
2026-07-07 04:30:00,2026-07-07 04:45:00,2026-07-07 06:48:00,1,engulf,6.041047416843645,4142.28,4125.1134999999995,17.16650000000027,stop,-17.296500000000268,-1.0075728890571751
2026-07-07 16:15:00,2026-07-07 16:30:00,2026-07-07 16:36:00,-1,star,6.768313725490084,4164.3,4179.230714285714,14.930714285714203,stop,-15.060714285714203,-1.0087068841793045
2026-07-07 16:45:00,2026-07-07 17:03:00,2026-07-07 21:02:00,-1,engulf,5.671685407534395,4156.05,4181.574357142857,25.52435714285639,time,14.1800000000004,0.5555477820905282
2026-07-08 06:30:00,2026-07-08 06:55:00,2026-07-08 08:06:00,-1,engulf,3.4392015665466498,4125.57,4132.310785714286,6.740785714286176,stop,-6.870785714286176,-1.0192855856142233
2026-07-08 08:15:00,2026-07-08 08:30:00,2026-07-08 11:17:00,-1,engulf,5.271643946917019,4121.99,4134.791214285714,12.801214285714195,tp,25.47242857142839,1.9898447133921446
2026-07-09 06:30:00,2026-07-09 06:53:00,2026-07-09 08:57:00,1,engulf,3.937533006412642,4063.43,4053.3332142857143,10.096785714285488,tp,20.063571428570977,1.987124615330197
2026-07-09 19:45:00,2026-07-09 20:00:00,2026-07-09 23:57:00,-1,engulf,5.727095877721003,4128.08,4138.711071428571,10.631071428570976,time,4.019999999999636,0.3781368629690416
2026-07-10 03:30:00,2026-07-10 03:45:00,2026-07-10 04:39:00,1,engulf,6.068215339232885,4124.02,4114.082571428572,9.937428571428427,stop,-10.067428571428428,-1.0130818550357956
2026-07-10 08:45:00,2026-07-10 09:00:00,2026-07-10 10:43:00,1,engulf,4.590589107076606,4117.19,4107.691642857143,9.498357142856548,stop,-9.628357142856549,-1.0136865773780437
2026-07-13 01:00:00,2026-07-13 01:25:00,2026-07-13 05:24:00,-1,engulf,6.800205338808894,4080.81,4121.615714285715,40.80571428571466,time,10.209999999999873,0.2502100546141943
2026-07-14 05:30:00,2026-07-14 05:45:00,2026-07-14 07:32:00,-1,star,3.548958035969147,4010.66,4020.080857142857,9.42085714285713,stop,-9.550857142857131,-1.0137991690170747
2026-07-14 15:00:00,2026-07-14 15:15:00,2026-07-14 15:30:00,-1,engulf,4.537910058657444,4025.27,4036.5175714285715,11.247571428571518,stop,-11.37757142857152,-1.011558050626802
2026-07-15 06:45:00,2026-07-15 07:18:00,2026-07-15 08:11:00,1,engulf,4.871225660803345,4033.54,4027.360642857143,6.179357142857043,stop,-6.309357142857043,-1.0210377871022185
2026-07-15 09:30:00,2026-07-15 09:53:00,2026-07-15 10:27:00,1,star,5.812449145646843,4033.17,4020.6177142857146,12.552285714285517,stop,-12.682285714285518,-1.0103566794892225
2026-07-15 11:15:00,2026-07-15 11:30:00,2026-07-15 15:29:00,1,engulf,5.540040704362477,4026.86,4016.612785714286,10.247214285714108,time,12.889999999999981,1.2579028446755764
2026-07-15 21:30:00,2026-07-15 21:45:00,2026-07-16 01:44:00,-1,engulf,5.984571169263314,4067.7,4082.1444285714283,14.444428571428489,time,7.419999999999727,0.5136928721899535
2026-07-16 14:30:00,2026-07-16 14:45:00,2026-07-16 15:16:00,1,engulf,4.932157587825281,4036.01,4020.747785714286,15.262214285714435,stop,-15.392214285714436,-1.0085177679703843
2026-07-16 16:15:00,2026-07-16 16:30:00,2026-07-16 20:29:00,1,star,5.709048316251824,4006.22,3972.510357142857,33.709642857142626,time,-18.64999999999998,-0.5532541557629791
2026-07-16 21:00:00,2026-07-16 21:21:00,2026-07-16 21:34:00,1,star,6.373615307150026,3989.36,3979.077,10.282999999999902,stop,-10.412999999999903,-1.0126422250316058
2026-07-17 04:15:00,2026-07-17 04:47:00,2026-07-17 06:18:00,-1,engulf,4.552116082224872,3987.99,3996.7607142857146,8.770714285714803,stop,-8.900714285714804,-1.0148220539131843
2026-07-17 06:45:00,2026-07-17 07:00:00,2026-07-17 10:59:00,-1,star,4.279680099386588,3990.63,4009.5699285714286,18.93992857142848,time,-2.2699999999998726,-0.11985261673184153
2026-07-17 19:30:00,2026-07-17 20:20:00,2026-07-17 23:56:00,-1,engulf,5.509183610786885,4012.81,4024.9127857142857,12.102785714285801,time,-5.6600000000002,-0.46766092812163806
2026-07-20 04:15:00,2026-07-20 04:42:00,2026-07-20 05:48:00,-1,star,4.034257996058825,3999.84,4021.6924285714285,21.85242857142839,stop,-21.98242857142839,-1.0059489955349847
2026-07-20 17:15:00,2026-07-20 17:30:00,2026-07-20 21:29:00,1,engulf,4.85990180032733,4006.84,3997.467142857143,9.372857142857356,time,-0.2700000000003274,-0.028806584362174197
2026-07-21 15:00:00,2026-07-21 15:20:00,2026-07-21 15:37:00,1,engulf,5.624627875507446,4061.0,4053.9621428571427,7.03785714285732,stop,-7.1678571428573195,-1.0184715315132442
2026-07-21 16:00:00,2026-07-21 16:15:00,2026-07-21 16:29:00,1,star,4.9453108310189995,4060.47,4050.4412857142856,10.028714285714159,stop,-10.15871428571416,-1.0129627783080015
2026-07-21 16:45:00,2026-07-21 17:00:00,2026-07-21 17:30:00,1,engulf,5.173544480670723,4053.51,4043.7432142857147,9.766785714285561,tp,19.403571428571123,1.986689582038249
2026-07-22 10:15:00,2026-07-22 10:30:00,2026-07-22 10:43:00,1,engulf,4.71310641185114,4122.55,4111.298357142858,11.251642857142542,stop,-11.381642857142543,-1.011553868323991
2026-07-22 11:00:00,2026-07-22 11:20:00,2026-07-22 15:19:00,1,engulf,4.58552365547912,4116.04,4108.593428571428,7.446571428571588,time,9.769999999999635,1.3120131987874764
2026-07-22 17:15:00,2026-07-22 17:55:00,2026-07-22 18:49:00,-1,star,5.459210345302046,4144.47,4164.468428571429,19.99842857142903,stop,-20.12842857142903,-1.0065005107544163
2026-07-23 04:30:00,2026-07-23 04:45:00,2026-07-23 08:44:00,-1,engulf,4.7933870138770684,4121.78,4141.873857142857,20.093857142856905,time,-6.039999999999854,-0.30058937699509786
2026-07-24 09:00:00,2026-07-24 09:15:00,2026-07-24 10:31:00,1,engulf,4.496979017906301,4031.39,4021.3697857142856,10.020214285714246,tp,19.910428571428493,1.9870262255583357
2026-07-24 18:30:00,2026-07-24 18:45:00,2026-07-24 22:44:00,-1,engulf,5.876012287070686,4071.85,4083.1631428571427,11.313142857142793,time,14.790000000000072,1.3073290231336636
2026-07-27 08:45:00,2026-07-27 09:00:00,2026-07-27 12:59:00,1,star,5.824146981627277,4093.68,4083.9557142857143,9.724285714285543,time,2.370000000000455,0.24371970030855702
2026-07-27 16:30:00,2026-07-27 16:48:00,2026-07-27 16:56:00,1,engulf,4.123946935218352,4089.2,4074.8523571428573,14.347642857142546,stop,-14.477642857142547,-1.0090607217711225
2026-07-27 17:45:00,2026-07-27 18:16:00,2026-07-27 22:15:00,1,star,4.56148231330715,4077.42,4064.4995,12.920500000000175,time,2.7100000000001456,0.20974420494563747
2026-07-28 02:45:00,2026-07-28 03:00:00,2026-07-28 03:03:00,1,engulf,6.868464052287507,4073.39,4069.570285714286,3.8197142857138715,stop,-3.9497142857138714,-1.0340339591592527
2026-07-28 19:15:00,2026-07-28 19:30:00,2026-07-28 20:41:00,-1,star,4.0800262920056,4042.05,4047.9393571428573,5.8893571428570795,tp,11.648714285714158,1.9779262834895874
2026-07-29 05:45:00,2026-07-29 06:00:00,2026-07-29 08:44:00,-1,star,3.4124844830643264,4029.24,4038.6555714285714,9.415571428571639,stop,-9.54557142857164,-1.0138069155957454
2026-07-30 06:45:00,2026-07-30 07:00:00,2026-07-30 07:38:00,1,star,6.662558898151498,4059.84,4049.774642857143,10.06535714285701,stop,-10.195357142857011,-1.0129155874108509
2026-08-03 09:30:00,2026-08-03 10:03:00,2026-08-03 14:02:00,-1,engulf,4.162083028338319,4060.51,4072.6730714285713,12.16307142857113,time,11.040000000000072,0.9076654745335988
2026-08-03 14:30:00,2026-08-03 14:47:00,2026-08-03 15:40:00,1,engulf,4.663731286954323,4054.92,4044.9422142857147,9.977785714285346,stop,-10.107785714285347,-1.0130289428659385
2026-08-04 04:15:00,2026-08-04 04:35:00,2026-08-04 08:34:00,1,engulf,4.959067426149157,4052.48,4042.0607857142854,10.419214285714588,time,9.469999999999908,0.9088977095887054
2026-08-04 11:15:00,2026-08-04 11:36:00,2026-08-04 14:47:00,-1,engulf,5.134519917665618,4060.34,4073.4799285714284,13.1399285714283,stop,-13.2699285714283,-1.0098935088796963
2026-08-06 05:30:00,2026-08-06 05:48:00,2026-08-06 09:47:00,-1,star,5.292609710773333,4281.02,4305.609071428571,24.589071428570605,time,24.220000000000365,0.9849904283843184
2026-08-06 12:30:00,2026-08-06 12:45:00,2026-08-06 16:06:00,-1,engulf,4.513023295796408,4271.86,4285.600928571429,13.740928571429322,tp,27.351857142858645,1.9905392128833055
2026-08-06 19:30:00,2026-08-06 19:49:00,2026-08-06 23:48:00,1,engulf,4.911690688629637,4236.07,4222.181142857143,13.888857142856978,time,1.0100000000003275,0.07272016621754723
2026-08-07 03:00:00,2026-08-07 03:16:00,2026-08-07 04:43:00,-1,engulf,4.4117087604353316,4243.4,4253.925928571429,10.525928571429176,stop,-10.655928571429177,-1.0123504543202833
2026-08-10 04:45:00,2026-08-10 05:08:00,2026-08-10 08:50:00,1,star,5.248541423570709,4324.21,4312.593,11.61700000000019,tp,23.10400000000038,1.9888095033141089
2026-08-11 16:45:00,2026-08-11 17:02:00,2026-08-11 21:01:00,-1,engulf,4.924216608637639,4384.55,4405.204214285714,20.65421428571426,time,17.24000000000058,0.8346964818664071
2026-08-11 21:30:00,2026-08-11 21:45:00,2026-08-12 01:44:00,1,star,5.521286150529928,4371.82,4359.5347142857145,12.285285714285237,time,4.4400000000004,0.36140795609153814
2026-08-12 16:00:00,2026-08-12 16:15:00,2026-08-12 20:14:00,-1,engulf,4.574280879864606,4421.09,4442.466428571428,21.376428571427823,time,17.329999999999817,0.8107060513917397
2026-08-12 21:00:00,2026-08-12 21:17:00,2026-08-13 01:16:00,1,engulf,4.367820887220106,4406.64,4395.3027142857145,11.337285714285827,time,-4.0800000000000365,-0.35987449754917367
2026-08-13 03:45:00,2026-08-13 04:00:00,2026-08-13 07:59:00,-1,engulf,6.722012578616406,4424.13,4450.5650000000005,26.4350000000004,time,26.159999999999744,0.9895971250236183
2026-08-13 14:15:00,2026-08-13 14:30:00,2026-08-13 15:30:00,-1,engulf,5.59862272503683,4388.1,4397.200857142857,9.100857142856512,stop,-9.220857142856511,-1.0131855712177824
2026-08-13 17:30:00,2026-08-13 17:45:00,2026-08-13 19:10:00,1,engulf,4.3237347294939426,4381.76,4356.5740000000005,25.185999999999694,stop,-25.305999999999695,-1.004764551735091
2026-08-14 05:30:00,2026-08-14 06:08:00,2026-08-14 10:07:00,1,star,5.964967499144646,4322.69,4310.016071428572,12.673928571427496,time,11.060000000000292,0.8726575929214486
2026-08-14 10:00:00,2026-08-14 10:21:00,2026-08-14 10:41:00,-1,engulf,4.400095602294414,4331.16,4337.957714285714,6.797714285714392,stop,-6.917714285714392,-1.0176529926025553
2026-08-14 11:30:00,2026-08-14 11:45:00,2026-08-14 12:14:00,-1,star,5.465782763895925,4343.61,4350.040357142857,6.430357142857247,stop,-6.550357142857247,-1.0186614829214105
2026-08-17 03:00:00,2026-08-17 03:15:00,2026-08-17 04:00:00,1,star,4.706228099920925,4379.53,4366.6380714285715,12.891928571428252,tp,25.663857142856504,1.9906918503825757
2026-08-17 04:30:00,2026-08-17 04:47:00,2026-08-17 08:46:00,-1,star,5.749728872945733,4397.67,4417.3562142857145,19.686214285714414,time,4.409999999999745,0.22401462952681184
2026-08-17 21:45:00,2026-08-17 22:14:00,2026-08-18 02:13:00,1,engulf,4.513051682566249,4407.47,4397.438642857142,10.031357142857814,time,5.9899999999996725,0.5971275785215631
2026-08-18 04:00:00,2026-08-18 04:16:00,2026-08-18 04:44:00,-1,engulf,6.587827808015668,4428.68,4436.737428571429,8.057428571428318,tp,15.994857142856636,1.9851069111024429
2026-08-19 09:15:00,2026-08-19 09:55:00,2026-08-19 13:54:00,1,star,4.082259984846787,4348.33,4334.500071428572,13.829928571428354,time,18.980000000000363,1.3723859745170115
2026-08-20 18:30:00,2026-08-20 19:15:00,2026-08-20 23:14:00,-1,star,6.345429905134767,4510.06,4542.373071428571,32.313071428570765,time,-12.569999999999817,-0.38900666028564523
2026-08-21 04:00:00,2026-08-21 04:15:00,2026-08-21 07:28:00,1,engulf,4.807490636704198,4521.18,4508.1925,12.987500000000182,tp,25.855000000000363,1.9907603464870067
2026-08-21 16:00:00,2026-08-21 16:15:00,2026-08-21 20:14:00,1,star,4.053150993937692,4586.95,4562.546714285715,24.40328571428472,time,36.14000000000022,1.4809481158861035
2026-08-24 03:45:00,2026-08-24 04:00:00,2026-08-24 07:59:00,1,star,3.4101046401014243,4623.3,4593.418428571429,29.88157142857108,time,15.51000000000011,0.51904900774965
2026-08-24 16:30:00,2026-08-24 16:45:00,2026-08-24 20:44:00,-1,star,4.088370528204544,4658.47,4682.193857142857,23.723857142857014,time,19.590000000000035,0.8257510522861314
2026-08-25 06:00:00,2026-08-25 06:26:00,2026-08-25 10:25:00,1,engulf,4.9425494525300735,4638.07,4616.814785714286,21.25521428571392,time,1.6800000000001818,0.07903942898046178
2026-08-25 15:00:00,2026-08-25 15:18:00,2026-08-25 16:47:00,-1,engulf,3.9658935879945965,4635.07,4648.203,13.13300000000072,tp,26.14600000000144,1.9908627122515805
2026-08-25 16:45:00,2026-08-25 17:00:00,2026-08-25 18:22:00,1,star,5.037617554858886,4617.78,4604.333,13.447000000000116,tp,26.774000000000232,1.9910760764482784
2026-08-25 19:00:00,2026-08-25 19:15:00,2026-08-25 22:10:00,-1,star,4.0776260617138265,4642.79,4660.798714285715,18.008714285714632,stop,-18.128714285714633,-1.0066634407152093
2026-08-26 04:00:00,2026-08-26 04:16:00,2026-08-26 08:15:00,1,star,5.9203309920138665,4647.83,4629.027642857143,18.802357142856636,time,-5.439999999999709,-0.2893254265232626
2026-08-26 18:30:00,2026-08-26 18:45:00,2026-08-26 22:44:00,1,star,4.772286374134012,4604.81,4581.738214285714,23.071785714286307,time,-9.270000000000545,-0.4017894459838216
2026-08-27 03:00:00,2026-08-27 03:15:00,2026-08-27 04:38:00,-1,engulf,6.6585919757759084,4616.35,4627.7705,11.420499999999265,stop,-11.540499999999264,-1.0105074208659872
2026-08-27 09:15:00,2026-08-27 09:30:00,2026-08-27 09:58:00,1,engulf,6.9038265016464155,4610.47,4599.000928571429,11.469071428571624,stop,-11.589071428571623,-1.0104629220200911
2026-08-27 17:15:00,2026-08-27 17:30:00,2026-08-27 21:29:00,1,star,6.264489088018544,4584.22,4564.111571428572,20.108428571428703,time,17.340000000000035,0.8623249667871997
2026-08-28 01:15:00,2026-08-28 01:31:00,2026-08-28 02:34:00,1,star,3.0530651805185376,4608.39,4599.470428571429,8.919571428571544,stop,-9.039571428571543,-1.0134535611896789
2026-08-28 09:00:00,2026-08-28 09:16:00,2026-08-28 09:56:00,1,star,6.963940759819533,4583.59,4571.044428571428,12.545571428571748,tp,24.971142857143494,1.9904348717247977
2026-08-28 15:45:00,2026-08-28 16:00:00,2026-08-28 17:00:00,1,engulf,3.5600079744814757,4602.65,4588.383428571429,14.266571428570387,tp,28.413142857140773,1.991588728896721
2026-08-31 03:45:00,2026-08-31 04:00:00,2026-08-31 05:03:00,-1,engulf,3.3748987854251142,4456.21,4473.315,17.104999999999563,tp,34.08999999999913,1.9929845074539607
2026-08-31 23:15:00,2026-08-31 23:30:00,2026-09-01 03:10:00,-1,star,6.3483958427476175,4446.96,4456.522285714286,9.56228571428619,stop,-9.73228571428619,-1.0177781761682791
2026-09-01 05:45:00,2026-09-01 06:00:00,2026-09-01 07:42:00,1,engulf,3.642232370926518,4443.21,4426.947214285714,16.26278571428611,stop,-16.38278571428611,-1.0073788096398877
2026-09-01 08:30:00,2026-09-01 08:45:00,2026-09-01 10:30:00,1,engulf,4.777027027027033,4443.64,4423.327714285714,20.31228571428619,stop,-20.43228571428619,-1.0059077546312576
2026-09-02 06:45:00,2026-09-02 07:00:00,2026-09-02 10:59:00,1,engulf,5.659621684455189,4303.72,4281.208142857144,22.51185714285657,time,19.419999999999963,0.8626565048260485
2026-09-02 13:15:00,2026-09-02 14:04:00,2026-09-02 15:04:00,1,engulf,4.393131235610106,4312.27,4301.075428571428,11.19457142857209,tp,22.26914285714418,1.9892805186187188
2026-09-03 04:30:00,2026-09-03 04:45:00,2026-09-03 04:58:00,-1,engulf,6.551048075920411,4400.38,4410.094928571429,9.714928571428572,stop,-9.834928571428572,-1.012352123756516
2026-09-04 03:15:00,2026-09-04 03:30:00,2026-09-04 03:46:00,-1,star,6.032557382386575,4474.47,4483.728785714286,9.258785714285295,stop,-9.378785714285295,-1.012960662845329
2026-09-04 04:00:00,2026-09-04 04:15:00,2026-09-04 08:14:00,-1,engulf,4.817204301075343,4474.47,4487.704571428571,13.234571428571144,time,4.829999999999818,0.36495326093995656
2026-09-04 10:00:00,2026-09-04 10:28:00,2026-09-04 14:27:00,1,star,4.659737688690872,4471.45,4459.642714285715,11.807285714285172,time,-4.880000000000218,-0.4133041342512867
2026-09-07 11:30:00,2026-09-07 11:45:00,2026-09-07 13:55:00,-1,engulf,4.083112557717065,4413.52,4424.813642857142,11.293642857142004,tp,22.467285714284007,1.989374553320135
2026-09-07 18:15:00,2026-09-07 18:32:00,2026-09-07 21:29:00,-1,star,6.306143943826911,4411.68,4420.260357142857,8.580357142856883,time,5.310000000000291,0.6188553590010932
2026-09-08 05:00:00,2026-09-08 05:16:00,2026-09-08 07:03:00,-1,engulf,5.215537292603579,4426.18,4441.691285714286,15.511285714285805,stop,-15.631285714285804,-1.0077363025999502
2026-09-08 07:15:00,2026-09-08 08:08:00,2026-09-08 09:17:00,-1,star,4.959423384943832,4431.67,4443.792714285714,12.12271428571421,tp,24.12542857142842,1.9901012267408287
2026-09-09 06:15:00,2026-09-09 06:31:00,2026-09-09 08:10:00,-1,star,5.14244309948001,4375.59,4385.2679285714285,9.67792857142831,stop,-9.79792857142831,-1.0123993475581405
2026-09-10 06:00:00,2026-09-10 06:22:00,2026-09-10 08:30:00,-1,engulf,3.977475022706651,4411.81,4421.9064285714285,10.096428571428078,stop,-10.216428571428077,-1.0118853908737182
2026-09-10 09:00:00,2026-09-10 09:15:00,2026-09-10 13:14:00,-1,star,5.970412517781086,4416.02,4435.563214285715,19.543214285714384,time,20.700000000000617,1.059191169752041
2026-09-11 07:00:00,2026-09-11 07:21:00,2026-09-11 11:20:00,1,engulf,5.975261412904946,4325.04,4299.739714285714,25.300285714285565,time,19.709999999999926,0.7790425856286225
2026-09-11 15:15:00,2026-09-11 15:30:00,2026-09-11 15:30:00,1,engulf,4.840168646991148,4343.36,4324.144571428572,19.215428571427765,stop,-19.335428571427766,-1.0062449817111252
2026-09-11 17:00:00,2026-09-11 17:15:00,2026-09-11 21:14:00,-1,engulf,6.021150292880461,4381.62,4404.336928571429,22.71692857142898,time,34.63,1.5244138260642357
2026-09-14 05:30:00,2026-09-14 05:51:00,2026-09-14 09:50:00,-1,engulf,3.159191720059166,4343.2,4356.3845,13.184500000000298,time,20.43999999999949,1.5503052827182697
2026-09-15 04:30:00,2026-09-15 04:52:00,2026-09-15 05:01:00,-1,engulf,6.217885816235536,4295.35,4307.250571428571,11.900571428570402,stop,-12.0205714285704,-1.010083549409393
2026-09-15 06:00:00,2026-09-15 06:17:00,2026-09-15 08:33:00,-1,engulf,4.79390208150111,4309.93,4318.1609285714285,8.230928571428194,tp,16.341857142856387,1.985420842987685
2026-09-15 09:30:00,2026-09-15 09:45:00,2026-09-15 10:37:00,1,engulf,4.877469478357559,4291.29,4285.396428571428,5.893571428571704,stop,-6.013571428571704,-1.02036116834323
2026-09-15 17:15:00,2026-09-15 17:30:00,2026-09-15 21:12:00,-1,star,4.576765907764036,4282.88,4301.3965,18.516499999999724,stop,-18.636499999999725,-1.0064807063969974
2026-09-15 22:00:00,2026-09-15 22:15:00,2026-09-16 02:14:00,-1,engulf,6.987910189982724,4300.29,4311.413071428571,11.123071428571166,time,13.980000000000365,1.256847093878295
2026-09-16 04:00:00,2026-09-16 04:15:00,2026-09-16 05:36:00,1,engulf,6.246672582076323,4287.83,4274.9465,12.883499999999913,tp,25.646999999999824,1.99068576085691
2026-09-16 06:30:00,2026-09-16 06:47:00,2026-09-16 10:46:00,-1,star,6.4939162422185195,4325.98,4342.089714285714,16.10971428571429,time,-10.780000000000763,-0.6691614642452232
2026-09-16 16:30:00,2026-09-16 16:51:00,2026-09-16 20:50:00,-1,star,4.845638751195753,4340.47,4361.2613571428565,20.791357142856214,time,-4.379999999999309,-0.2106644587895144
2026-09-16 21:00:00,2026-09-16 21:17:00,2026-09-17 01:16:00,-1,engulf,4.8925436029498215,4307.81,4368.740428571429,60.93042857142882,time,49.620000000000694,0.8143714259588886
2026-09-17 04:45:00,2026-09-17 05:02:00,2026-09-17 09:01:00,-1,star,6.801921612279572,4298.13,4319.3692142857135,21.239214285713388,time,-6.630000000000218,-0.31215844008221644
2026-09-18 06:30:00,2026-09-18 06:45:00,2026-09-18 10:44:00,1,engulf,3.729228308676494,4358.92,4333.4967857142865,25.423214285713584,time,34.680000000000184,1.3641076069397091
2026-09-18 14:45:00,2026-09-18 15:00:00,2026-09-18 15:08:00,1,engulf,3.707057781277663,4381.91,4371.954357142858,9.955642857142266,stop,-10.075642857142265,-1.012053465730132
2026-09-18 17:30:00,2026-09-18 17:46:00,2026-09-18 19:33:00,1,engulf,4.843169498751447,4354.85,4341.607214285714,13.242785714286583,tp,26.365571428573165,1.9909384624512543
2026-09-21 02:15:00,2026-09-21 02:31:00,2026-09-21 02:45:00,1,engulf,5.102213449880149,4374.79,4370.533357142857,4.256642857142651,stop,-4.376642857142651,-1.0281912305136522
2026-09-21 03:30:00,2026-09-21 04:07:00,2026-09-21 06:55:00,1,star,6.714501510574116,4376.17,4358.222571428571,17.947428571428645,stop,-18.067428571428646,-1.006686194600102
2026-09-21 08:15:00,2026-09-21 08:30:00,2026-09-21 08:35:00,1,engulf,5.506160670280886,4361.08,4352.105357142857,8.974642857142499,stop,-9.094642857142498,-1.0133710056110474
2026-09-21 15:15:00,2026-09-21 15:37:00,2026-09-21 19:36:00,-1,engulf,4.102979657297322,4351.56,4375.636214285714,24.07621428571383,time,1.2500000000008002,0.051918461314847
2026-09-22 11:30:00,2026-09-22 11:48:00,2026-09-22 15:47:00,1,engulf,6.875036343548307,4321.72,4290.341642857143,31.378357142857567,time,11.550000000000074,0.3680881044031688
2026-09-23 17:30:00,2026-09-23 17:52:00,2026-09-23 20:02:00,1,engulf,5.989188517459935,4291.44,4276.8304285714285,14.609571428571144,stop,-14.729571428571143,-1.0082137933057587
2026-09-24 05:15:00,2026-09-24 05:30:00,2026-09-24 09:29:00,1,star,4.036751050728199,4287.44,4273.029214285714,14.410785714285339,time,-5.459999999999236,-0.37888288038221024
2026-09-24 10:00:00,2026-09-24 10:15:00,2026-09-24 11:15:00,1,star,4.543942458979585,4285.21,4273.744428571429,11.465571428570911,stop,-11.58557142857091,-1.0104661159496136
2026-09-24 13:30:00,2026-09-24 13:49:00,2026-09-24 17:48:00,1,engulf,5.919017876373069,4262.58,4243.375071428572,19.204928571428354,time,-4.889999999999527,-0.25462213940615747
2026-09-25 03:15:00,2026-09-25 03:35:00,2026-09-25 04:08:00,1,star,4.599236641221176,4270.63,4263.856,6.774000000000342,tp,13.428000000000685,1.9822852081488052
2026-09-25 08:15:00,2026-09-25 08:30:00,2026-09-25 11:15:00,1,engulf,6.4974655192738995,4265.08,4255.814071428572,9.265928571428049,tp,18.411857142856096,1.9870493281838988
2026-09-25 17:30:00,2026-09-25 17:46:00,2026-09-25 21:45:00,1,star,5.593406593406616,4273.3,4253.558,19.74200000000019,time,17.979999999999453,0.9107486576840887
2026-09-28 16:30:00,2026-09-28 16:45:00,2026-09-28 17:32:00,1,engulf,6.190548992355868,4151.44,4135.522142857143,15.91785714285652,stop,-16.03785714285652,-1.0075387031635632
2026-09-29 06:00:00,2026-09-29 06:18:00,2026-09-29 06:30:00,-1,engulf,3.6123201770563935,4133.86,4140.144571428571,6.284571428571326,stop,-6.404571428571326,-1.0190943807965087
2026-09-29 10:30:00,2026-09-29 10:50:00,2026-09-29 13:08:00,-1,engulf,5.159921414538282,4140.9,4149.637142857143,8.737142857143226,stop,-8.857142857143225,-1.0137344669718764
2026-09-29 21:00:00,2026-09-29 21:15:00,2026-09-30 01:14:00,1,engulf,3.876286919831134,4167.83,4141.503571428571,26.32642857142855,time,13.489999999999673,0.5124128388094408
2026-09-30 04:45:00,2026-09-30 05:01:00,2026-09-30 08:17:00,1,star,4.111916497535534,4173.41,4166.877285714286,6.532714285714064,stop,-6.652714285714064,-1.0183690874499778
2026-09-30 10:30:00,2026-09-30 10:46:00,2026-09-30 11:38:00,-1,engulf,4.623376623376663,4191.38,4202.080000000001,10.700000000000728,stop,-10.820000000000727,-1.0112149532710273
2026-09-30 11:45:00,2026-09-30 12:00:00,2026-09-30 15:30:00,-1,star,5.011464968152778,4191.39,4202.9689285714285,11.57892857142815,stop,-11.69892857142815,-1.010363653187749
2026-09-30 16:00:00,2026-09-30 16:15:00,2026-09-30 17:37:00,-1,star,5.953805857607706,4201.71,4220.189928571429,18.4799285714289,tp,36.8398571428578,1.9935064684078094
2026-10-01 12:00:00,2026-10-01 12:15:00,2026-10-01 16:14:00,1,star,5.260940310011127,4162.17,4148.255928571429,13.914071428571333,time,10.850000000000255,0.7797861363368256
2026-10-01 18:15:00,2026-10-01 18:38:00,2026-10-01 22:37:00,1,engulf,4.136538991457711,4168.51,4149.043142857143,19.466857142857407,time,7.4899999999996725,0.3847565092317859
2026-10-02 03:00:00,2026-10-02 03:15:00,2026-10-02 04:09:00,-1,engulf,6.88752556237206,4169.5,4184.249,14.748999999999796,tp,29.37799999999959,1.991863855176622
2026-10-02 13:30:00,2026-10-02 13:48:00,2026-10-02 15:30:00,1,star,3.735685115996147,4182.79,4165.307928571428,17.482071428571544,tp,34.84414285714309,1.9931358248654747
2026-10-02 16:00:00,2026-10-02 16:15:00,2026-10-02 18:45:00,-1,star,4.734842951059152,4195.29,4226.661214285715,31.371214285714814,tp,62.62242857142963,1.9961748372598176
2026-10-02 19:00:00,2026-10-02 19:16:00,2026-10-02 23:15:00,1,engulf,6.070689132412171,4136.74,4123.630928571429,13.109071428571042,time,6.1000000000002546,0.4653266276896919
2026-10-05 04:15:00,2026-10-05 04:43:00,2026-10-05 05:08:00,-1,engulf,5.941889189507217,4152.76,4161.967214285714,9.207214285714144,stop,-9.327214285714144,-1.0130332580817838
2026-10-05 05:15:00,2026-10-05 05:33:00,2026-10-05 05:56:00,-1,engulf,6.2214922571562985,4155.95,4163.768857142857,7.818857142857269,tp,15.517714285714538,1.9846524884893668
2026-10-05 06:15:00,2026-10-05 06:31:00,2026-10-05 07:14:00,1,engulf,3.444413843752883,4144.14,4135.581928571428,8.558071428572475,stop,-8.678071428572474,-1.0140218507173662
2026-10-05 11:30:00,2026-10-05 11:45:00,2026-10-05 15:44:00,-1,star,5.436246174770548,4161.68,4171.230285714286,9.550285714285565,time,0.5700000000005093,0.05968407826248471
2026-10-05 17:00:00,2026-10-05 17:54:00,2026-10-05 18:21:00,1,engulf,4.411098527746309,4146.56,4130.557,16.00300000000061,stop,-16.123000000000612,-1.0074985940136223
2026-10-06 01:45:00,2026-10-06 02:00:00,2026-10-06 03:49:00,-1,engulf,6.298719772404071,4140.76,4145.7015,4.941499999999905,stop,-5.0614999999999055,-1.0242841242537697
2026-10-06 04:15:00,2026-10-06 04:30:00,2026-10-06 08:29:00,-1,star,5.145677762308548,4135.51,4152.814357142857,17.304357142857043,time,13.770000000000328,0.7957533404056192
2026-10-08 05:45:00,2026-10-08 06:09:00,2026-10-08 10:08:00,-1,engulf,5.10903849414962,4131.92,4144.152428571429,12.2324285714285,time,8.970000000000146,0.7332967405141064
