day,ib_hour,side,entry_time,entry_px,ibh,ibl,risk,exit_time,exit_px,exit_reason,pnl,R,mae,mfe,hold_h,atr,ib_atr,aligned,tail,ext_letter,spread
2026-03-03,5,-1,2026-03-03 07:34:00,5348.6000,5373.5400,5359.4200,24.9400,2026-03-03 23:57:00,5090.3100,收盤,258.1900,10.3524,0.0000,352.4600,16.3833,124.1320,0.1137,False,0.0081,0.3462,0.1000
2026-03-03,4,-1,2026-03-03 07:49:00,5326.4000,5368.1100,5333.0600,41.7100,2026-03-03 23:57:00,5090.3100,收盤,235.9900,5.6579,9.5800,330.2600,16.1333,124.1320,0.2824,False,0.0081,0.3333,0.1000
2026-03-03,7,-1,2026-03-03 08:14:00,5289.9100,5367.2300,5305.1600,77.3200,2026-03-03 23:57:00,5090.3100,收盤,199.5000,2.5802,46.0700,293.7700,15.7167,124.1320,0.5000,False,0.0081,0.3214,0.1000
2026-03-03,9,-1,2026-03-03 10:59:00,5295.7800,5331.1800,5306.0800,35.4000,2026-03-03 23:57:00,5090.3100,收盤,205.3700,5.8014,8.1300,299.6400,12.9667,124.1320,0.2022,False,0.0081,0.2308,0.1000
2026-03-03,10,-1,2026-03-03 11:29:00,5241.8200,5335.9800,5290.3400,94.1600,2026-03-03 23:57:00,5090.3100,收盤,151.4100,1.6080,46.1400,245.6800,12.4667,124.1320,0.3677,False,0.0081,0.2195,0.1000
2026-03-04,6,-1,2026-03-04 08:04:00,5141.7900,5180.8900,5152.1800,39.1000,2026-03-04 10:49:00,5180.8900,停損,-39.2000,-1.0026,39.1000,19.3900,2.7500,146.6420,0.1958,True,0.0068,0.4286,0.1000
2026-03-05,2,1,2026-03-05 04:54:00,5187.7500,5179.8600,5159.5000,28.2500,2026-03-05 07:51:00,5159.5000,停損,-28.3500,-1.0035,28.2500,7.1900,2.9500,143.1150,0.1423,True,0.0140,0.0000,0.1000
2026-03-05,7,-1,2026-03-05 08:09:00,5139.7100,5176.8800,5148.3700,37.1700,2026-03-05 11:08:00,5176.8800,停損,-37.2700,-1.0027,37.1700,18.8700,2.9833,143.1150,0.1992,False,0.0140,0.5714,0.1000
2026-03-05,9,-1,2026-03-05 10:09:00,5148.8000,5172.6900,5159.0200,23.8900,2026-03-05 11:06:00,5172.6900,停損,-23.9900,-1.0042,23.8900,11.1700,0.9500,143.1150,0.0955,False,0.0140,0.4444,0.1000
2026-03-06,10,-1,2026-03-06 11:59:00,5085.7800,5123.0700,5096.3900,37.2900,2026-03-06 15:31:00,5123.0700,停損,-37.3900,-1.0027,37.2900,22.7800,3.5333,151.3400,0.1763,True,0.0132,0.2558,0.1000
2026-03-10,3,1,2026-03-10 04:19:00,5150.7400,5141.3100,5125.0300,25.7100,2026-03-10 23:57:00,5192.7700,收盤,41.9300,1.6309,0.6800,87.8000,19.6333,154.3880,0.1054,False,0.0259,0.0769,0.1000
2026-03-10,2,1,2026-03-10 04:44:00,5166.2300,5156.0700,5135.7300,30.5000,2026-03-10 23:57:00,5192.7700,收盤,26.4400,0.8669,11.8200,72.3100,19.2167,154.3880,0.1317,False,0.0259,0.0714,0.1000
2026-03-10,7,1,2026-03-10 08:54:00,5175.5700,5166.5800,5154.4100,21.1600,2026-03-10 23:57:00,5192.7700,收盤,17.1000,0.8081,18.9900,62.9700,15.0500,154.3880,0.0788,False,0.0259,0.0323,0.1000
2026-03-10,8,1,2026-03-10 11:39:00,5190.6400,5179.3100,5163.8900,26.7500,2026-03-10 13:37:00,5163.8900,停損,-26.8500,-1.0037,26.7500,4.5800,1.9667,154.3880,0.0999,False,0.0259,0.0238,0.1000
2026-03-11,7,-1,2026-03-11 10:34:00,5191.7900,5208.6500,5199.5700,16.8600,2026-03-11 23:57:00,5177.2000,收盤,14.4900,0.8594,6.9500,42.4400,13.3833,150.8680,0.0602,False,0.0000,0.3158,0.1000
2026-03-11,9,-1,2026-03-11 11:39:00,5183.5600,5210.8000,5191.6100,27.2400,2026-03-11 23:57:00,5177.2000,收盤,6.2600,0.2298,13.6300,34.2100,12.3000,150.8680,0.1272,False,0.0000,0.2857,0.1000
2026-03-11,8,-1,2026-03-11 11:44:00,5181.6600,5208.2700,5191.1000,26.6100,2026-03-11 23:57:00,5177.2000,收盤,4.3600,0.1638,15.5300,32.3100,12.2167,150.8680,0.1138,False,0.0000,0.2857,0.1000
2026-03-12,2,1,2026-03-12 04:44:00,5169.8800,5157.9700,5133.1000,36.7800,2026-03-12 18:03:00,5133.1000,停損,-36.8800,-1.0027,36.7800,21.8700,13.3167,148.6480,0.1673,False,0.0269,0.5714,0.1000
2026-03-12,4,-1,2026-03-12 07:44:00,5144.0500,5172.8700,5151.5800,28.8200,2026-03-12 10:31:00,5172.8700,停損,-28.9200,-1.0035,28.8200,6.7900,2.7833,148.6480,0.1432,True,0.0404,0.0000,0.1000
2026-03-12,6,1,2026-03-12 09:39:00,5164.6800,5155.6200,5147.3900,17.2900,2026-03-12 16:56:00,5147.3900,停損,-17.3900,-1.0058,17.2900,27.0700,7.2833,148.6480,0.0554,False,0.0269,0.2353,0.1000
2026-03-12,8,1,2026-03-12 09:44:00,5168.5000,5157.7300,5137.2600,31.2400,2026-03-12 18:01:00,5137.2600,停損,-31.3400,-1.0032,31.2400,23.2500,8.2833,148.6480,0.1377,False,0.0269,0.2353,0.1000
2026-03-12,9,1,2026-03-12 10:44:00,5178.7600,5170.2800,5147.3200,31.4400,2026-03-12 16:56:00,5147.3200,停損,-31.5400,-1.0032,31.4400,12.9900,6.2000,148.6480,0.1545,False,0.0269,0.2105,0.1000
2026-03-13,9,-1,2026-03-13 10:19:00,5078.0700,5107.7900,5085.8600,29.7200,2026-03-13 14:59:00,5107.7900,停損,-29.8200,-1.0034,29.7200,16.4600,4.6667,154.8040,0.1417,True,0.0258,0.4324,0.1000
2026-03-17,4,1,2026-03-17 07:44:00,5039.7800,5027.9100,4994.8700,44.9100,2026-03-17 13:42:00,4994.8700,停損,-45.0100,-1.0022,44.9100,4.8000,5.9667,146.4420,0.2256,True,0.0273,0.4615,0.1000
2026-03-18,2,1,2026-03-18 03:09:00,5012.1200,5003.8400,4998.8800,13.2400,2026-03-18 04:01:00,4998.8800,停損,-13.3400,-1.0076,13.2400,0.2500,0.8667,115.1630,0.0431,False,0.0174,0.3750,0.1000
2026-03-18,4,-1,2026-03-18 07:39:00,4983.2300,5015.8600,4991.3900,32.6300,2026-03-18 09:36:00,5015.8600,停損,-32.7500,-1.0037,32.6300,1.3200,1.9500,115.1630,0.2125,True,0.0000,0.4615,0.1200
2026-03-19,2,1,2026-03-19 04:39:00,4862.2500,4842.6100,4828.3100,33.9400,2026-03-19 08:56:00,4828.3100,停損,-34.0600,-1.0035,33.9400,4.9900,4.2833,123.9650,0.1154,False,0.0323,0.0714,0.1200
2026-03-19,6,-1,2026-03-19 08:34:00,4840.7800,4866.1500,4850.8600,25.3700,2026-03-19 23:57:00,4657.6900,收盤,182.9900,7.2128,1.4700,338.1600,15.3833,123.9650,0.1233,True,0.0081,0.4667,0.1000
2026-03-19,5,-1,2026-03-19 08:39:00,4832.9800,4862.0300,4841.8000,29.0500,2026-03-19 23:57:00,4657.6900,收盤,175.1900,6.0306,9.2700,330.3600,15.3000,123.9650,0.1632,True,0.0081,0.4667,0.1000
2026-03-19,8,-1,2026-03-19 09:24:00,4819.5700,4853.8500,4827.0900,34.2800,2026-03-19 23:57:00,4657.6900,收盤,161.7800,4.7194,4.1600,316.9500,14.5500,123.9650,0.2159,True,0.0081,0.4242,0.1000
2026-03-19,9,-1,2026-03-19 10:44:00,4739.8400,4842.2500,4747.8800,102.4100,2026-03-19 23:57:00,4657.6900,收盤,82.0500,0.8012,15.2200,237.2200,13.2167,123.9650,0.7613,True,0.0081,0.3684,0.1000
2026-03-19,10,-1,2026-03-19 11:09:00,4715.0700,4784.3400,4727.5100,69.2700,2026-03-19 23:57:00,4657.6900,收盤,57.2800,0.8269,21.5200,212.4500,12.8000,123.9650,0.4584,True,0.0081,0.3500,0.1000
2026-03-20,3,1,2026-03-20 04:34:00,4676.7100,4665.0800,4642.2000,34.5100,2026-03-20 13:56:00,4642.2000,停損,-34.6200,-1.0032,34.5100,59.0400,9.3667,146.0430,0.1567,False,0.0068,0.4286,0.1100
2026-03-20,4,1,2026-03-20 06:04:00,4707.2600,4699.5000,4639.2300,68.0300,2026-03-20 13:56:00,4639.2300,停損,-68.1500,-1.0018,68.0300,28.4900,7.8667,146.0430,0.4127,False,0.0068,0.3000,0.1200
2026-03-20,5,1,2026-03-20 06:09:00,4716.1300,4703.6800,4670.4000,45.7300,2026-03-20 09:38:00,4670.4000,停損,-45.8300,-1.0022,45.7300,19.6200,3.4833,146.0430,0.2279,False,0.0068,0.3000,0.1000
2026-03-20,9,1,2026-03-20 11:14:00,4716.2400,4701.0900,4661.3700,54.8700,2026-03-20 12:58:00,4661.3700,停損,-54.9700,-1.0018,54.8700,18.5400,1.7333,146.0430,0.2720,False,0.0068,0.1500,0.1000
2026-03-24,2,-1,2026-03-24 03:19:00,4411.8400,4448.3800,4421.8900,36.5400,2026-03-24 23:24:00,4448.3800,停損,-36.6600,-1.0033,36.5400,105.7200,20.0833,186.0820,0.1424,True,0.0107,0.5556,0.1200
2026-03-24,3,-1,2026-03-24 04:44:00,4321.6600,4446.6800,4331.5300,125.0200,2026-03-24 23:24:00,4446.6800,停損,-125.1200,-1.0008,125.0200,15.5400,18.6667,186.0820,0.6188,True,0.0107,0.3571,0.1000
2026-03-24,7,1,2026-03-24 09:09:00,4369.2900,4357.2800,4326.5500,42.7400,2026-03-24 23:57:00,4476.7800,收盤,107.3900,2.5126,17.7500,114.7000,14.8000,186.0820,0.1651,False,0.0054,0.5000,0.1000
2026-03-24,6,1,2026-03-24 09:24:00,4385.6500,4368.2500,4335.1100,50.5400,2026-03-24 23:57:00,4476.7800,收盤,91.0300,1.8011,34.1100,98.3400,14.5500,186.0820,0.1781,False,0.0054,0.4848,0.1000
2026-03-24,9,1,2026-03-24 10:09:00,4415.4200,4405.1800,4343.0000,72.4200,2026-03-24 23:57:00,4476.7800,收盤,61.2600,0.8459,63.8800,68.5700,13.8000,186.0820,0.3342,False,0.0054,0.4444,0.1000
2026-03-26,2,1,2026-03-26 03:49:00,4535.1100,4518.1700,4489.0400,46.0700,2026-03-26 08:30:00,4489.0400,停損,-46.1900,-1.0026,46.0700,9.1400,4.6833,199.0670,0.1463,True,0.0100,0.5455,0.1200
2026-03-26,5,-1,2026-03-26 08:29:00,4493.6700,4535.8400,4505.8100,42.1700,2026-03-26 23:57:00,4380.8400,收盤,112.7300,2.6732,2.1000,142.5100,15.4667,199.0670,0.1509,False,0.0251,0.4138,0.1000
2026-03-26,6,-1,2026-03-26 08:44:00,4483.1700,4518.9000,4500.0500,35.7300,2026-03-26 23:57:00,4380.8400,收盤,102.2300,2.8612,1.0700,132.0100,15.2167,199.0670,0.0947,False,0.0251,0.4000,0.1000
2026-03-26,8,-1,2026-03-26 09:14:00,4420.9800,4522.3000,4439.0700,101.3200,2026-03-26 23:57:00,4380.8400,收盤,40.0400,0.3952,58.3900,69.8200,14.7167,199.0670,0.4181,False,0.0251,0.3750,0.1000
2026-03-26,10,-1,2026-03-26 11:29:00,4428.4000,4463.9400,4439.0900,35.5400,2026-03-26 17:22:00,4463.9400,停損,-35.6400,-1.0028,35.5400,15.6000,5.8833,199.0670,0.1248,False,0.0251,0.2927,0.1000
2026-03-27,5,1,2026-03-27 08:34:00,4459.4100,4440.6200,4417.1200,42.2900,2026-03-27 13:42:00,4417.1200,停損,-42.4000,-1.0026,42.2900,15.7100,5.1333,204.7130,0.1148,False,0.0098,0.3667,0.1100
2026-03-27,7,1,2026-03-27 08:39:00,4473.8700,4449.5700,4431.4700,42.4000,2026-03-27 11:27:00,4431.4700,停損,-42.5100,-1.0026,42.4000,1.2500,2.8000,204.7130,0.0884,False,0.0098,0.3667,0.1100
2026-04-01,4,-1,2026-04-01 07:19:00,4668.9100,4724.2200,4681.5100,55.3100,2026-04-01 09:48:00,4724.2200,停損,-55.4100,-1.0018,55.3100,0.2500,2.4833,233.2240,0.1831,False,0.0086,0.4800,0.1000
2026-04-01,8,1,2026-04-01 09:49:00,4724.1400,4703.5100,4674.9300,49.2100,2026-04-01 23:57:00,4756.8100,收盤,32.5700,0.6619,14.4100,68.8300,14.1333,233.2240,0.1225,True,0.0086,0.0857,0.1000
2026-04-02,2,-1,2026-04-02 04:04:00,4744.2200,4800.3800,4773.6900,56.1600,2026-04-02 23:57:00,4675.7200,收盤,68.4000,1.2179,20.5300,190.0900,19.8833,225.4050,0.1184,False,0.0089,0.5000,0.1000
2026-04-02,6,-1,2026-04-02 07:44:00,4661.9000,4699.3800,4675.7600,37.4800,2026-04-02 17:43:00,4699.3800,停損,-37.5800,-1.0027,37.4800,107.7700,9.9833,225.4050,0.1048,False,0.0089,0.2308,0.1000
2026-04-02,5,-1,2026-04-02 08:44:00,4634.1800,4704.2200,4655.5600,70.0400,2026-04-02 23:57:00,4675.7200,收盤,-41.6400,-0.5945,65.5000,80.0500,15.2167,225.4050,0.2159,False,0.0089,0.2000,0.1000
2026-04-02,8,-1,2026-04-02 09:09:00,4567.9800,4680.5900,4586.1900,112.6100,2026-04-02 17:35:00,4680.5900,停損,-112.7100,-1.0009,112.6100,13.8500,8.4333,225.4050,0.4188,False,0.0089,0.1875,0.1000
2026-04-16,5,1,2026-04-16 08:04:00,4836.5400,4825.0200,4812.4900,24.0500,2026-04-16 11:05:00,4812.4900,停損,-24.1800,-1.0054,24.0500,1.7900,3.0167,205.5910,0.0609,False,0.0097,0.0000,0.1300
2026-04-17,5,1,2026-04-17 07:59:00,4803.2500,4794.7000,4784.5500,18.7000,2026-04-17 09:21:00,4784.5500,停損,-18.8300,-1.0070,18.7000,3.0100,1.3667,168.3730,0.0603,False,0.0000,0.5185,0.1300
2026-04-21,2,-1,2026-04-21 04:54:00,4809.6800,4831.8000,4819.9000,22.1200,2026-04-21 23:57:00,4718.8100,收盤,90.7400,4.1022,0.9400,141.1800,19.0500,157.6310,0.0755,False,0.0063,0.0667,0.1300
2026-04-21,3,-1,2026-04-21 05:04:00,4807.1200,4830.8200,4816.9800,23.7000,2026-04-21 23:57:00,4718.8100,收盤,88.1800,3.7207,3.3100,138.6200,18.8833,157.6310,0.0878,False,0.0063,0.0625,0.1300
2026-04-21,4,-1,2026-04-21 06:19:00,4797.7500,4824.6400,4805.8500,26.8900,2026-04-21 23:57:00,4718.8100,收盤,78.8100,2.9308,2.2400,129.2500,17.6333,157.6310,0.1192,False,0.0063,0.0476,0.1300
2026-04-21,5,-1,2026-04-21 06:24:00,4794.3600,4810.4400,4802.6200,16.0800,2026-04-21 23:57:00,4718.8100,收盤,75.4200,4.6903,5.6300,125.8600,17.5500,157.6310,0.0496,False,0.0063,0.0476,0.1300
2026-04-21,6,-1,2026-04-21 08:59:00,4784.1400,4807.6500,4792.6900,23.5100,2026-04-21 23:57:00,4718.8100,收盤,65.2000,2.7733,13.8600,115.6400,14.9667,157.6310,0.0949,False,0.0063,0.0323,0.1300
2026-04-21,7,-1,2026-04-21 09:19:00,4780.5500,4797.9100,4788.7900,17.3600,2026-04-21 14:48:00,4797.9100,停損,-17.4900,-1.0075,17.3600,7.7300,5.4833,157.6310,0.0579,False,0.0063,0.0303,0.1300
2026-04-21,8,-1,2026-04-21 10:04:00,4774.7200,4796.9800,4783.3600,22.2600,2026-04-21 14:48:00,4796.9800,停損,-22.3900,-1.0058,22.2600,0.1000,4.7333,157.6310,0.0864,False,0.0063,0.0278,0.1300
2026-04-22,2,1,2026-04-22 04:34:00,4748.3300,4740.5700,4718.1200,30.2100,2026-04-22 23:57:00,4739.4500,收盤,-9.0100,-0.2982,24.4000,24.0100,19.3833,154.7740,0.1451,False,0.0065,0.2143,0.1300
2026-04-22,3,1,2026-04-22 05:14:00,4755.6900,4747.4000,4738.0700,17.6200,2026-04-22 16:17:00,4738.0700,停損,-17.7500,-1.0074,17.6200,16.6500,11.0500,154.7740,0.0603,False,0.0065,0.1875,0.1300
2026-04-22,4,1,2026-04-22 06:29:00,4763.1800,4754.7000,4735.9800,27.2000,2026-04-22 17:32:00,4735.9800,停損,-27.3300,-1.0048,27.2000,9.1600,11.0500,154.7740,0.1210,False,0.0065,0.1429,0.1300
2026-04-22,5,1,2026-04-22 08:19:00,4768.5700,4758.7500,4750.1500,18.4200,2026-04-22 13:03:00,4750.1500,停損,-18.5500,-1.0071,18.4200,3.7700,4.7333,154.7740,0.0556,False,0.0065,0.1034,0.1300
2026-04-23,9,-1,2026-04-23 12:04:00,4696.8200,4721.2800,4708.5800,24.4600,2026-04-23 15:00:00,4721.2800,停損,-24.5900,-1.0053,24.4600,12.4900,2.9333,142.4640,0.0891,False,0.0140,0.2500,0.1300
2026-04-23,10,-1,2026-04-23 12:09:00,4695.4800,4720.5500,4703.0800,25.0700,2026-04-23 14:59:00,4720.5500,停損,-25.2000,-1.0052,25.0700,11.1500,2.8333,142.4640,0.1226,False,0.0140,0.2500,0.1300
2026-04-24,2,1,2026-04-24 04:14:00,4709.4100,4700.8200,4686.9900,22.4200,2026-04-24 05:24:00,4686.9900,停損,-22.5500,-1.0058,22.4200,1.7100,1.1667,135.3270,0.1022,False,0.0222,0.4167,0.1300
2026-04-24,5,-1,2026-04-24 07:24:00,4661.7700,4700.6900,4673.2200,38.9200,2026-04-24 14:07:00,4700.6900,停損,-39.0500,-1.0033,38.9200,3.9500,6.7167,135.3270,0.2030,True,0.0074,0.5200,0.1300
2026-04-24,9,1,2026-04-24 12:14:00,4695.3600,4688.0600,4666.8500,28.5100,2026-04-24 23:56:00,4707.4000,收盤,11.9100,0.4177,20.6700,44.9500,11.7000,135.3270,0.1567,False,0.0148,0.5909,0.1300
2026-04-28,9,-1,2026-04-28 12:24:00,4616.1500,4642.9700,4623.4100,26.8200,2026-04-28 23:57:00,4596.4800,收盤,19.5400,0.7286,3.0000,61.1900,11.5500,116.2870,0.1682,True,0.0172,0.1778,0.1300
2026-04-28,10,-1,2026-04-28 12:34:00,4611.8500,4639.4300,4620.6500,27.5800,2026-04-28 23:57:00,4596.4800,收盤,15.2400,0.5526,4.7200,56.8900,11.3833,116.2870,0.1615,True,0.0172,0.1739,0.1300
2026-04-29,8,-1,2026-04-29 09:24:00,4584.7000,4607.7300,4590.8000,23.0300,2026-04-29 23:57:00,4543.5100,收盤,41.0600,1.7829,4.2000,74.4500,14.5500,106.3080,0.1593,True,0.0282,0.2424,0.1300
2026-04-29,9,-1,2026-04-29 10:29:00,4575.2600,4598.6900,4580.8500,23.4300,2026-04-29 23:57:00,4543.5100,收盤,31.6200,1.3496,5.5300,65.0100,13.4667,106.3080,0.1678,True,0.0282,0.2162,0.1300
2026-04-29,10,-1,2026-04-29 12:44:00,4559.0000,4588.9000,4567.3100,29.9000,2026-04-29 23:57:00,4543.5100,收盤,15.3600,0.5137,17.6300,48.7500,11.2167,106.3080,0.2031,True,0.0282,0.1739,0.1300
2026-04-30,5,-1,2026-04-30 07:04:00,4553.5300,4581.9400,4559.9300,28.4100,2026-04-30 09:52:00,4581.9400,停損,-28.5400,-1.0046,28.4100,12.6400,2.8000,98.4530,0.2236,True,0.0102,0.6250,0.1300
2026-04-30,6,-1,2026-04-30 07:24:00,4550.1400,4569.1300,4555.7500,18.9900,2026-04-30 08:51:00,4569.1300,停損,-19.1200,-1.0068,18.9900,9.2500,1.4500,98.4530,0.1359,True,0.0102,0.6000,0.1300
2026-04-30,7,1,2026-04-30 08:34:00,4562.3000,4557.0100,4540.8900,21.4100,2026-04-30 23:57:00,4620.6200,收盤,58.1900,2.7179,2.1000,84.5900,15.3833,98.4530,0.1637,False,0.0102,0.0000,0.1300
2026-04-30,8,1,2026-04-30 09:34:00,4577.0300,4569.6400,4541.9700,35.0600,2026-04-30 23:57:00,4620.6200,收盤,43.4600,1.2396,4.9000,69.8600,14.3833,98.4530,0.2810,False,0.0102,0.0000,0.1300
2026-04-30,9,1,2026-04-30 10:44:00,4596.7500,4591.5900,4560.2000,36.5500,2026-04-30 23:57:00,4620.6200,收盤,23.7400,0.6495,3.2500,50.1400,13.2167,98.4530,0.3188,False,0.0102,0.0000,0.1300
2026-04-30,10,1,2026-04-30 11:04:00,4626.4600,4605.5000,4584.8800,41.5800,2026-04-30 23:57:00,4620.6200,收盤,-5.9700,-0.1436,21.0400,20.4300,12.8833,98.4530,0.2094,False,0.0102,0.0000,0.1300
2026-05-01,2,-1,2026-05-01 03:39:00,4621.1200,4634.0400,4626.3900,12.9200,2026-05-01 05:12:00,4634.0400,停損,-13.0500,-1.0101,12.9200,7.1700,1.5500,102.6920,0.0745,False,0.0097,0.0000,0.1300
2026-05-01,5,-1,2026-05-01 07:49:00,4610.8800,4636.0200,4616.5700,25.1400,2026-05-01 17:00:00,4636.0200,停損,-25.2700,-1.0052,25.1400,50.5600,9.1833,102.6920,0.1894,False,0.0097,0.6296,0.1300
2026-05-01,7,-1,2026-05-01 09:09:00,4603.0200,4628.7300,4609.2200,25.7100,2026-05-01 16:55:00,4628.7300,停損,-25.8400,-1.0051,25.7100,42.7000,7.7667,102.6920,0.1900,False,0.0097,0.5312,0.1300
2026-05-01,8,-1,2026-05-01 09:19:00,4596.8600,4616.1700,4602.9800,19.3100,2026-05-01 16:54:00,4616.1700,停損,-19.4400,-1.0067,19.3100,36.5400,7.5833,102.6920,0.1284,False,0.0097,0.5152,0.1300
2026-05-01,9,-1,2026-05-01 10:39:00,4584.9600,4607.8600,4590.8700,22.9000,2026-05-01 16:41:00,4607.8600,停損,-23.0300,-1.0057,22.9000,24.6400,6.0333,102.6920,0.1654,False,0.0097,0.4474,0.1300
2026-05-01,10,-1,2026-05-01 11:24:00,4568.7700,4598.1000,4575.9200,29.3300,2026-05-01 15:24:00,4598.1000,停損,-29.4600,-1.0044,29.3300,8.4500,4.0000,102.6920,0.2160,False,0.0097,0.4146,0.1300
2026-05-05,2,1,2026-05-05 03:14:00,4527.9700,4521.6000,4516.2200,11.7500,2026-05-05 03:27:00,4516.2200,停損,-11.8800,-1.0111,11.7500,0.0000,0.2167,104.6920,0.0514,False,0.0096,0.3750,0.1300
2026-05-05,7,1,2026-05-05 08:09:00,4543.1100,4536.6500,4528.0600,15.0500,2026-05-05 23:57:00,4556.2600,收盤,13.0200,0.8651,9.2800,43.4900,15.8000,104.6920,0.0821,False,0.0191,0.3214,0.1300
2026-05-05,6,1,2026-05-05 08:39:00,4548.4500,4542.7100,4532.4700,15.9800,2026-05-05 23:57:00,4556.2600,收盤,7.6800,0.4806,14.6200,38.1500,15.3000,104.6920,0.0978,False,0.0191,0.3000,0.1300
2026-05-05,8,1,2026-05-05 11:54:00,4557.2400,4551.7000,4531.5300,25.7100,2026-05-05 23:57:00,4556.2600,收盤,-1.1100,-0.0432,17.3300,29.3600,12.0500,104.6920,0.1927,False,0.0191,0.2093,0.1300
2026-05-05,9,1,2026-05-05 11:59:00,4558.4000,4552.0800,4533.8300,24.5700,2026-05-05 23:57:00,4556.2600,收盤,-2.2700,-0.0924,18.4900,28.2000,11.9667,104.6920,0.1743,False,0.0191,0.2093,0.1300
2026-05-06,2,1,2026-05-06 03:24:00,4602.4500,4595.7400,4569.5400,32.9100,2026-05-06 23:57:00,4690.6600,收盤,88.0800,2.6764,2.4100,120.5000,20.5500,95.5360,0.2742,True,0.0000,0.2222,0.1300
2026-05-06,3,1,2026-05-06 04:29:00,4624.9900,4619.8200,4588.2900,36.7000,2026-05-06 23:57:00,4690.6600,收盤,65.5400,1.7858,4.5600,97.9600,19.4667,95.5360,0.3300,True,0.0000,0.1538,0.1300
2026-05-06,4,1,2026-05-06 05:14:00,4633.4200,4628.6400,4609.5800,23.8400,2026-05-06 23:57:00,4690.6600,收盤,57.1100,2.3956,6.5800,89.5300,18.7167,95.5360,0.1995,True,0.0000,0.1250,0.1300
2026-05-06,5,1,2026-05-06 06:14:00,4647.8100,4641.9000,4625.3600,22.4500,2026-05-06 23:57:00,4690.6600,收盤,42.7200,1.9029,5.1500,75.1400,17.7167,95.5360,0.1731,True,0.0000,0.1000,0.1300
2026-05-06,6,1,2026-05-06 08:59:00,4663.0000,4652.0700,4638.6200,24.3800,2026-05-06 23:57:00,4690.6600,收盤,27.5300,1.1292,5.8600,59.9500,14.9667,95.5360,0.1408,True,0.0000,0.0645,0.1300
2026-05-06,8,1,2026-05-06 09:59:00,4669.2600,4663.8500,4644.6700,24.5900,2026-05-06 23:57:00,4690.6600,收盤,21.2700,0.8650,11.7800,53.6900,13.9667,95.5360,0.2008,True,0.0000,0.0571,0.1300
2026-05-06,9,1,2026-05-06 10:49:00,4675.3300,4669.5900,4657.1400,18.1900,2026-05-06 23:57:00,4690.6600,收盤,15.2000,0.8356,14.8100,47.6200,13.1333,95.5360,0.1303,True,0.0000,0.0513,0.1300
2026-05-06,10,1,2026-05-06 11:54:00,4697.4200,4681.8400,4657.4800,39.9400,2026-05-06 23:57:00,4690.6600,收盤,-6.8900,-0.1725,36.9000,25.5300,12.0500,95.5360,0.2550,True,0.0000,0.0465,0.1300
2026-05-07,5,-1,2026-05-07 07:34:00,4693.7900,4718.5500,4699.9500,24.7600,2026-05-07 09:31:00,4718.5500,停損,-24.8900,-1.0053,24.7600,1.2700,1.9500,107.5280,0.1730,False,0.0279,0.5769,0.1300
2026-05-13,3,-1,2026-05-13 04:19:00,4706.5900,4726.8500,4714.1700,20.2600,2026-05-13 23:57:00,4688.6800,收盤,17.7800,0.8776,8.8500,37.1100,19.6333,108.1630,0.1172,True,0.0000,0.6154,0.1300
2026-05-13,4,-1,2026-05-13 05:39:00,4695.0000,4717.0800,4701.1800,22.0800,2026-05-13 23:57:00,4688.6800,收盤,6.1900,0.2803,20.4400,25.5200,18.3000,108.1630,0.1470,True,0.0000,0.4444,0.1300
2026-05-13,7,1,2026-05-13 09:04:00,4709.7200,4703.4300,4695.5200,14.2000,2026-05-13 11:26:00,4695.5200,停損,-14.3300,-1.0092,14.2000,5.7200,2.3667,108.1630,0.0731,False,0.0092,0.5938,0.1300
2026-05-13,6,1,2026-05-13 09:19:00,4712.9700,4705.9300,4688.9300,24.0400,2026-05-13 12:22:00,4688.9300,停損,-24.1700,-1.0054,24.0400,0.7700,3.0500,108.1630,0.1572,False,0.0092,0.5758,0.1300
2026-05-13,9,-1,2026-05-13 12:19:00,4690.7000,4715.4400,4699.1900,24.7400,2026-05-13 23:57:00,4688.6800,收盤,1.8900,0.0764,19.8300,21.2200,11.6333,108.1630,0.1502,True,0.0000,0.1778,0.1300
2026-05-14,3,-1,2026-05-14 05:49:00,4682.7300,4706.8900,4689.5700,24.1600,2026-05-14 07:27:00,4706.8900,停損,-24.2900,-1.0054,24.1600,13.9800,1.6333,103.8910,0.1667,True,0.0096,0.6316,0.1300
2026-05-14,4,-1,2026-05-14 06:44:00,4676.3700,4707.0200,4683.6300,30.6500,2026-05-14 07:27:00,4707.0200,停損,-30.7800,-1.0042,30.6500,7.6200,0.7167,103.8910,0.2251,True,0.0096,0.5455,0.1300
2026-05-14,5,-1,2026-05-14 07:04:00,4672.7900,4699.6900,4680.0300,26.9000,2026-05-14 07:25:00,4699.6900,停損,-27.0300,-1.0048,26.9000,0.4700,0.3500,103.8910,0.1892,True,0.0096,0.5000,0.1300
2026-05-15,2,-1,2026-05-15 03:29:00,4629.8800,4665.3600,4646.9800,35.4800,2026-05-15 23:56:00,4538.6300,收盤,91.1200,2.5682,1.6800,118.0800,20.4500,100.5840,0.1827,True,0.0099,0.6667,0.1300
2026-05-15,5,-1,2026-05-15 08:04:00,4600.1000,4623.4900,4609.4000,23.3900,2026-05-15 23:56:00,4538.6300,收盤,61.3400,2.6225,1.2800,88.3000,15.8667,100.5840,0.1401,True,0.0099,0.2143,0.1300
2026-05-15,7,-1,2026-05-15 08:09:00,4593.2100,4621.6100,4604.4200,28.4000,2026-05-15 23:56:00,4538.6300,收盤,54.4500,1.9173,2.2000,81.4100,15.7833,100.5840,0.1709,True,0.0099,0.2143,0.1300
2026-05-15,10,-1,2026-05-15 11:19:00,4556.8400,4588.7200,4566.0100,31.8800,2026-05-15 23:56:00,4538.6300,收盤,18.0800,0.5671,15.7100,45.0400,12.6167,100.5840,0.2258,True,0.0099,0.1463,0.1300
2026-05-19,3,-1,2026-05-19 04:24:00,4555.8300,4589.2700,4561.3200,33.4400,2026-05-19 23:57:00,4481.9500,收盤,73.7500,2.2054,16.5200,90.9000,19.5500,102.6340,0.2723,False,0.0097,0.6154,0.1300
2026-05-19,4,-1,2026-05-19 05:59:00,4547.1600,4572.3500,4554.2000,25.1900,2026-05-19 23:57:00,4481.9500,收盤,65.0800,2.5836,12.2100,82.2300,17.9667,102.6340,0.1768,False,0.0097,0.4211,0.1300
2026-05-19,5,-1,2026-05-19 07:14:00,4540.2400,4563.9000,4546.0300,23.6600,2026-05-19 23:57:00,4481.9500,收盤,58.1600,2.4582,19.1300,75.3100,16.7167,102.6340,0.1741,False,0.0097,0.3333,0.1300
2026-05-19,6,-1,2026-05-19 08:24:00,4535.4200,4555.0600,4543.7500,19.6400,2026-05-19 10:09:00,4555.0600,停損,-19.7700,-1.0066,19.6400,2.3900,1.7500,102.6340,0.1102,False,0.0097,0.2759,0.1300
2026-05-19,10,-1,2026-05-19 13:44:00,4529.2100,4559.3700,4541.4300,30.1600,2026-05-19 23:57:00,4481.9500,收盤,47.1300,1.5627,18.7500,64.2800,10.2167,102.6340,0.1748,False,0.0097,0.1600,0.1300
2026-05-20,2,1,2026-05-20 03:29:00,4502.0400,4496.4300,4479.8800,22.1600,2026-05-20 04:27:00,4479.8800,停損,-22.2900,-1.0059,22.1600,6.8200,0.9667,107.7720,0.1536,False,0.0093,0.2222,0.1300
2026-05-20,6,1,2026-05-20 08:34:00,4477.0800,4467.1800,4453.6400,23.4400,2026-05-20 23:57:00,4543.8300,收盤,66.6200,2.8422,15.6000,75.6700,15.3833,107.7720,0.1256,False,0.0278,0.6667,0.1300
2026-05-20,9,1,2026-05-20 11:24:00,4484.3400,4478.4700,4461.4800,22.8600,2026-05-20 23:57:00,4543.8300,收盤,59.3600,2.5967,17.2200,68.4100,12.5500,107.7720,0.1576,False,0.0278,0.4878,0.1300
2026-05-20,8,1,2026-05-20 11:29:00,4486.0900,4478.9900,4461.7100,24.3800,2026-05-20 23:57:00,4543.8300,收盤,57.6100,2.3630,18.9700,66.6600,12.4667,107.7720,0.1603,False,0.0278,0.4878,0.1300
2026-05-20,10,1,2026-05-20 13:24:00,4491.5400,4486.0300,4472.0400,19.5000,2026-05-20 17:12:00,4472.0400,停損,-19.6300,-1.0067,19.5000,14.7100,3.8000,107.7720,0.1298,False,0.0278,0.4082,0.1300
2026-05-21,2,1,2026-05-21 04:14:00,4559.9200,4547.3300,4534.6600,25.2600,2026-05-21 05:33:00,4534.6600,停損,-25.3900,-1.0051,25.2600,10.8100,1.3167,100.0220,0.1267,True,0.0100,0.4167,0.1300
2026-05-21,5,-1,2026-05-21 08:24:00,4525.0700,4564.9400,4531.5500,39.8700,2026-05-21 23:57:00,4542.6200,收盤,-17.6800,-0.4434,34.2900,36.4300,15.5500,100.0220,0.3338,False,0.0200,0.4828,0.1300
2026-05-21,6,-1,2026-05-21 09:59:00,4521.5900,4540.3000,4527.2500,18.7100,2026-05-21 12:13:00,4540.3000,停損,-18.8400,-1.0069,18.7100,9.5400,2.2333,100.0220,0.1305,False,0.0200,0.4000,0.1300
2026-05-21,8,-1,2026-05-21 10:29:00,4512.9300,4540.3500,4518.5400,27.4200,2026-05-21 12:13:00,4540.3500,停損,-27.5500,-1.0047,27.4200,0.8000,1.7333,100.0220,0.2181,False,0.0200,0.3784,0.1300
2026-05-22,2,-1,2026-05-22 03:59:00,4526.7800,4545.1400,4532.6600,18.3600,2026-05-22 23:56:00,4508.0100,收盤,18.6400,1.0153,10.1000,34.9000,19.9500,100.2840,0.1244,True,0.0100,0.0000,0.1300
2026-05-22,3,-1,2026-05-22 05:34:00,4520.1100,4541.1000,4525.7000,20.9900,2026-05-22 23:56:00,4508.0100,收盤,11.9700,0.5703,16.7700,28.2300,18.3667,100.2840,0.1536,True,0.0100,0.0000,0.1300
2026-05-26,2,-1,2026-05-26 03:09:00,4549.7100,4580.1600,4555.2000,30.4500,2026-05-26 23:57:00,4507.1000,收盤,42.4800,1.3951,3.7800,67.1200,20.8000,95.6110,0.2611,False,0.0105,0.6250,0.1300
2026-05-26,3,-1,2026-05-26 04:39:00,4529.7200,4560.0700,4539.6400,30.3500,2026-05-26 23:57:00,4507.1000,收盤,22.4900,0.7410,15.7100,47.1300,19.3000,95.6110,0.2137,False,0.0105,0.3571,0.1300
2026-05-26,6,-1,2026-05-26 07:44:00,4526.2500,4545.4300,4532.1200,19.1800,2026-05-26 23:57:00,4507.1000,收盤,19.0200,0.9917,14.3000,43.6600,16.2167,95.6110,0.1392,False,0.0105,0.1923,0.1300
2026-05-26,9,-1,2026-05-26 11:34:00,4521.3900,4536.2200,4527.1200,14.8300,2026-05-26 13:34:00,4536.2200,停損,-14.9600,-1.0088,14.8300,9.2600,2.0000,95.6110,0.0952,False,0.0105,0.1190,0.1300
2026-05-26,10,-1,2026-05-26 12:39:00,4516.7600,4539.0200,4521.7300,22.2600,2026-05-26 13:50:00,4539.0200,停損,-22.3900,-1.0058,22.2600,4.6300,1.1833,95.6110,0.1808,False,0.0105,0.1087,0.1300
2026-05-28,9,1,2026-05-28 12:29:00,4396.4800,4390.6900,4374.3500,22.1300,2026-05-28 23:57:00,4496.3600,收盤,99.7500,4.5075,21.0600,120.0800,11.4667,99.8400,0.1637,False,0.0100,0.5556,0.1300
2026-05-28,10,1,2026-05-28 13:09:00,4401.4500,4396.3300,4382.9700,18.4800,2026-05-28 13:49:00,4382.9700,停損,-18.6100,-1.0070,18.4800,2.7200,0.6667,99.8400,0.1338,False,0.0100,0.5208,0.1300
2026-05-29,7,1,2026-05-29 09:54:00,4522.0500,4514.8600,4501.0900,20.9600,2026-05-29 23:56:00,4541.2200,收盤,19.0400,0.9084,12.0100,73.2800,14.0333,107.4040,0.1282,True,0.0000,0.2000,0.1300
2026-05-29,9,1,2026-05-29 12:44:00,4532.4600,4524.0800,4510.1500,22.3100,2026-05-29 23:56:00,4541.2200,收盤,8.6300,0.3868,19.6700,62.8700,11.2000,107.4040,0.1297,True,0.0000,0.1522,0.1300
2026-06-03,2,1,2026-06-03 03:44:00,4495.8800,4488.6900,4462.2700,33.6100,2026-06-03 08:30:00,4462.2700,停損,-33.7400,-1.0039,33.6100,0.1200,4.7667,97.5340,0.2709,True,0.0000,0.5000,0.1300
2026-06-03,6,-1,2026-06-03 07:34:00,4474.8000,4487.6000,4481.9100,12.8000,2026-06-03 23:57:00,4433.9900,收盤,40.6800,3.1781,0.6900,48.4000,16.3833,97.5340,0.0583,False,0.0000,0.3846,0.1300
2026-06-03,5,-1,2026-06-03 08:34:00,4465.0600,4485.1400,4472.8600,20.0800,2026-06-03 23:57:00,4433.9900,收盤,30.9400,1.5408,7.1600,38.6600,15.3833,97.5340,0.1259,False,0.0000,0.3333,0.1300
2026-06-03,7,-1,2026-06-03 08:44:00,4462.0100,4488.1800,4468.3600,26.1700,2026-06-03 23:57:00,4433.9900,收盤,27.8900,1.0657,10.2100,35.6100,15.2167,97.5340,0.2032,False,0.0000,0.3333,0.1300
2026-06-03,8,-1,2026-06-03 11:24:00,4451.4800,4474.2200,4456.7000,22.7400,2026-06-03 23:57:00,4433.9900,收盤,17.3600,0.7634,16.5800,25.0800,12.5500,97.5340,0.1796,False,0.0000,0.2439,0.1300
2026-06-03,9,-1,2026-06-03 11:54:00,4444.8800,4470.9100,4455.3300,26.0300,2026-06-03 23:57:00,4433.9900,收盤,10.7600,0.4134,23.1800,18.4800,12.0500,97.5340,0.1597,False,0.0000,0.2326,0.1300
2026-06-05,2,-1,2026-06-05 03:14:00,4455.3300,4474.0600,4460.6300,18.7300,2026-06-05 14:51:00,4474.0600,停損,-18.8600,-1.0069,18.7300,26.4800,11.6167,95.5940,0.1405,False,0.0105,0.2500,0.1300
2026-06-05,3,-1,2026-06-05 05:34:00,4444.9500,4466.9200,4450.7000,21.9700,2026-06-05 10:29:00,4466.9200,停損,-22.1000,-1.0059,21.9700,16.1000,4.9167,95.5940,0.1697,False,0.0105,0.1111,0.1300
2026-06-05,4,-1,2026-06-05 06:04:00,4438.5000,4470.0100,4444.1600,31.5100,2026-06-05 14:51:00,4470.0100,停損,-31.6400,-1.0041,31.5100,9.6500,8.7833,95.5940,0.2704,False,0.0105,0.1000,0.1300
2026-06-09,2,1,2026-06-09 04:29:00,4335.4600,4328.9000,4313.0200,22.4400,2026-06-09 17:17:00,4313.0200,停損,-22.5700,-1.0058,22.4400,27.9900,12.8000,108.4360,0.1464,False,0.0184,0.5385,0.1300
2026-06-09,5,1,2026-06-09 08:44:00,4348.2000,4340.9900,4328.2800,19.9200,2026-06-09 10:14:00,4328.2800,停損,-20.0500,-1.0065,19.9200,0.8900,1.5000,108.4360,0.1172,False,0.0184,0.2333,0.1300
2026-06-10,2,-1,2026-06-10 03:44:00,4204.3500,4247.2600,4210.5100,42.9100,2026-06-10 23:57:00,4070.5000,收盤,133.7200,3.1163,17.5100,137.2000,20.2167,111.3590,0.3300,True,0.0000,0.0000,0.1300
2026-06-10,3,-1,2026-06-10 04:44:00,4187.2400,4228.3600,4199.2000,41.1200,2026-06-10 23:57:00,4070.5000,收盤,116.6100,2.8358,34.6200,120.0900,19.2167,111.3590,0.2619,True,0.0000,0.0000,0.1300
2026-06-10,4,-1,2026-06-10 05:54:00,4175.1200,4218.8800,4183.8300,43.7600,2026-06-10 09:07:00,4218.8800,停損,-43.8900,-1.0030,43.7600,2.5300,3.2167,111.3590,0.3147,True,0.0000,0.0000,0.1300
2026-06-10,9,-1,2026-06-10 10:29:00,4194.9200,4221.8600,4201.8400,26.9400,2026-06-10 23:57:00,4070.5000,收盤,124.2900,4.6136,2.2200,127.7700,13.4667,111.3590,0.1798,True,0.0000,0.0000,0.1300
2026-06-10,8,-1,2026-06-10 11:04:00,4164.2200,4209.0600,4173.5500,44.8400,2026-06-10 23:57:00,4070.5000,收盤,93.5900,2.0872,22.0700,97.0700,12.8833,111.3590,0.3189,True,0.0000,0.0000,0.1300
2026-06-11,2,1,2026-06-11 03:49:00,4071.4000,4064.5800,4023.8100,47.5900,2026-06-11 23:57:00,4211.4000,收盤,139.8700,2.9391,18.8100,148.6500,20.1333,116.9540,0.3486,False,0.0171,0.3636,0.1300
2026-06-11,3,1,2026-06-11 04:14:00,4086.8400,4078.0900,4036.1000,50.7400,2026-06-11 23:57:00,4211.4000,收盤,124.4300,2.4523,34.2500,133.2100,19.7167,116.9540,0.3590,False,0.0171,0.3333,0.1300
2026-06-11,6,1,2026-06-11 08:34:00,4095.2000,4078.5100,4057.0200,38.1800,2026-06-11 17:11:00,4057.0200,停損,-38.3100,-1.0034,38.1800,17.4700,8.6167,116.9540,0.1837,False,0.0171,0.1333,0.1300
2026-06-11,9,1,2026-06-11 10:19:00,4104.9900,4097.5300,4076.4100,28.5800,2026-06-11 15:10:00,4076.4100,停損,-28.7100,-1.0045,28.5800,7.6800,4.8500,116.9540,0.1806,False,0.0171,0.1081,0.1300
2026-06-11,10,-1,2026-06-11 11:59:00,4084.5700,4110.5900,4091.8700,26.0200,2026-06-11 20:30:00,4110.5900,停損,-26.1500,-1.0050,26.0200,31.6300,8.5167,116.9540,0.1601,True,0.0086,0.3256,0.1300
2026-06-12,2,-1,2026-06-12 03:44:00,4203.9400,4245.8300,4214.2700,41.8900,2026-06-12 23:56:00,4218.6500,收盤,-14.8400,-0.3543,31.6500,33.6800,20.2000,121.5640,0.2596,False,0.0082,0.3000,0.1300
2026-06-12,3,-1,2026-06-12 04:04:00,4184.9100,4230.5300,4200.8600,45.6200,2026-06-12 18:25:00,4230.5300,停損,-45.7500,-1.0028,45.6200,14.6500,14.3500,121.5640,0.2441,False,0.0082,0.2500,0.1300
2026-06-12,6,-1,2026-06-12 08:34:00,4180.2500,4204.9300,4189.6500,24.6800,2026-06-12 11:13:00,4204.9300,停損,-24.8100,-1.0053,24.6800,9.9900,2.6500,121.5640,0.1257,False,0.0082,0.1000,0.1300
2026-06-12,5,-1,2026-06-12 08:39:00,4174.9100,4200.1000,4182.7900,25.1900,2026-06-12 11:02:00,4200.1000,停損,-25.3200,-1.0052,25.1900,4.6500,2.3833,121.5640,0.1424,False,0.0082,0.1000,0.1300
2026-06-16,8,1,2026-06-16 11:09:00,4339.1500,4330.8500,4314.3900,24.7600,2026-06-16 17:34:00,4314.3900,停損,-24.8900,-1.0053,24.7600,15.7400,6.4167,123.7700,0.1330,True,0.0081,0.0250,0.1300
2026-06-17,4,-1,2026-06-17 07:29:00,4324.6000,4349.6900,4334.4300,25.0900,2026-06-17 17:23:00,4349.6900,停損,-25.2200,-1.0052,25.0900,6.8800,9.9000,120.8100,0.1263,False,0.0166,0.4800,0.1300
2026-06-17,5,-1,2026-06-17 07:34:00,4318.0900,4344.4400,4329.8100,26.3500,2026-06-17 16:52:00,4344.4400,停損,-26.4800,-1.0049,26.3500,0.3600,9.3000,120.8100,0.1211,False,0.0166,0.4615,0.1300
2026-06-18,5,-1,2026-06-18 08:49:00,4303.0300,4329.8700,4310.4800,26.8400,2026-06-18 23:57:00,4208.1500,收盤,94.7500,3.5302,7.1100,101.4400,15.1333,130.0960,0.1490,True,0.0000,0.5161,0.1300
2026-06-18,8,-1,2026-06-18 10:39:00,4294.4300,4324.7000,4301.2800,30.2700,2026-06-18 23:57:00,4208.1500,收盤,86.1500,2.8461,4.3600,92.8400,13.3000,130.0960,0.1800,True,0.0000,0.4211,0.1300
2026-06-18,10,-1,2026-06-18 11:49:00,4279.2600,4309.4700,4287.4800,30.2100,2026-06-18 23:57:00,4208.1500,收盤,70.9800,2.3496,0.0700,77.6700,12.1333,130.0960,0.1690,True,0.0000,0.3721,0.1300
2026-06-19,2,-1,2026-06-19 05:14:00,4179.9600,4208.3500,4186.8900,28.3900,2026-06-19 19:59:00,4155.5700,收盤,24.2600,0.8545,3.7200,58.1400,14.7500,133.7790,0.1604,True,0.0224,0.0000,0.1300
2026-06-19,6,-1,2026-06-19 07:44:00,4135.4100,4177.2900,4146.2900,41.8800,2026-06-19 11:25:00,4177.2900,停損,-42.0100,-1.0031,41.8800,13.5900,3.6833,133.7790,0.2317,True,0.0224,0.0000,0.1300
2026-06-23,4,-1,2026-06-23 06:04:00,4142.3300,4198.3800,4150.1700,56.0500,2026-06-23 23:57:00,4109.6700,收盤,32.5300,0.5804,4.6400,51.4400,17.8833,125.9210,0.3829,False,0.0238,0.6000,0.1300
2026-06-23,5,-1,2026-06-23 06:19:00,4133.2600,4163.5100,4146.6500,30.2500,2026-06-23 23:57:00,4109.6700,收盤,23.4600,0.7755,13.7100,42.3700,17.6333,125.9210,0.1339,False,0.0238,0.5714,0.1300
2026-06-23,6,-1,2026-06-23 07:59:00,4118.1900,4149.7000,4130.9000,31.5100,2026-06-23 23:57:00,4109.6700,收盤,8.3900,0.2663,26.9200,27.3000,15.9667,125.9210,0.1493,False,0.0238,0.4444,0.1300
2026-06-23,7,-1,2026-06-23 10:44:00,4104.9700,4146.9700,4114.8900,42.0000,2026-06-23 23:57:00,4109.6700,收盤,-4.8300,-0.1150,40.1400,14.0800,13.2167,125.9210,0.2548,False,0.0238,0.3158,0.1300
2026-06-23,9,-1,2026-06-23 10:54:00,4100.6800,4126.9500,4110.3900,26.2700,2026-06-23 13:00:00,4126.9500,停損,-26.4000,-1.0049,26.2700,9.7900,2.1000,125.9210,0.1315,False,0.0238,0.3077,0.1300
2026-06-24,2,-1,2026-06-24 04:04:00,4073.5500,4104.4300,4080.9200,30.8800,2026-06-24 23:57:00,4001.0200,收盤,72.4000,2.3446,28.7400,114.3000,19.8833,123.9900,0.1896,True,0.0000,0.0833,0.1300
2026-06-24,4,-1,2026-06-24 05:39:00,4060.7700,4102.2900,4068.5400,41.5200,2026-06-24 23:57:00,4001.0200,收盤,59.6200,1.4359,36.8200,101.5200,18.3000,123.9900,0.2722,True,0.0000,0.0556,0.1300
2026-06-24,8,1,2026-06-24 09:14:00,4096.0100,4086.2000,4060.8100,35.2000,2026-06-24 13:02:00,4060.8100,停損,-35.3300,-1.0037,35.2000,1.5800,3.8000,123.9900,0.2048,False,0.0161,0.6562,0.1300
2026-06-24,9,-1,2026-06-24 12:29:00,4069.3600,4097.5900,4075.9100,28.2300,2026-06-24 23:57:00,4001.0200,收盤,68.2100,2.4162,2.8400,110.1100,11.4667,123.9900,0.1749,True,0.0000,0.0222,0.1300
2026-06-24,10,-1,2026-06-24 12:59:00,4064.6400,4090.8300,4073.7700,26.1900,2026-06-24 23:57:00,4001.0200,收盤,63.4900,2.4242,2.2700,105.3900,10.9667,123.9900,0.1376,True,0.0000,0.0213,0.1300
2026-06-25,2,-1,2026-06-25 03:39:00,3982.5900,4018.6700,3990.9200,36.0800,2026-06-25 15:53:00,4018.6700,停損,-36.2100,-1.0036,36.0800,18.9500,12.2333,120.2430,0.2308,True,0.0083,0.6000,0.1300
2026-06-25,3,-1,2026-06-25 05:09:00,3965.8700,4016.4400,3978.6100,50.5700,2026-06-25 15:48:00,4016.4400,停損,-50.7000,-1.0026,50.5700,2.2300,10.6500,120.2430,0.3146,True,0.0083,0.3750,0.1300
2026-06-25,9,1,2026-06-25 11:24:00,3997.0200,3989.1900,3974.1200,22.9000,2026-06-25 14:36:00,3974.1200,停損,-23.0300,-1.0057,22.9000,5.0500,3.2000,120.2430,0.1253,False,0.0249,0.3902,0.1300
2026-06-26,7,1,2026-06-26 09:24:00,4023.1900,4015.3800,3998.7800,24.4100,2026-06-26 23:56:00,4087.9800,收盤,64.6600,2.6489,2.5800,72.8300,14.5333,108.6780,0.1527,True,0.0276,0.5758,0.1300
2026-06-26,8,1,2026-06-26 09:59:00,4032.1200,4021.5900,4005.7200,26.4000,2026-06-26 23:56:00,4087.9800,收盤,55.7300,2.1110,6.2900,63.9000,13.9500,108.6780,0.1460,True,0.0276,0.5429,0.1300
2026-06-26,9,1,2026-06-26 12:09:00,4038.6800,4033.1800,4006.8300,31.8500,2026-06-26 23:56:00,4087.9800,收盤,49.1700,1.5438,4.1300,57.3400,11.7833,108.6780,0.2425,True,0.0276,0.4318,0.1300
2026-06-30,3,-1,2026-06-30 04:09:00,3963.6000,4015.1400,3980.1100,51.5400,2026-06-30 09:31:00,4015.1400,停損,-51.6700,-1.0025,51.5400,13.3700,5.3667,106.0720,0.3302,True,0.0000,0.4167,0.1300
2026-07-01,3,-1,2026-07-01 04:09:00,3985.4400,4009.8300,3993.2500,24.3900,2026-07-01 14:07:00,4009.8300,停損,-24.5200,-1.0053,24.3900,25.2700,9.9667,113.2380,0.1464,True,0.0000,0.3333,0.1300
2026-07-02,3,1,2026-07-02 04:04:00,4065.0000,4052.6600,4030.7700,34.2300,2026-07-02 23:57:00,4123.9600,收盤,58.8300,1.7187,23.6700,79.0400,19.8833,112.4630,0.1946,True,0.0267,0.6667,0.1300
2026-07-02,5,1,2026-07-02 06:49:00,4068.8100,4061.0300,4041.3300,27.4800,2026-07-02 23:57:00,4123.9600,收盤,55.0200,2.0022,15.5600,75.2300,17.1333,112.4630,0.1752,True,0.0267,0.3478,0.1300
2026-07-02,8,1,2026-07-02 09:19:00,4074.6200,4067.7300,4053.2500,21.3700,2026-07-02 23:57:00,4123.9600,收盤,49.2100,2.3028,17.1400,69.4200,14.6333,112.4630,0.1288,True,0.0267,0.2424,0.1300
2026-07-03,3,1,2026-07-03 04:04:00,4161.0300,4151.0600,4122.9800,38.0500,2026-07-03 19:59:00,4174.9400,收盤,13.7800,0.3622,5.6000,34.4100,15.9167,110.9620,0.2531,True,0.0090,0.5000,0.1300
2026-07-03,6,-1,2026-07-03 09:04:00,4164.8400,4184.6100,4175.2800,19.7700,2026-07-03 11:02:00,4184.6100,停損,-19.9000,-1.0066,19.7700,4.3500,1.9667,110.9620,0.0841,False,0.0090,0.4375,0.1300
2026-07-03,8,-1,2026-07-03 09:14:00,4162.4400,4181.9000,4169.2900,19.4600,2026-07-03 11:02:00,4181.9000,停損,-19.5900,-1.0067,19.4600,1.9500,1.8000,110.9620,0.1136,False,0.0090,0.4375,0.1300
2026-07-07,3,-1,2026-07-07 04:19:00,4136.2100,4162.7700,4145.3100,26.5600,2026-07-07 15:07:00,4162.7700,停損,-26.6900,-1.0049,26.5600,19.5300,10.8000,108.2290,0.1613,True,0.0092,0.1538,0.1300
2026-07-07,5,-1,2026-07-07 08:14:00,4122.4300,4145.2800,4131.3800,22.8500,2026-07-07 14:25:00,4145.2800,停損,-22.9800,-1.0057,22.8500,5.7500,6.1833,108.2290,0.1284,True,0.0092,0.0714,0.1300
2026-07-07,7,-1,2026-07-07 08:39:00,4120.0000,4141.3200,4125.9600,21.3200,2026-07-07 14:18:00,4141.3200,停損,-21.4500,-1.0061,21.3200,3.3200,5.6500,108.2290,0.1419,True,0.0092,0.0667,0.1300
2026-07-08,2,1,2026-07-08 03:39:00,4122.9500,4107.9100,4095.8800,27.0700,2026-07-08 11:17:00,4095.8800,停損,-27.2000,-1.0048,27.0700,11.0500,7.6333,106.2960,0.1132,False,0.0094,0.0000,0.1300
2026-07-08,4,1,2026-07-08 06:04:00,4125.7600,4117.9000,4096.4600,29.3000,2026-07-08 11:17:00,4096.4600,停損,-29.4300,-1.0044,29.3000,8.2400,5.2167,106.2960,0.2017,False,0.0094,0.0000,0.1300
2026-07-09,3,-1,2026-07-09 05:59:00,4065.0800,4089.7700,4070.3700,24.6900,2026-07-09 09:00:00,4089.7700,停損,-24.8200,-1.0053,24.6900,10.8000,3.0167,101.9460,0.1903,True,0.0196,0.4737,0.1300
2026-07-09,5,-1,2026-07-09 06:14:00,4058.9700,4082.6500,4064.4500,23.6800,2026-07-09 08:51:00,4082.6500,停損,-23.8100,-1.0055,23.6800,4.6900,2.6167,101.9460,0.1785,True,0.0196,0.4500,0.1300
2026-07-09,4,-1,2026-07-09 06:19:00,4055.8100,4078.8200,4062.4500,23.0100,2026-07-09 08:49:00,4078.8200,停損,-23.1400,-1.0056,23.0100,1.5200,2.5000,101.9460,0.1606,True,0.0196,0.4286,0.1300
2026-07-09,8,1,2026-07-09 09:04:00,4092.9600,4084.2500,4063.7600,29.2000,2026-07-09 23:57:00,4123.9300,收盤,30.8400,1.0562,4.8200,45.0200,14.8833,101.9460,0.2010,False,0.0098,0.6562,0.1300
2026-07-09,9,1,2026-07-09 11:24:00,4115.8000,4108.1000,4081.4800,34.3200,2026-07-09 23:57:00,4123.9300,收盤,8.0000,0.2331,22.0200,22.1800,12.5500,101.9460,0.2611,False,0.0098,0.5122,0.1300
2026-07-10,2,-1,2026-07-10 03:34:00,4115.7900,4125.1400,4121.0700,9.3500,2026-07-10 03:45:00,4125.1400,停損,-9.4800,-1.0139,9.3500,0.0000,0.1833,102.2570,0.0398,False,0.0196,0.0000,0.1300
2026-07-14,2,1,2026-07-14 04:59:00,4010.4300,4003.1200,3992.7400,17.6900,2026-07-14 23:57:00,4052.6500,收盤,42.0900,2.3793,4.4100,92.8000,18.9667,101.6480,0.1021,False,0.0197,0.5333,0.1300
2026-07-14,3,1,2026-07-14 05:14:00,4016.7700,4007.2600,3983.5600,33.2100,2026-07-14 23:57:00,4052.6500,收盤,35.7500,1.0765,7.6500,86.4600,18.7167,101.6480,0.2332,False,0.0197,0.5000,0.1300
2026-07-14,4,1,2026-07-14 05:19:00,4018.0600,4012.1500,3992.2900,25.7700,2026-07-14 23:57:00,4052.6500,收盤,34.4600,1.3372,8.9400,85.1700,18.6333,101.6480,0.1954,False,0.0197,0.4706,0.1300
2026-07-14,5,1,2026-07-14 08:34:00,4028.8500,4019.0800,4006.0200,22.8300,2026-07-14 23:57:00,4052.6500,收盤,23.6700,1.0368,15.0300,74.3800,15.3833,101.6480,0.1285,False,0.0197,0.2667,0.1300
2026-07-15,7,-1,2026-07-15 10:39:00,4020.5300,4035.1600,4028.2500,14.6300,2026-07-15 13:14:00,4035.1600,停損,-14.7600,-1.0089,14.6300,3.1100,2.5833,101.5540,0.0680,False,0.0197,0.3158,0.1300
2026-07-16,2,-1,2026-07-16 03:59:00,4044.6400,4062.0900,4055.6900,17.4500,2026-07-16 23:57:00,3976.4500,收盤,68.0600,3.9003,5.9200,75.3600,19.9667,92.3860,0.0693,False,0.0216,0.0000,0.1300
2026-07-16,3,-1,2026-07-16 04:24:00,4037.6800,4061.2800,4043.9300,23.6000,2026-07-16 23:57:00,3976.4500,收盤,61.1000,2.5890,8.3400,68.4000,19.5500,92.3860,0.1878,False,0.0216,0.0000,0.1300
2026-07-16,4,-1,2026-07-16 05:39:00,4027.3500,4050.5600,4033.9300,23.2100,2026-07-16 23:57:00,3976.4500,收盤,50.7700,2.1874,16.0100,58.0700,18.3000,92.3860,0.1800,False,0.0216,0.0000,0.1300
2026-07-16,7,-1,2026-07-16 08:24:00,4027.2600,4037.9500,4031.9800,10.6900,2026-07-16 14:46:00,4037.9500,停損,-10.8200,-1.0122,10.6900,6.0100,6.3667,92.3860,0.0646,False,0.0216,0.0000,0.1300
2026-07-17,2,1,2026-07-17 03:59:00,3991.9400,3986.4400,3975.2300,16.7100,2026-07-17 05:36:00,3975.2300,停損,-16.8400,-1.0078,16.7100,4.2300,1.6167,90.8050,0.1235,False,0.0000,0.2727,0.1300
2026-07-21,3,1,2026-07-21 04:19:00,4034.5900,4027.1700,4003.8700,30.7200,2026-07-21 23:57:00,4077.8200,收盤,43.1000,1.4030,13.1100,52.4400,19.6333,88.1540,0.2643,True,0.0113,0.2308,0.1300
2026-07-21,4,1,2026-07-21 06:04:00,4040.5800,4035.8700,4018.3600,22.2200,2026-07-21 23:57:00,4077.8200,收盤,37.1100,1.6701,3.7000,46.4500,17.8833,88.1540,0.1986,True,0.0113,0.1500,0.1300
2026-07-21,5,1,2026-07-21 07:59:00,4049.6300,4044.9600,4022.0500,27.5800,2026-07-21 23:57:00,4077.8200,收盤,28.0600,1.0174,5.1200,37.4000,15.9667,88.1540,0.2599,True,0.0113,0.1111,0.1300
2026-07-21,6,1,2026-07-21 08:34:00,4059.7100,4051.2500,4036.8800,22.8300,2026-07-21 23:57:00,4077.8200,收盤,17.9800,0.7876,15.2000,27.3200,15.3833,88.1540,0.1630,True,0.0113,0.1000,0.1300
2026-07-21,8,1,2026-07-21 09:24:00,4073.6400,4067.9600,4046.4600,27.1800,2026-07-21 16:43:00,4046.4600,停損,-27.3100,-1.0048,27.1800,10.5400,7.3167,88.1540,0.2439,True,0.0113,0.0909,0.1300
2026-07-22,3,1,2026-07-22 04:04:00,4110.7400,4102.3800,4076.8200,33.9200,2026-07-22 23:57:00,4129.9400,收盤,19.0700,0.5622,4.0000,55.3300,19.8833,88.0610,0.2903,True,0.0114,0.6667,0.1300
2026-07-22,4,1,2026-07-22 05:34:00,4130.1700,4123.5800,4096.7000,33.4700,2026-07-22 23:57:00,4129.9400,收盤,-0.3600,-0.0108,23.4300,35.9000,18.3833,88.0610,0.3052,True,0.0114,0.4444,0.1300
2026-07-22,5,1,2026-07-22 06:09:00,4137.4100,4130.8600,4119.0000,18.4100,2026-07-22 09:26:00,4119.0000,停損,-18.5400,-1.0071,18.4100,4.2900,3.2833,88.0610,0.1347,True,0.0114,0.4000,0.1300
2026-07-22,7,-1,2026-07-22 09:29:00,4117.4500,4131.2800,4124.7900,13.8300,2026-07-22 15:28:00,4131.2800,停損,-13.9600,-1.0094,13.8300,8.1500,5.9833,88.0610,0.0737,False,0.0114,0.6364,0.1300
2026-07-23,6,-1,2026-07-23 09:59:00,4118.5700,4133.0300,4124.1200,14.4600,2026-07-23 23:57:00,4049.0900,收盤,69.3500,4.7960,0.8600,78.4000,13.9667,85.7640,0.1039,False,0.0233,0.3714,0.1300
2026-07-23,7,-1,2026-07-23 10:04:00,4115.2500,4130.3300,4120.0800,15.0800,2026-07-23 23:57:00,4049.0900,收盤,66.0300,4.3786,1.1000,75.0800,13.8833,85.7640,0.1195,False,0.0233,0.3611,0.1300
2026-07-23,8,-1,2026-07-23 10:09:00,4110.4700,4130.5800,4119.5100,20.1100,2026-07-23 23:57:00,4049.0900,收盤,61.2500,3.0457,1.5300,70.3000,13.8000,85.7640,0.1291,False,0.0233,0.3611,0.1300
2026-07-24,10,1,2026-07-24 12:54:00,4058.2600,4053.7300,4035.0900,23.1700,2026-07-24 23:56:00,4052.9300,收盤,-5.4600,-0.2356,13.5500,23.8800,11.0333,87.4810,0.2131,False,0.0000,0.6596,0.1300
2026-07-29,3,-1,2026-07-29 04:04:00,4011.9700,4029.5500,4017.6600,17.5800,2026-07-29 04:39:00,4029.5500,停損,-17.7100,-1.0074,17.5800,1.3300,0.5833,75.4830,0.1575,True,0.0132,0.0000,0.1300
2026-07-29,4,1,2026-07-29 05:39:00,4035.2500,4030.5300,4010.3600,24.8900,2026-07-29 15:30:00,4010.3600,停損,-25.0200,-1.0052,24.8900,12.5200,9.8500,75.4830,0.2672,False,0.0132,0.6667,0.1300
2026-07-29,7,1,2026-07-29 08:34:00,4031.9900,4027.6900,4020.6200,11.3700,2026-07-29 15:17:00,4020.6200,停損,-11.5000,-1.0114,11.3700,15.7800,6.7167,75.4830,0.0937,False,0.0132,0.4000,0.1300
2026-07-29,6,1,2026-07-29 08:44:00,4039.1500,4032.7200,4023.2000,15.9500,2026-07-29 15:16:00,4023.2000,停損,-16.0800,-1.0082,15.9500,8.6200,6.5333,75.4830,0.1261,False,0.0132,0.4000,0.1300
2026-07-29,8,1,2026-07-29 10:09:00,4044.7400,4040.0900,4026.6800,18.0600,2026-07-29 13:43:00,4026.6800,停損,-18.1900,-1.0072,18.0600,3.0300,3.5667,75.4830,0.1777,False,0.0132,0.3333,0.1300
2026-07-31,2,-1,2026-07-31 03:29:00,4096.4500,4111.7400,4102.2900,15.2900,2026-07-31 23:56:00,4043.8100,收盤,52.5100,3.4343,5.1800,75.3300,20.4500,80.5730,0.1173,False,0.0000,0.4444,0.1300
2026-07-31,3,-1,2026-07-31 04:39:00,4084.9000,4107.1000,4090.5400,22.2000,2026-07-31 23:56:00,4043.8100,收盤,40.9600,1.8450,5.5500,63.7800,19.2833,80.5730,0.2055,False,0.0000,0.2857,0.1300
2026-07-31,4,-1,2026-07-31 05:44:00,4075.5500,4101.6300,4082.1300,26.0800,2026-07-31 23:56:00,4043.8100,收盤,31.6100,1.2120,11.9700,54.4300,18.2000,80.5730,0.2420,False,0.0000,0.2222,0.1300
2026-07-31,8,-1,2026-07-31 10:59:00,4067.7400,4083.2400,4073.3600,15.5000,2026-07-31 23:56:00,4043.8100,收盤,23.8000,1.5355,0.0000,46.6200,12.9500,80.5730,0.1226,False,0.0000,0.1026,0.1300
2026-07-31,10,-1,2026-07-31 11:04:00,4063.3600,4079.2300,4067.6000,15.8700,2026-07-31 23:56:00,4043.8100,收盤,19.4200,1.2237,3.8300,42.2400,12.8667,80.5730,0.1443,False,0.0000,0.1000,0.1300
2026-08-04,2,1,2026-08-04 03:04:00,4059.7300,4055.0600,4050.2100,9.5200,2026-08-04 03:59:00,4050.2100,停損,-9.6500,-1.0137,9.5200,9.6100,0.9167,83.9630,0.0578,False,0.0119,0.0000,0.1300
2026-08-05,2,1,2026-08-05 03:54:00,4083.3600,4077.1500,4065.5000,17.8600,2026-08-05 23:57:00,4246.2300,收盤,162.7400,9.1120,5.7600,184.3500,20.0500,81.6170,0.1427,True,0.0000,0.4545,0.1300
2026-08-05,3,1,2026-08-05 04:19:00,4087.9200,4083.4900,4070.4300,17.4900,2026-08-05 23:57:00,4246.2300,收盤,158.1800,9.0440,7.7100,179.7900,19.6333,81.6170,0.1600,True,0.0000,0.3846,0.1300
2026-08-05,4,1,2026-08-05 05:34:00,4107.8000,4102.6700,4077.6000,30.2000,2026-08-05 23:57:00,4246.2300,收盤,138.3000,4.5795,0.0300,159.9100,18.3833,81.6170,0.3072,True,0.0000,0.2778,0.1300
2026-08-05,5,1,2026-08-05 07:09:00,4139.4800,4135.3300,4095.5300,43.9500,2026-08-05 23:57:00,4246.2300,收盤,106.6200,2.4259,6.9500,128.2300,16.8000,81.6170,0.4876,True,0.0000,0.2083,0.1300
2026-08-05,7,1,2026-08-05 08:39:00,4152.2200,4141.4200,4128.3100,23.9100,2026-08-05 23:57:00,4246.2300,收盤,93.8800,3.9264,2.6300,115.4900,15.3000,81.6170,0.1606,True,0.0000,0.1667,0.1300
2026-08-05,8,1,2026-08-05 09:59:00,4177.5700,4172.9100,4134.7400,42.8300,2026-08-05 23:57:00,4246.2300,收盤,68.5300,1.6000,27.3800,90.1400,13.9667,81.6170,0.4677,True,0.0000,0.1429,0.1300
2026-08-06,2,1,2026-08-06 03:49:00,4287.7900,4281.9100,4249.1100,38.6800,2026-08-06 08:30:00,4249.1100,停損,-38.8100,-1.0034,38.6800,16.3200,4.6833,92.9130,0.3530,True,0.0215,0.0000,0.1300
2026-08-06,6,-1,2026-08-06 07:29:00,4255.3600,4280.9500,4260.6200,25.5900,2026-08-06 12:01:00,4280.9500,停損,-25.7200,-1.0051,25.5900,8.0900,4.5333,92.9130,0.2188,False,0.0215,0.6400,0.1300
2026-08-06,8,1,2026-08-06 11:34:00,4273.6300,4268.4900,4247.2700,26.3600,2026-08-06 16:05:00,4247.2700,停損,-26.4900,-1.0049,26.3600,11.1400,4.5167,92.9130,0.2284,True,0.0215,0.0000,0.1300
2026-08-07,3,1,2026-08-07 05:04:00,4261.1600,4252.9800,4229.7300,31.4300,2026-08-07 23:56:00,4341.3200,收盤,80.0300,2.5463,14.0000,110.6700,18.8667,90.8940,0.2558,False,0.0110,0.6875,0.1300
2026-08-07,4,1,2026-08-07 06:59:00,4266.0900,4259.3500,4231.7300,34.3600,2026-08-07 23:56:00,4341.3200,收盤,75.1000,2.1857,5.3300,105.7400,16.9500,90.8940,0.3039,False,0.0110,0.4783,0.1300
2026-08-07,5,1,2026-08-07 07:09:00,4266.5500,4261.6800,4247.1600,19.3900,2026-08-07 23:56:00,4341.3200,收盤,74.6400,3.8494,5.7900,105.2800,16.7833,90.8940,0.1597,False,0.0110,0.4583,0.1300
2026-08-07,6,1,2026-08-07 08:34:00,4275.1100,4266.3300,4249.6300,25.4800,2026-08-07 23:56:00,4341.3200,收盤,66.0800,2.5934,4.4900,96.7200,15.3667,90.8940,0.1837,False,0.0110,0.3667,0.1300
2026-08-07,8,1,2026-08-07 09:14:00,4286.7200,4280.5400,4261.9400,24.7800,2026-08-07 23:56:00,4341.3200,收盤,54.4700,2.1981,6.6300,85.1100,14.7000,90.8940,0.2046,False,0.0110,0.3438,0.1300
2026-08-07,9,1,2026-08-07 11:34:00,4313.9300,4298.7700,4278.4800,35.4500,2026-08-07 23:56:00,4341.3200,收盤,27.2600,0.7690,12.7500,57.9000,12.3667,90.8940,0.2232,False,0.0110,0.2619,0.1300
2026-08-11,5,-1,2026-08-11 08:14:00,4402.1900,4435.1500,4408.0500,32.9600,2026-08-11 23:57:00,4367.9200,收盤,34.1500,1.0361,2.0500,45.4300,15.7167,100.9420,0.2685,False,0.0099,0.6071,0.1200
2026-08-11,7,-1,2026-08-11 08:24:00,4397.9300,4420.3200,4403.4400,22.3900,2026-08-11 23:57:00,4367.9200,收盤,29.8900,1.3350,6.3100,41.1700,15.5500,100.9420,0.1672,False,0.0099,0.5862,0.1200
2026-08-11,8,-1,2026-08-11 09:54:00,4361.5100,4409.0300,4367.5400,47.5200,2026-08-11 23:57:00,4367.9200,收盤,-6.5300,-0.1374,42.7300,4.7500,14.0500,100.9420,0.4110,False,0.0099,0.4857,0.1200
2026-08-12,5,-1,2026-08-12 08:44:00,4388.1700,4414.4600,4394.2600,26.2900,2026-08-12 12:15:00,4414.4600,停損,-26.4100,-1.0046,26.2900,4.1400,3.5167,101.7050,0.1986,True,0.0197,0.6667,0.1200
2026-08-13,2,1,2026-08-13 03:09:00,4421.1300,4414.4700,4401.5500,19.5800,2026-08-13 05:33:00,4401.5500,停損,-19.7000,-1.0061,19.5800,28.6400,2.4000,97.5410,0.1325,True,0.0000,0.1250,0.1200
2026-08-14,3,-1,2026-08-14 04:14:00,4324.2100,4362.0500,4329.4300,37.8400,2026-08-14 14:35:00,4362.0500,停損,-37.9600,-1.0032,37.8400,13.1500,10.3500,98.9680,0.3296,True,0.0101,0.5833,0.1200
2026-08-14,5,1,2026-08-14 08:54:00,4329.5600,4322.8000,4311.0600,18.5000,2026-08-14 23:56:00,4375.6800,收盤,46.0000,2.4865,1.5400,67.4500,15.0333,98.9680,0.1186,False,0.0000,0.5161,0.1200
2026-08-14,6,1,2026-08-14 08:59:00,4333.6500,4328.1800,4313.7900,19.8600,2026-08-14 23:56:00,4375.6800,收盤,41.9100,2.1103,5.6300,63.3600,14.9500,98.9680,0.1454,False,0.0000,0.5161,0.1200
2026-08-14,8,1,2026-08-14 10:44:00,4339.7400,4333.6500,4311.1000,28.6400,2026-08-14 23:56:00,4375.6800,收盤,35.8200,1.2507,0.2500,57.2700,13.2000,98.9680,0.2279,False,0.0000,0.4211,0.1200
2026-08-14,9,1,2026-08-14 10:49:00,4342.5500,4336.6500,4328.0200,14.5300,2026-08-14 23:56:00,4375.6800,收盤,33.0100,2.2719,0.9600,54.4600,13.1167,98.9680,0.0872,False,0.0000,0.4103,0.1200
2026-08-14,10,1,2026-08-14 12:14:00,4350.8200,4345.2600,4329.7300,21.0900,2026-08-14 23:56:00,4375.6800,收盤,24.7400,1.1731,2.5100,46.1900,11.7000,98.9680,0.1569,False,0.0000,0.3636,0.1200
2026-08-18,2,1,2026-08-18 03:29:00,4431.5000,4426.0400,4409.8300,21.6700,2026-08-18 04:45:00,4409.8300,停損,-21.7900,-1.0055,21.6700,4.6600,1.2667,98.1240,0.1652,True,0.0102,0.4444,0.1200
2026-08-18,4,-1,2026-08-18 05:34:00,4396.3700,4436.1600,4404.3500,39.7900,2026-08-18 23:57:00,4334.8100,收盤,61.4400,1.5441,10.2200,67.1800,18.3833,98.1240,0.3242,False,0.0102,0.6667,0.1200
2026-08-18,5,-1,2026-08-18 08:34:00,4386.9600,4408.1500,4394.3300,21.1900,2026-08-18 23:57:00,4334.8100,收盤,52.0300,2.4554,19.6300,57.7700,15.3833,98.1240,0.1408,False,0.0102,0.4000,0.1200
2026-08-18,10,-1,2026-08-18 11:24:00,4388.6500,4403.6800,4395.5200,15.0300,2026-08-18 16:41:00,4403.6800,停損,-15.1500,-1.0080,15.0300,11.1100,5.2833,98.1240,0.0832,False,0.0102,0.2927,0.1200
2026-08-19,2,1,2026-08-19 03:19:00,4343.6600,4338.3800,4327.1900,16.4700,2026-08-19 04:02:00,4327.1900,停損,-16.5900,-1.0073,16.4700,3.5500,0.7167,102.4440,0.1092,False,0.0195,0.6667,0.1200
2026-08-21,6,1,2026-08-21 07:29:00,4546.8400,4538.3800,4526.7900,20.0500,2026-08-21 23:56:00,4603.3700,收盤,56.4100,2.8135,17.6600,85.3800,16.4500,103.1430,0.1124,False,0.0097,0.4800,0.1200
2026-08-21,5,1,2026-08-21 08:59:00,4553.6500,4542.9400,4518.3500,35.3000,2026-08-21 23:56:00,4603.3700,收盤,49.6000,1.4051,8.0700,78.5700,14.9500,103.1430,0.2384,False,0.0097,0.3871,0.1200
2026-08-21,8,1,2026-08-21 09:39:00,4564.9400,4556.3000,4529.1800,35.7600,2026-08-21 23:56:00,4603.3700,收盤,38.3100,1.0713,6.3900,67.2800,14.2833,103.1430,0.2629,False,0.0097,0.3529,0.1200
2026-08-21,9,1,2026-08-21 11:24:00,4577.6800,4567.6300,4545.5800,32.1000,2026-08-21 23:56:00,4603.3700,收盤,25.5700,0.7966,14.1200,54.5400,12.5333,103.1430,0.2138,False,0.0097,0.2927,0.1200
2026-08-25,4,-1,2026-08-25 05:04:00,4651.3300,4686.5400,4656.6100,35.2100,2026-08-25 23:57:00,4658.6000,收盤,-7.3900,-0.2099,17.7100,46.0400,18.8833,101.7070,0.2943,False,0.0197,0.6250,0.1200
2026-08-25,9,-1,2026-08-25 10:54:00,4631.5700,4653.5000,4637.1500,21.9300,2026-08-25 18:35:00,4653.5000,停損,-22.0500,-1.0055,21.9300,26.2800,7.6833,101.7070,0.1608,False,0.0197,0.2564,0.1200
2026-08-25,10,-1,2026-08-25 11:09:00,4623.3000,4643.8000,4629.8200,20.5000,2026-08-25 11:24:00,4643.8000,停損,-20.6200,-1.0059,20.5000,0.4000,0.2500,101.7070,0.1375,False,0.0197,0.2500,0.1200
2026-08-26,2,-1,2026-08-26 03:24:00,4645.3300,4673.5200,4653.2800,28.1900,2026-08-26 23:57:00,4594.0900,收盤,51.1200,1.8134,25.4400,62.2000,20.5500,103.0140,0.1965,False,0.0000,0.3333,0.1200
2026-08-26,5,-1,2026-08-26 06:14:00,4648.2800,4670.7700,4654.9200,22.4900,2026-08-26 23:57:00,4594.0900,收盤,54.0700,2.4042,3.0800,65.1500,17.7167,103.0140,0.1539,False,0.0000,0.1500,0.1200
2026-08-26,6,-1,2026-08-26 09:19:00,4634.2000,4658.6900,4642.6300,24.4900,2026-08-26 23:57:00,4594.0900,收盤,39.9900,1.6329,5.1500,51.0700,14.6333,103.0140,0.1559,False,0.0000,0.0909,0.1200
2026-08-26,7,-1,2026-08-26 09:24:00,4627.2100,4644.4100,4638.8800,17.2000,2026-08-26 23:57:00,4594.0900,收盤,33.0000,1.9186,12.1400,44.0800,14.5500,103.0140,0.0537,False,0.0000,0.0909,0.1200
2026-08-26,10,-1,2026-08-26 12:19:00,4621.2600,4639.3500,4626.5100,18.0900,2026-08-26 23:57:00,4594.0900,收盤,27.0500,1.4953,12.2800,38.1300,11.6333,103.0140,0.1246,False,0.0000,0.0667,0.1200
2026-08-26,9,-1,2026-08-26 12:24:00,4619.0800,4641.4300,4624.8000,22.3500,2026-08-26 23:57:00,4594.0900,收盤,24.8700,1.1128,14.4600,35.9500,11.5500,103.0140,0.1614,False,0.0000,0.0667,0.1200
2026-08-28,2,-1,2026-08-28 03:49:00,4587.3900,4611.4800,4594.3700,24.0900,2026-08-28 09:59:00,4611.4800,停損,-24.2100,-1.0050,24.0900,15.6800,6.1667,101.3920,0.1688,False,0.0099,0.3636,0.1200
2026-08-28,3,-1,2026-08-28 04:54:00,4577.0700,4602.5400,4585.7200,25.4700,2026-08-28 09:51:00,4602.5400,停損,-25.5900,-1.0047,25.4700,5.3600,4.9500,101.3920,0.1659,False,0.0099,0.2667,0.1200
2026-08-28,6,-1,2026-08-28 08:44:00,4572.7500,4590.0800,4578.6700,17.3300,2026-08-28 09:45:00,4590.0800,停損,-17.4500,-1.0069,17.3300,0.9900,1.0167,101.3920,0.1125,False,0.0099,0.1333,0.1200
2026-09-01,4,-1,2026-09-01 07:19:00,4430.3400,4456.9700,4436.4400,26.6300,2026-09-01 23:57:00,4328.8700,收盤,101.3500,3.8059,15.7200,107.4000,16.6333,112.7800,0.1820,False,0.0000,0.3600,0.1200
2026-09-01,6,-1,2026-09-01 08:19:00,4425.8900,4444.1300,4431.8300,18.2400,2026-09-01 08:45:00,4444.1300,停損,-18.3600,-1.0066,18.2400,1.7800,0.4333,112.7800,0.1091,False,0.0000,0.3103,0.1200
2026-09-01,8,-1,2026-09-01 10:39:00,4413.8700,4446.0600,4424.1100,32.1900,2026-09-01 23:57:00,4328.8700,收盤,84.8800,2.6368,9.4300,90.9300,13.3000,112.7800,0.1946,False,0.0000,0.2368,0.1200
2026-09-01,10,-1,2026-09-01 11:09:00,4395.9100,4434.9800,4412.1600,39.0700,2026-09-01 23:57:00,4328.8700,收盤,66.9200,1.7128,10.6800,72.9700,12.8000,112.7800,0.2023,False,0.0000,0.2250,0.1200
2026-09-02,3,-1,2026-09-02 04:09:00,4308.5800,4334.5300,4314.5900,25.9500,2026-09-02 15:04:00,4334.5300,停損,-26.0700,-1.0046,25.9500,26.0200,10.9167,115.9370,0.1720,True,0.0086,0.5000,0.1200
2026-09-02,9,-1,2026-09-02 12:54:00,4308.6600,4329.2800,4314.6100,20.6200,2026-09-02 14:34:00,4329.2800,停損,-20.7400,-1.0058,20.6200,6.8400,1.6667,115.9370,0.1265,True,0.0086,0.1277,0.1200
2026-09-03,3,1,2026-09-03 04:34:00,4409.1600,4397.8000,4382.5500,26.6100,2026-09-03 23:57:00,4473.3300,收盤,64.0500,2.4070,8.9100,101.6700,19.3833,107.4910,0.1419,True,0.0093,0.4286,0.1200
2026-09-03,4,1,2026-09-03 05:54:00,4419.7700,4412.4400,4387.3600,32.4100,2026-09-03 23:57:00,4473.3300,收盤,53.4400,1.6489,0.9300,91.0600,18.0500,107.4910,0.2333,True,0.0093,0.3158,0.1200
2026-09-03,5,1,2026-09-03 06:14:00,4428.8300,4420.5200,4406.7900,22.0400,2026-09-03 23:57:00,4473.3300,收盤,44.3800,2.0136,9.9900,82.0000,17.7167,107.4910,0.1277,True,0.0093,0.3000,0.1200
2026-09-04,3,-1,2026-09-04 06:59:00,4467.0600,4487.1200,4472.8300,20.0600,2026-09-04 10:45:00,4487.1200,停損,-20.1800,-1.0060,20.0600,6.8400,3.7667,111.4260,0.1282,False,0.0000,0.4783,0.1200
2026-09-08,2,1,2026-09-08 04:24:00,4433.6200,4428.0200,4407.2500,26.3700,2026-09-08 09:18:00,4407.2500,停損,-26.4900,-1.0046,26.3700,9.3700,4.9000,108.3980,0.1916,False,0.0092,0.0000,0.1200
2026-09-08,3,1,2026-09-08 04:49:00,4440.6500,4430.1700,4415.0500,25.6000,2026-09-08 09:01:00,4415.0500,停損,-25.7200,-1.0047,25.6000,2.3400,4.2000,108.3980,0.1395,False,0.0092,0.0000,0.1200
2026-09-08,9,-1,2026-09-08 10:54:00,4391.4500,4420.1600,4398.2600,28.7100,2026-09-08 23:57:00,4355.5300,收盤,35.8000,1.2470,21.4400,45.5300,13.0500,108.3980,0.2020,True,0.0185,0.6154,0.1200
2026-09-09,6,1,2026-09-09 08:19:00,4388.2400,4382.7100,4375.1500,13.0900,2026-09-09 18:23:00,4375.1500,停損,-13.2100,-1.0092,13.0900,45.8700,10.0667,108.9590,0.0694,False,0.0184,0.3103,0.1200
2026-09-09,5,1,2026-09-09 08:39:00,4392.5000,4384.4300,4367.3000,25.2000,2026-09-09 23:57:00,4400.7300,收盤,8.1100,0.3218,17.3500,41.6100,15.3000,108.9590,0.1572,False,0.0184,0.3000,0.1200
2026-09-09,8,1,2026-09-09 10:14:00,4406.5500,4400.9400,4380.4700,26.0800,2026-09-09 18:06:00,4380.4700,停損,-26.2000,-1.0046,26.0800,27.5600,7.8667,108.9590,0.1879,False,0.0184,0.2500,0.1200
2026-09-09,9,1,2026-09-09 10:49:00,4411.8600,4406.0300,4395.2800,16.5800,2026-09-09 12:45:00,4395.2800,停損,-16.7000,-1.0072,16.5800,0.1600,1.9333,108.9590,0.0987,False,0.0184,0.2308,0.1200
2026-09-10,3,1,2026-09-10 04:09:00,4417.9100,4404.8900,4389.8400,28.0700,2026-09-10 12:32:00,4389.8400,停損,-28.1900,-1.0043,28.0700,16.9000,8.3833,109.1770,0.1378,True,0.0183,0.6667,0.1200
2026-09-10,6,1,2026-09-10 08:44:00,4428.3100,4421.1200,4406.9600,21.3500,2026-09-10 10:30:00,4406.9600,停損,-21.4700,-1.0056,21.3500,6.5000,1.7667,109.1770,0.1297,True,0.0183,0.2667,0.1200
2026-09-11,3,1,2026-09-11 04:04:00,4340.3800,4333.8500,4312.7300,27.6500,2026-09-11 06:21:00,4312.7300,停損,-27.7700,-1.0043,27.6500,0.0200,2.2833,113.4850,0.1861,False,0.0088,0.5833,0.1200
2026-09-11,4,-1,2026-09-11 06:19:00,4314.9200,4340.4500,4320.9300,25.5300,2026-09-11 08:34:00,4340.4500,停損,-25.6500,-1.0047,25.5300,14.0600,2.2500,113.4850,0.1720,True,0.0264,0.5714,0.1200
2026-09-11,5,-1,2026-09-11 06:24:00,4306.9300,4334.6200,4315.9900,27.6900,2026-09-11 07:51:00,4334.6200,停損,-27.8100,-1.0043,27.6900,6.0700,1.4500,113.4850,0.1642,True,0.0264,0.5714,0.1200
2026-09-15,4,1,2026-09-15 05:39:00,4315.1000,4306.6100,4287.9600,27.1400,2026-09-15 09:06:00,4287.9600,停損,-27.2600,-1.0044,27.1400,2.3300,3.4500,108.4590,0.1720,False,0.0000,0.5556,0.1200
2026-09-15,8,-1,2026-09-15 10:54:00,4277.7500,4307.6600,4289.2400,29.9100,2026-09-15 21:41:00,4307.6600,停損,-30.0300,-1.0040,29.9100,16.4100,10.7833,108.4590,0.1698,True,0.0000,0.4872,0.1200
2026-09-15,10,-1,2026-09-15 11:04:00,4266.8300,4295.5200,4276.2700,28.6900,2026-09-15 15:55:00,4295.5200,停損,-28.8100,-1.0042,28.6900,5.4900,4.8500,108.4590,0.1775,True,0.0000,0.4750,0.1200
2026-09-16,2,1,2026-09-16 05:24:00,4295.6800,4289.5300,4281.1900,14.4900,2026-09-16 21:34:00,4281.1900,停損,-14.6100,-1.0083,14.4900,71.8400,16.1667,100.2140,0.0832,False,0.0100,0.6471,0.1200
2026-09-16,4,1,2026-09-16 05:29:00,4299.0000,4293.6400,4276.7200,22.2800,2026-09-16 21:35:00,4276.7200,停損,-22.4000,-1.0054,22.2800,68.5200,16.1000,100.2140,0.1688,False,0.0100,0.6471,0.1200
2026-09-16,5,1,2026-09-16 06:14:00,4337.0100,4323.4900,4281.9500,55.0600,2026-09-16 21:34:00,4281.9500,停損,-55.1800,-1.0022,55.0600,30.5100,15.3333,100.2140,0.4145,False,0.0100,0.5500,0.1200
2026-09-16,7,1,2026-09-16 10:04:00,4334.7700,4328.5000,4320.6400,14.1300,2026-09-16 21:01:00,4320.6400,停損,-14.2500,-1.0085,14.1300,32.7500,10.9500,100.2140,0.0784,False,0.0100,0.3056,0.1200
2026-09-16,9,1,2026-09-16 10:39:00,4338.2200,4333.1200,4321.5500,16.6700,2026-09-16 21:01:00,4321.5500,停損,-16.7900,-1.0072,16.6700,29.3000,10.3667,100.2140,0.1155,False,0.0100,0.2895,0.1200
2026-09-16,10,1,2026-09-16 13:09:00,4345.2200,4339.1200,4328.5200,16.7000,2026-09-16 17:05:00,4328.5200,停損,-16.8200,-1.0072,16.7000,15.2200,3.9333,100.2140,0.1058,False,0.0100,0.2292,0.1200
2026-09-17,2,1,2026-09-17 03:14:00,4284.9800,4275.5900,4258.8700,26.1100,2026-09-17 23:57:00,4341.7400,收盤,56.6400,2.1693,10.9500,96.2600,20.7167,101.9320,0.1640,False,0.0098,0.1250,0.1200
2026-09-17,3,1,2026-09-17 04:04:00,4297.5100,4292.3500,4266.3900,31.1200,2026-09-17 23:57:00,4341.7400,收盤,44.1100,1.4174,23.4800,83.7300,19.8833,101.9320,0.2547,False,0.0098,0.0833,0.1200
2026-09-17,6,1,2026-09-17 08:54:00,4303.3900,4297.4600,4277.1400,26.2500,2026-09-17 23:57:00,4341.7400,收盤,38.2300,1.4564,0.8500,77.8500,15.0500,101.9320,0.1993,False,0.0098,0.0323,0.1200
2026-09-17,7,1,2026-09-17 08:59:00,4304.5600,4298.9200,4290.3900,14.1700,2026-09-17 23:57:00,4341.7400,收盤,37.0600,2.6154,0.2500,76.6800,14.9667,101.9320,0.0837,False,0.0098,0.0323,0.1200
2026-09-17,8,1,2026-09-17 09:14:00,4312.0800,4305.3800,4285.5200,26.5600,2026-09-17 23:57:00,4341.7400,收盤,29.5400,1.1122,7.2400,69.1600,14.7167,101.9320,0.1948,False,0.0098,0.0312,0.1200
2026-09-17,9,1,2026-09-17 10:14:00,4322.9100,4315.2400,4304.3100,18.6000,2026-09-17 23:57:00,4341.7400,收盤,18.7100,1.0059,17.7800,58.3300,13.7167,101.9320,0.1072,False,0.0098,0.0278,0.1200
2026-09-18,4,-1,2026-09-18 06:19:00,4337.4400,4365.6300,4344.0100,28.1900,2026-09-18 07:45:00,4365.6300,停損,-28.3100,-1.0043,28.1900,3.0500,1.4333,101.3420,0.2133,False,0.0099,0.5714,0.1200
2026-09-18,3,-1,2026-09-18 06:24:00,4336.1000,4360.1200,4342.1800,24.0200,2026-09-18 06:45:00,4360.1200,停損,-24.1400,-1.0050,24.0200,1.7100,0.3500,101.3420,0.1770,False,0.0099,0.5714,0.1200
2026-09-24,6,-1,2026-09-24 09:49:00,4275.5700,4293.9100,4280.5600,18.3400,2026-09-24 23:57:00,4274.5900,收盤,0.8600,0.0469,12.9100,31.2000,14.1333,94.9110,0.1407,True,0.0105,0.3714,0.1200
2026-09-24,8,-1,2026-09-24 11:19:00,4271.1600,4296.3500,4277.5000,25.1900,2026-09-24 23:57:00,4274.5900,收盤,-3.5500,-0.1409,17.3200,26.7900,12.6333,94.9110,0.1986,True,0.0105,0.3171,0.1200
2026-09-24,9,-1,2026-09-24 11:24:00,4265.7400,4286.6600,4274.3800,20.9200,2026-09-24 19:16:00,4286.6600,停損,-21.0400,-1.0057,20.9200,21.3700,7.8667,94.9110,0.1294,True,0.0105,0.3171,0.1200
2026-09-25,2,1,2026-09-25 04:04:00,4281.5400,4275.8900,4264.8900,16.6500,2026-09-25 07:56:00,4264.8900,停損,-16.7700,-1.0072,16.6500,14.2500,3.8667,88.6960,0.1240,False,0.0000,0.6667,0.1200
2026-09-25,3,1,2026-09-25 04:14:00,4289.9700,4281.0300,4264.3800,25.5900,2026-09-25 07:56:00,4264.3800,停損,-25.7100,-1.0047,25.5900,5.8200,3.7000,88.6960,0.1877,False,0.0000,0.6667,0.1200
2026-09-25,4,-1,2026-09-25 06:49:00,4271.7300,4295.7900,4276.9600,24.0600,2026-09-25 11:46:00,4295.7900,停損,-24.1800,-1.0050,24.0600,15.3100,4.9500,88.6960,0.2123,True,0.0000,0.6087,0.1200
2026-09-25,6,-1,2026-09-25 07:59:00,4263.0000,4286.3300,4269.5800,23.3300,2026-09-25 11:31:00,4286.3300,停損,-23.4500,-1.0051,23.3300,6.5800,3.5333,88.6960,0.1888,True,0.0000,0.5185,0.1200
2026-09-25,9,1,2026-09-25 11:34:00,4287.7600,4281.5900,4266.3000,21.4600,2026-09-25 17:03:00,4266.3000,停損,-21.5800,-1.0056,21.4600,27.9700,5.4833,88.6960,0.1724,False,0.0000,0.6667,0.1200
2026-09-29,7,1,2026-09-29 08:54:00,4142.4300,4134.1900,4124.7500,17.6800,2026-09-29 23:57:00,4181.4500,收盤,38.9000,2.2002,6.4300,42.7800,15.0500,91.2150,0.1035,False,0.0110,0.3871,0.1200
2026-09-29,10,1,2026-09-29 13:59:00,4153.5700,4148.9100,4136.0000,17.5700,2026-09-29 23:57:00,4181.4500,收盤,27.7600,1.5800,11.2200,31.6400,9.9667,91.2150,0.1415,False,0.0110,0.2353,0.1200
2026-09-30,2,-1,2026-09-30 04:14:00,4172.6800,4187.6300,4178.7600,14.9500,2026-09-30 09:51:00,4187.6300,停損,-15.0700,-1.0080,14.9500,6.9700,5.6167,92.7820,0.0956,False,0.0000,0.5833,0.1200
2026-09-30,3,-1,2026-09-30 04:19:00,4171.8600,4187.4000,4176.6900,15.5400,2026-09-30 09:51:00,4187.4000,停損,-15.6600,-1.0077,15.5400,6.1500,5.5333,92.7820,0.1154,False,0.0000,0.5385,0.1200
2026-10-01,5,1,2026-10-01 06:14:00,4167.4200,4161.8300,4151.4600,15.9600,2026-10-01 11:43:00,4151.4600,停損,-16.0800,-1.0075,15.9600,25.5500,5.4833,86.7270,0.1196,False,0.0000,0.5500,0.1200
2026-10-01,4,1,2026-10-01 06:44:00,4169.8100,4164.7700,4145.0900,24.7200,2026-10-01 23:57:00,4176.9200,收盤,6.9900,0.2828,20.7200,23.1600,17.2167,86.7270,0.2269,False,0.0000,0.5000,0.1200
2026-10-01,6,1,2026-10-01 08:04:00,4182.6200,4177.0200,4159.3600,23.2600,2026-10-01 10:25:00,4159.3600,停損,-23.3800,-1.0052,23.2600,10.3500,2.3500,86.7270,0.2036,False,0.0000,0.3929,0.1200
2026-10-01,7,1,2026-10-01 08:29:00,4187.0600,4180.5900,4171.4900,15.5700,2026-10-01 10:15:00,4171.4900,停損,-15.6900,-1.0077,15.5700,5.9100,1.7667,86.7270,0.1049,False,0.0000,0.3793,0.1200
2026-10-02,3,-1,2026-10-02 04:04:00,4148.0700,4182.5500,4152.9400,34.4800,2026-10-02 07:02:00,4182.5500,停損,-34.6000,-1.0035,34.4800,14.2500,2.9667,79.7210,0.3714,False,0.0000,0.5833,0.1200
2026-10-02,10,-1,2026-10-02 13:14:00,4171.8200,4192.1700,4177.7200,20.3500,2026-10-02 15:30:00,4192.1700,停損,-20.4700,-1.0059,20.3500,5.6900,2.2667,79.7210,0.1813,False,0.0000,0.6667,0.1200
2026-10-06,4,-1,2026-10-06 05:34:00,4122.4200,4152.2500,4128.9600,29.8300,2026-10-06 11:43:00,4152.2500,停損,-29.9500,-1.0040,29.8300,18.1000,6.1500,81.8670,0.2845,True,0.0122,0.6667,0.1200
2026-10-07,2,-1,2026-10-07 03:34:00,4156.7000,4169.9700,4162.4900,13.2700,2026-10-07 23:57:00,4109.5600,收盤,47.0200,3.5433,6.0200,90.2100,20.3833,81.4300,0.0919,False,0.0000,0.6000,0.1200
2026-10-07,3,-1,2026-10-07 04:24:00,4150.5500,4169.6800,4155.5900,19.1300,2026-10-07 23:57:00,4109.5600,收盤,40.8700,2.1364,4.3900,84.0600,19.5500,81.4300,0.1730,False,0.0000,0.4615,0.1200
2026-10-07,4,-1,2026-10-07 06:04:00,4141.5800,4156.2600,4146.3700,14.6800,2026-10-07 23:57:00,4109.5600,收盤,31.9000,2.1730,6.7100,75.0900,17.8833,81.4300,0.1215,False,0.0000,0.3000,0.1200
2026-10-07,5,-1,2026-10-07 07:59:00,4135.2200,4149.1300,4140.2400,13.9100,2026-10-07 23:57:00,4109.5600,收盤,25.5400,1.8361,4.2900,68.7300,15.9667,81.4300,0.1092,False,0.0000,0.2222,0.1200
2026-10-07,6,-1,2026-10-07 08:19:00,4132.7500,4148.2900,4138.2400,15.5400,2026-10-07 23:57:00,4109.5600,收盤,23.0700,1.4846,6.7600,66.2600,15.6333,81.4300,0.1234,False,0.0000,0.2069,0.1200
2026-10-07,7,-1,2026-10-07 08:59:00,4128.7100,4144.7000,4134.9100,15.9900,2026-10-07 23:57:00,4109.5600,收盤,19.0300,1.1901,10.8000,62.2200,14.9667,81.4300,0.1202,False,0.0000,0.1935,0.1200
2026-10-07,8,-1,2026-10-07 11:54:00,4124.5800,4137.5800,4128.7000,13.0000,2026-10-07 23:57:00,4109.5600,收盤,14.9000,1.1462,2.3700,58.0900,12.0500,81.4300,0.1091,False,0.0000,0.1395,0.1200
2026-10-07,10,-1,2026-10-07 11:59:00,4123.8600,4139.5100,4128.3000,15.6500,2026-10-07 23:57:00,4109.5600,收盤,14.1800,0.9061,3.0900,57.3700,11.9667,81.4300,0.1377,False,0.0000,0.1395,0.1200
2026-10-07,9,-1,2026-10-07 12:19:00,4121.5400,4135.5400,4126.9500,14.0000,2026-10-07 23:57:00,4109.5600,收盤,11.8600,0.8471,5.4100,55.0500,11.6333,81.4300,0.1055,False,0.0000,0.1333,0.1200
