setup,t,entry_time,exit_time,side,kind,trend_atr,entry,stop,R_usd,exit,pnl_usd,pnl_R
2026-02-03 18:45:00,163,2026-02-03 19:00:00,2026-02-03 23:00:00,-1,star,4.774590055365734,4952.06,4996.566357142857,44.50635714285636,time,-6.029999999999381,-0.13548626279711698
2026-02-04 13:45:00,235,2026-02-04 14:00:00,2026-02-04 16:30:00,1,star,4.423168709299042,5050.39,5011.974071428571,38.415928571429504,stop,-38.515928571429505,-1.002603086889181
2026-02-05 19:00:00,348,2026-02-05 19:15:00,2026-02-05 23:15:00,-1,engulf,3.1228938920246083,4866.1,4910.244214285714,44.14421428571404,time,63.4600000000004,1.437560981134901
2026-02-09 02:00:00,464,2026-02-09 02:15:00,2026-02-09 03:30:00,-1,star,9.163976064402231,5025.53,5048.399214285714,22.869214285714406,tp,45.63842857142881,1.9956273093272614
2026-02-10 01:30:00,554,2026-02-10 01:45:00,2026-02-10 05:45:00,1,star,5.401312192454845,5040.3,4986.051,54.248999999999796,time,-10.210000000000582,-0.18820623421631036
2026-02-12 15:00:00,792,2026-02-12 15:15:00,2026-02-12 16:45:00,1,engulf,3.9590720649201625,5065.93,5047.970214285714,17.959785714286227,stop,-18.059785714286228,-1.0055679951637984
2026-02-12 17:00:00,800,2026-02-12 17:15:00,2026-02-12 18:00:00,1,engulf,3.2439470794330982,5065.48,5038.104071428572,27.37592857142772,stop,-27.475928571427723,-1.003652844130532
2026-02-12 18:30:00,806,2026-02-12 19:15:00,2026-02-12 23:15:00,1,engulf,6.491671375296629,4969.38,4875.459642857143,93.92035714285703,time,-49.1,-0.5227833612825463
2026-02-13 18:45:00,899,2026-02-13 19:15:00,2026-02-13 21:00:00,-1,star,4.390347987072117,5006.17,5036.036357142857,29.86635714285694,stop,-29.966357142856943,-1.0033482489853611
2026-02-17 03:15:00,1011,2026-02-17 03:30:00,2026-02-17 07:15:00,1,star,6.768269831355334,4958.08,4921.712071428572,36.36792857142791,stop,-36.46792857142791,-1.0027496754400955
2026-02-17 08:00:00,1030,2026-02-17 08:15:00,2026-02-17 12:15:00,1,star,9.111223411586355,4894.56,4857.635214285714,36.92478571428637,time,33.549999999999635,0.9086037833665472
2026-02-18 02:15:00,1099,2026-02-18 02:30:00,2026-02-18 05:00:00,1,star,6.081263549086352,4872.46,4853.176785714286,19.283214285714166,tp,38.46642857142833,1.9948141425740373
2026-02-20 03:15:00,1287,2026-02-20 03:30:00,2026-02-20 07:30:00,-1,engulf,5.048659384309796,4996.11,5015.817,19.707000000000335,time,-3.380000000000655,-0.17151266047600333
2026-02-24 03:45:00,1473,2026-02-24 04:00:00,2026-02-24 08:00:00,1,star,6.210512885940282,5179.45,5143.760428571428,35.68957142857198,time,3.200000000000182,0.08966204613592976
2026-02-24 16:15:00,1523,2026-02-24 16:30:00,2026-02-24 20:30:00,1,engulf,6.224177098941461,5119.55,5092.352214285715,27.1977857142856,time,39.51999999999989,1.4530594665006888
2026-02-24 22:45:00,1549,2026-02-24 23:00:00,2026-02-25 01:00:00,-1,engulf,8.682450382872466,5158.17,5174.114142857143,15.944142857142651,tp,31.7882857142853,1.9937281043643431
2026-02-25 23:15:00,1643,2026-02-25 23:30:00,2026-02-26 04:30:00,1,star,6.49019227034376,5173.31,5144.886642857143,28.42335714285764,time,2.819999999999163,0.09921417747473178
2026-02-26 17:30:00,1712,2026-02-26 17:45:00,2026-02-26 21:45:00,1,engulf,4.56115942028986,5176.61,5128.828214285714,47.781785714285434,time,10.360000000000037,0.21681902099574907
2026-03-03 03:30:00,1932,2026-03-03 03:45:00,2026-03-03 07:45:00,-1,engulf,8.568636527284871,5364.47,5381.278785714286,16.808785714285477,tp,33.51757142857095,1.9940507302728587
2026-03-03 11:45:00,1965,2026-03-03 12:00:00,2026-03-03 13:00:00,1,star,6.91903734012049,5280.96,5224.272928571429,56.68707142857147,stop,-56.78707142857147,-1.001764070668671
2026-03-03 13:45:00,1973,2026-03-03 14:00:00,2026-03-03 16:30:00,1,engulf,7.356230059798795,5157.81,5070.162928571429,87.64707142857151,stop,-87.7470714285715,-1.00114093943323
2026-03-04 17:15:00,2079,2026-03-04 17:30:00,2026-03-04 19:15:00,1,engulf,3.4580069410015173,5159.8,5129.208928571428,30.591071428571922,stop,-30.691071428571924,-1.003268927674975
2026-03-06 01:45:00,2201,2026-03-06 02:00:00,2026-03-06 03:30:00,-1,engulf,4.29315332690444,5084.69,5103.165142857142,18.4751428571426,stop,-18.575142857142602,-1.0054126780384456
2026-03-11 11:45:00,2517,2026-03-11 12:15:00,2026-03-11 15:30:00,1,engulf,4.592408899910437,5188.71,5174.503071428571,14.206928571428762,stop,-14.306928571428761,-1.0070388190872661
2026-03-11 23:00:00,2562,2026-03-11 23:15:00,2026-03-12 01:30:00,-1,engulf,4.842349616471386,5176.82,5184.327714285714,7.507714285714428,tp,14.915428571428857,1.986680366860753
2026-03-17 18:45:00,2913,2026-03-17 19:00:00,2026-03-17 23:00:00,1,engulf,4.263919423283395,4999.09,4972.222928571428,26.867071428571762,time,4.5300000000001095,0.168607881660771
2026-03-18 03:15:00,2943,2026-03-18 03:30:00,2026-03-18 04:00:00,-1,engulf,6.988277727682669,5002.81,5012.9245,10.11449999999968,stop,-10.21449999999968,-1.009886796183697
2026-03-18 04:30:00,2948,2026-03-18 04:45:00,2026-03-18 08:45:00,-1,star,5.99756592292095,5001.56,5016.564285714286,15.004285714285288,time,3.780000000000109,0.2519280205655671
2026-03-19 16:15:00,3087,2026-03-19 16:30:00,2026-03-19 20:30:00,1,engulf,9.987283894895905,4581.29,4498.980071428571,82.30992857142883,time,23.689999999999962,0.2878146101103915
2026-03-19 22:30:00,3112,2026-03-19 22:45:00,2026-03-20 01:00:00,-1,star,6.928417421302291,4632.84,4665.609,32.76900000000023,stop,-32.869000000000234,-1.0030516646830847
2026-03-23 04:00:00,3222,2026-03-23 04:15:00,2026-03-23 08:15:00,1,star,7.098654332780339,4422.91,4315.707642857144,107.20235714285627,time,-66.71999999999989,-0.6223743747638851
2026-03-25 14:45:00,3449,2026-03-25 15:15:00,2026-03-25 15:30:00,-1,engulf,4.688341848583402,4572.52,4586.660285714286,14.14028571428571,tp,28.18057142857142,1.9929280071124043
2026-03-31 05:00:00,3778,2026-03-31 05:15:00,2026-03-31 09:15:00,-1,star,6.225156946296722,4588.64,4621.605928571428,32.96592857142787,time,27.720000000000617,0.840868169083701
2026-03-31 14:00:00,3814,2026-03-31 14:15:00,2026-03-31 18:15:00,1,star,7.672263263935548,4563.38,4528.480071428571,34.89992857142897,time,46.88999999999978,1.343555758403086
2026-04-02 15:00:00,4002,2026-04-02 15:15:00,2026-04-02 16:00:00,1,star,7.1106858054226265,4612.8,4591.1925,21.607500000000073,stop,-21.707500000000074,-1.0046280226773112
2026-04-06 02:45:00,4045,2026-04-06 03:00:00,2026-04-06 03:15:00,1,engulf,5.171230461863916,4619.5,4603.566642857143,15.933357142856948,stop,-16.03335714285695,-1.006276141249042
2026-04-06 15:30:00,4096,2026-04-06 15:45:00,2026-04-06 18:15:00,1,engulf,4.680981595092125,4678.78,4658.728714285714,20.05128571428577,stop,-20.15128571428577,-1.0049872113651424
2026-04-07 17:15:00,4195,2026-04-07 17:30:00,2026-04-07 21:30:00,1,engulf,4.417389411038962,4649.51,4605.581642857143,43.92835714285684,time,30.229999999999926,0.6881659585331341
2026-04-08 18:15:00,4291,2026-04-08 18:30:00,2026-04-08 21:00:00,1,star,6.058962905418515,4757.66,4730.451071428572,27.20892857142826,stop,-27.30892857142826,-1.0036752641596116
2026-04-13 16:30:00,4560,2026-04-13 16:45:00,2026-04-13 16:45:00,-1,star,3.244441394455176,4724.62,4738.5608571428575,13.940857142857567,stop,-14.070857142857568,-1.0093251081097696
2026-04-14 02:15:00,4595,2026-04-14 02:30:00,2026-04-14 03:15:00,-1,engulf,9.327137166785905,4754.79,4766.419357142858,11.62935714285777,stop,-11.759357142857771,-1.0111786058681533
2026-04-14 09:00:00,4622,2026-04-14 09:30:00,2026-04-14 10:00:00,1,star,2.982136838557525,4769.8,4757.464214285715,12.335785714285521,tp,24.541571428571043,1.989461554941778
2026-04-15 03:45:00,4693,2026-04-15 04:00:00,2026-04-15 04:15:00,1,engulf,3.2389795718893817,4837.51,4826.449214285714,11.060785714285885,tp,21.99157142857177,1.9882467662462628
2026-04-15 04:30:00,4696,2026-04-15 04:45:00,2026-04-15 08:45:00,-1,engulf,7.734987935194782,4842.56,4872.426071428572,29.86607142857156,time,22.790000000000074,0.7630732436472338
2026-04-21 15:00:00,5106,2026-04-21 15:15:00,2026-04-21 15:30:00,-1,engulf,3.836326042006778,4791.12,4798.656357142857,7.536357142857014,tp,14.942714285714027,1.9827502867053992
2026-04-21 18:00:00,5118,2026-04-21 18:15:00,2026-04-21 19:15:00,1,engulf,4.645636266285913,4750.85,4722.029142857143,28.820857142857676,stop,-28.950857142857675,-1.0045106222676037
2026-04-21 23:00:00,5138,2026-04-21 23:15:00,2026-04-22 04:15:00,1,star,7.6218102324799,4702.27,4666.800928571429,35.469071428571624,time,44.129999999999306,1.2441825574393524
2026-04-27 18:15:00,5487,2026-04-27 18:30:00,2026-04-27 22:30:00,1,engulf,5.196760563380319,4681.17,4666.215714285714,14.954285714286016,time,-1.3200000000005092,-0.08826901031718933
2026-04-28 03:30:00,5520,2026-04-28 03:45:00,2026-04-28 04:45:00,-1,star,8.366719105051418,4691.8,4701.828642857143,10.028642857142586,tp,19.927285714285173,1.9870371293651752
2026-04-29 02:45:00,5609,2026-04-29 03:00:00,2026-04-29 04:00:00,1,engulf,2.9361111111111344,4596.2,4587.527142857142,8.672857142857538,stop,-8.772857142857537,-1.0115302256629874
2026-05-01 09:45:00,5821,2026-05-01 10:00:00,2026-05-01 10:00:00,1,engulf,7.022553049661216,4596.04,4590.227071428571,5.812928571428529,stop,-5.942928571428529,-1.022363942443568
2026-05-01 17:30:00,5852,2026-05-01 17:45:00,2026-05-01 21:45:00,-1,star,6.385258254555458,4630.53,4661.754071428571,31.224071428570824,time,6.0999999999995635,0.1953620947208668
2026-05-11 09:00:00,6370,2026-05-11 09:15:00,2026-05-11 13:15:00,1,engulf,7.648562300319594,4667.07,4647.141571428571,19.928428571428412,time,-3.8000000000000727,-0.1906823704829477
2026-05-12 18:30:00,6500,2026-05-12 18:45:00,2026-05-12 22:45:00,1,engulf,4.887629209736518,4668.05,4636.676285714286,31.373714285714414,time,47.48999999999989,1.513687527320404
2026-05-14 17:00:00,6678,2026-05-14 17:15:00,2026-05-14 21:15:00,1,star,4.578715919085392,4690.32,4665.693,24.626999999999498,time,-16.909999999999744,-0.6866447395135457
2026-05-15 03:45:00,6717,2026-05-15 04:00:00,2026-05-15 04:00:00,1,engulf,8.526917712691827,4630.55,4612.575714285715,17.974285714285543,stop,-18.104285714285542,-1.0072325544428549
2026-05-19 13:45:00,6941,2026-05-19 14:00:00,2026-05-19 16:00:00,1,engulf,4.530601017741693,4544.72,4524.461285714286,20.258714285714632,stop,-20.38871428571463,-1.006416991629704
2026-05-19 16:45:00,6953,2026-05-19 17:00:00,2026-05-19 21:00:00,1,engulf,5.515894868585671,4511.36,4463.217857142858,48.14214285714206,time,-10.459999999999928,-0.21727325331236577
2026-05-21 04:45:00,7089,2026-05-21 05:00:00,2026-05-21 05:45:00,-1,star,6.204938271604968,4559.05,4571.597857142857,12.547857142856628,tp,24.965714285713258,1.9896396652814934
2026-05-21 10:45:00,7113,2026-05-21 11:00:00,2026-05-21 13:15:00,1,star,6.734874569601526,4523.36,4511.178714285715,12.181285714284968,stop,-12.311285714284969,-1.0106721082691255
2026-05-21 21:00:00,7154,2026-05-21 21:30:00,2026-05-22 02:30:00,-1,engulf,6.780441035474425,4543.09,4560.402999999999,17.312999999999192,time,9.420000000000181,0.5440998093918223
2026-05-22 09:15:00,7199,2026-05-22 09:30:00,2026-05-22 13:30:00,1,star,5.037126865671655,4526.1,4506.704285714286,19.395714285714348,time,-13.680000000000183,-0.7053104514988655
2026-05-26 15:00:00,7396,2026-05-26 15:15:00,2026-05-26 15:30:00,1,engulf,4.380866290018888,4512.3,4502.941785714286,9.358214285713984,stop,-9.488214285713985,-1.0138915391367407
2026-05-26 21:15:00,7421,2026-05-26 21:30:00,2026-05-27 01:00:00,1,star,8.225443487075632,4496.25,4481.885357142857,14.364642857142826,tp,28.599285714285653,1.9909500012431318
2026-05-29 10:00:00,7652,2026-05-29 10:15:00,2026-05-29 10:30:00,-1,engulf,4.528193751155517,4516.02,4524.852714285714,8.832714285713337,stop,-8.962714285713338,-1.0147180125830937
2026-05-29 14:00:00,7668,2026-05-29 14:15:00,2026-05-29 17:00:00,-1,star,6.2628983976053165,4530.92,4544.111285714286,13.191285714286096,stop,-13.321285714286097,-1.009854990848937
2026-05-29 18:30:00,7686,2026-05-29 18:45:00,2026-05-29 22:45:00,-1,star,5.6995998768852205,4561.51,4596.9545,35.44449999999961,time,15.810000000000509,0.44604945760275033
2026-06-02 05:00:00,7816,2026-06-02 05:15:00,2026-06-02 08:15:00,1,engulf,3.556959203388561,4481.12,4461.998785714286,19.121214285713904,tp,38.112428571427806,1.9932012685984524
2026-06-02 17:30:00,7866,2026-06-02 17:45:00,2026-06-02 19:30:00,1,engulf,5.8112778904666005,4505.44,4489.469642857143,15.970357142856301,stop,-16.1003571428563,-1.0081400809535528
2026-06-03 09:00:00,7924,2026-06-03 09:15:00,2026-06-03 09:45:00,1,engulf,5.76022190260932,4467.4,4456.004714285714,11.39528571428582,stop,-11.52528571428582,-1.0114082264595634
2026-06-04 08:00:00,8012,2026-06-04 08:15:00,2026-06-04 12:15:00,-1,star,7.1433914152146665,4471.53,4484.880357142857,13.35035714285732,time,6.719999999999454,0.5033573205638753
2026-06-08 09:00:00,8200,2026-06-08 09:15:00,2026-06-08 13:15:00,1,star,7.156606162938067,4308.07,4267.465499999999,40.60450000000037,time,-14.359999999999564,-0.3536553830240351
2026-06-10 09:30:00,8386,2026-06-10 09:45:00,2026-06-10 11:00:00,-1,star,5.596138244361407,4205.05,4222.740428571428,17.69042857142813,tp,35.250857142856255,1.9926513934088648
2026-06-10 22:30:00,8438,2026-06-10 22:45:00,2026-06-10 23:00:00,1,engulf,9.610761154855743,4091.92,4080.5814285714287,11.338571428571413,stop,-11.468571428571414,-1.0114652891520726
2026-06-11 04:45:00,8459,2026-06-11 05:00:00,2026-06-11 05:45:00,-1,engulf,4.472182692959285,4098.04,4120.198142857143,22.158142857142593,tp,44.186285714285184,1.994133082323815
2026-06-12 04:45:00,8551,2026-06-12 05:00:00,2026-06-12 09:00:00,1,engulf,4.525020508613604,4191.54,4169.805642857143,21.734357142857334,time,-8.640000000000219,-0.39752728563400935
2026-06-12 18:30:00,8606,2026-06-12 18:45:00,2026-06-12 22:45:00,-1,engulf,4.018188208417552,4210.49,4237.215857142857,26.72585714285742,time,-0.3900000000002183,-0.014592609618301696
2026-06-16 16:00:00,8780,2026-06-16 16:15:00,2026-06-16 17:30:00,-1,engulf,6.432096021338194,4342.17,4355.532714285715,13.362714285714901,tp,26.595428571429803,1.9902714375821855
2026-06-17 04:30:00,8826,2026-06-17 04:45:00,2026-06-17 08:45:00,-1,star,6.1884181133909175,4337.94,4350.278357142856,12.338357142856694,time,11.229999999999672,0.9101697957009854
2026-06-22 03:00:00,9080,2026-06-22 03:15:00,2026-06-22 04:00:00,1,star,5.041304347826056,4162.62,4135.65,26.970000000000255,tp,53.81000000000051,1.9951798294401186
2026-06-22 04:30:00,9086,2026-06-22 04:45:00,2026-06-22 08:45:00,-1,star,7.102607232968941,4194.97,4222.209000000001,27.239000000000487,time,1.0500000000002911,0.038547670619342576
2026-06-24 02:45:00,9263,2026-06-24 03:00:00,2026-06-24 04:00:00,1,engulf,8.751192910702054,4100.4,4080.1865000000003,20.213499999999385,stop,-20.343499999999384,-1.0064313453879834
2026-06-24 14:30:00,9310,2026-06-24 14:45:00,2026-06-24 15:00:00,1,engulf,7.428711978355378,4051.45,4036.698785714286,14.751214285714013,stop,-14.881214285714014,-1.008812833810292
2026-06-24 16:30:00,9318,2026-06-24 16:45:00,2026-06-24 20:45:00,1,star,7.358520392032881,4018.05,3962.7825714285714,55.26742857142881,time,-45.399999999999984,-0.8214603279637671
2026-06-25 03:00:00,9356,2026-06-25 03:15:00,2026-06-25 04:45:00,-1,star,6.479320819378494,4003.93,4019.5870714285716,15.657071428571726,tp,31.184142857143453,1.991697042413515
2026-06-25 16:30:00,9410,2026-06-25 16:45:00,2026-06-25 18:15:00,-1,star,5.866228917213878,4010.97,4035.1695714285715,24.199571428571744,stop,-24.329571428571743,-1.0053719959621479
2026-06-26 06:00:00,9460,2026-06-26 06:15:00,2026-06-26 10:15:00,1,engulf,5.506852840872546,3999.91,3981.9899285714287,17.92007142857119,tp,35.71014285714238,1.9927455646302428
2026-06-29 01:45:00,9535,2026-06-29 02:00:00,2026-06-29 02:30:00,1,star,4.888252148997175,4069.55,4052.4975,17.052500000000236,stop,-17.182500000000235,-1.0076235156135462
2026-06-29 03:30:00,9542,2026-06-29 03:45:00,2026-06-29 07:45:00,1,engulf,4.189460476787964,4069.85,4047.1814285714286,22.66857142857134,time,-17.659999999999744,-0.7790521804890262
2026-06-30 17:45:00,9691,2026-06-30 18:00:00,2026-06-30 22:00:00,-1,star,6.786083324172789,4037.38,4064.6895714285715,27.309571428571417,time,13.1500000000002,0.48151616126215
2026-07-03 09:30:00,9934,2026-07-03 09:45:00,2026-07-03 13:45:00,1,star,5.713451658103759,4173.68,4159.878285714285,13.801714285715207,time,3.359999999999782,0.24344801887961023
2026-07-06 17:45:00,10043,2026-07-06 18:00:00,2026-07-06 20:45:00,1,engulf,3.823057462956335,4138.24,4127.521785714286,10.718214285713657,tp,21.306428571427315,1.9878711139248937
2026-07-07 04:30:00,10082,2026-07-07 04:45:00,2026-07-07 06:45:00,1,engulf,6.041047416843645,4142.28,4125.1134999999995,17.16650000000027,stop,-17.296500000000268,-1.0075728890571751
2026-07-07 22:30:00,10154,2026-07-07 22:45:00,2026-07-08 03:45:00,1,engulf,10.513117546848235,4115.02,4091.4514285714286,23.568571428571886,time,-3.620000000000691,-0.1535943750757931
2026-07-09 06:30:00,10274,2026-07-09 06:45:00,2026-07-09 08:45:00,1,engulf,3.937533006412642,4063.43,4053.3332142857143,10.096785714285488,tp,20.063571428570977,1.987124615330197
2026-07-09 21:00:00,10332,2026-07-09 21:15:00,2026-07-10 02:15:00,-1,engulf,7.260354335327869,4127.49,4138.588785714285,11.098785714285441,time,5.1499999999997454,0.46401472490554446
2026-07-14 05:30:00,10546,2026-07-14 05:45:00,2026-07-14 07:30:00,-1,star,3.548958035969147,4010.66,4020.080857142857,9.42085714285713,stop,-9.550857142857131,-1.0137991690170747
2026-07-15 16:00:00,10680,2026-07-15 16:15:00,2026-07-15 19:15:00,-1,engulf,7.036018452803402,4061.77,4074.875142857143,13.105142857143164,tp,26.08028571428633,1.9900802302258658
2026-07-16 16:15:00,10773,2026-07-16 16:30:00,2026-07-16 20:30:00,1,star,5.709048316251824,4006.22,3972.510357142857,33.709642857142626,time,-24.799999999999617,-0.7356945342049159
2026-07-17 06:45:00,10827,2026-07-17 07:00:00,2026-07-17 11:00:00,-1,star,4.279680099386588,3990.63,4009.5699285714286,18.93992857142848,time,-2.729999999999909,-0.1441399311356541
2026-07-17 16:00:00,10864,2026-07-17 16:30:00,2026-07-17 18:00:00,1,engulf,6.333179340293743,3975.91,3958.916928571429,16.993071428571056,tp,33.85614285714211,1.9923498232472896
2026-07-20 17:15:00,10961,2026-07-20 17:30:00,2026-07-20 21:30:00,1,engulf,4.85990180032733,4006.84,3997.467142857143,9.372857142857356,time,-0.4700000000001455,-0.05014479500077647
2026-07-22 17:15:00,11145,2026-07-22 17:45:00,2026-07-22 18:45:00,-1,star,5.459210345302046,4144.47,4164.468428571429,19.99842857142903,stop,-20.12842857142903,-1.0065005107544163
2026-07-24 16:30:00,11326,2026-07-24 16:45:00,2026-07-24 18:15:00,1,star,2.920600391559715,4056.69,4044.0532857142857,12.636714285714334,tp,25.143428571428668,1.9897125156855875
2026-07-24 18:30:00,11334,2026-07-24 18:45:00,2026-07-24 22:45:00,-1,engulf,5.876012287070686,4071.85,4083.1631428571427,11.313142857142793,time,17.98000000000013,1.5893019496919083
2026-07-28 19:15:00,11521,2026-07-28 19:30:00,2026-07-28 20:30:00,-1,star,4.0800262920056,4042.05,4047.9393571428573,5.8893571428570795,tp,11.648714285714158,1.9779262834895874
2026-08-03 22:45:00,11903,2026-08-03 23:00:00,2026-08-03 23:30:00,-1,engulf,7.540679711637536,4051.69,4056.2355,4.54549999999972,stop,-4.67549999999972,-1.0285997140028618
2026-08-04 03:30:00,11918,2026-08-04 03:45:00,2026-08-04 07:45:00,-1,star,10.977819431427585,4055.63,4069.797285714286,14.167285714285754,time,-8.340000000000037,-0.5886801585140827
2026-08-05 02:45:00,12007,2026-08-05 03:00:00,2026-08-05 04:30:00,1,star,8.121788502483977,4073.62,4064.9967857142856,8.623214285714312,tp,17.116428571428624,1.9849244149927523
2026-08-07 03:00:00,12192,2026-08-07 03:15:00,2026-08-07 04:30:00,-1,engulf,4.4117087604353316,4243.4,4253.925928571429,10.525928571429176,stop,-10.655928571429177,-1.0123504543202833
2026-08-10 04:45:00,12291,2026-08-10 05:00:00,2026-08-10 08:45:00,1,star,5.248541423570709,4324.21,4312.593,11.61700000000019,tp,23.10400000000038,1.9888095033141089
2026-08-11 21:30:00,12450,2026-08-11 21:45:00,2026-08-12 02:45:00,1,star,5.521286150529928,4371.82,4359.5347142857145,12.285285714285237,time,-0.37,-0.030117329674292134
2026-08-12 20:15:00,12537,2026-08-12 20:30:00,2026-08-13 01:30:00,1,star,3.893848462115487,4409.86,4395.5674285714285,14.292571428571136,time,-9.87,-0.6905685271070027
2026-08-13 03:45:00,12563,2026-08-13 04:00:00,2026-08-13 08:00:00,-1,engulf,6.722012578616406,4424.13,4450.5650000000005,26.4350000000004,time,19.419999999999963,0.7346321165121872
2026-08-17 03:00:00,12744,2026-08-17 03:15:00,2026-08-17 04:00:00,1,star,4.706228099920925,4379.53,4366.6380714285715,12.891928571428252,tp,25.663857142856504,1.9906918503825757
2026-08-17 21:45:00,12819,2026-08-17 22:00:00,2026-08-18 03:00:00,1,engulf,4.513051682566249,4407.47,4397.438642857142,10.031357142857814,tp,19.942714285715628,1.9880375109478143
2026-08-20 18:30:00,13082,2026-08-20 19:15:00,2026-08-20 23:15:00,-1,star,6.345429905134767,4510.06,4542.373071428571,32.313071428570765,time,-10.919999999999272,-0.33794373351782214
2026-08-26 18:30:00,13450,2026-08-26 18:45:00,2026-08-26 22:45:00,1,star,4.772286374134012,4604.81,4581.738214285714,23.071785714286307,time,-10.650000000000654,-0.4616027615671749
2026-08-27 17:15:00,13537,2026-08-27 17:30:00,2026-08-27 21:30:00,1,star,6.264489088018544,4584.22,4564.111571428572,20.108428571428703,time,20.090000000000035,0.9990835399512594
2026-08-28 09:00:00,13596,2026-08-28 09:15:00,2026-08-28 09:45:00,1,star,6.963940759819533,4583.59,4571.044428571428,12.545571428571748,tp,24.971142857143494,1.9904348717247977
2026-09-02 05:15:00,13857,2026-09-02 05:30:00,2026-09-02 06:30:00,1,star,7.239379955034973,4306.57,4286.162714285714,20.407285714285536,stop,-20.527285714285536,-1.0058802528508728
2026-09-03 16:15:00,13993,2026-09-03 16:30:00,2026-09-03 18:00:00,-1,star,6.5895417658185105,4477.03,4497.150642857142,20.12064285714223,stop,-20.24064285714223,-1.005964024154298
2026-09-04 16:00:00,14084,2026-09-04 16:15:00,2026-09-04 20:15:00,1,engulf,8.166340508806334,4394.32,4364.036999999999,30.283000000000357,time,34.20999999999993,1.129676716309465
2026-09-07 04:30:00,14130,2026-09-07 04:45:00,2026-09-07 08:45:00,1,star,6.905240428535882,4413.32,4388.749928571428,24.570071428571282,time,-19.349999999999564,-0.7875434980420299
2026-09-07 09:15:00,14149,2026-09-07 09:30:00,2026-09-07 13:30:00,1,engulf,7.161159811193301,4398.16,4384.5985,13.561499999999796,time,0.30000000000007276,0.022121446742622664
2026-09-07 18:15:00,14185,2026-09-07 18:30:00,2026-09-08 02:00:00,-1,star,6.306143943826911,4411.68,4420.260357142857,8.580357142856883,time,0.5200000000003274,0.060603537981309505
2026-09-11 07:00:00,14498,2026-09-11 07:15:00,2026-09-11 11:15:00,1,engulf,5.975261412904946,4325.04,4299.739714285714,25.300285714285565,time,26.590000000000035,1.050976273559877
2026-09-14 01:15:00,14567,2026-09-14 01:30:00,2026-09-14 05:30:00,1,engulf,10.74314504408516,4336.48,4322.582785714286,13.897214285713744,time,9.13,0.6569661956918652
2026-09-14 16:15:00,14627,2026-09-14 16:30:00,2026-09-14 20:30:00,1,engulf,8.05782611632772,4277.76,4252.542642857144,25.2173571428566,time,32.109999999999566,1.2733293111604072
2026-09-15 06:00:00,14678,2026-09-15 06:15:00,2026-09-15 08:30:00,-1,engulf,4.79390208150111,4309.93,4318.1609285714285,8.230928571428194,tp,16.341857142856387,1.985420842987685
2026-09-17 04:45:00,14857,2026-09-17 05:00:00,2026-09-17 09:00:00,-1,star,6.801921612279572,4298.13,4319.3692142857135,21.239214285713388,time,-14.069999999999817,-0.6624538841563475
2026-09-21 15:15:00,15083,2026-09-21 15:30:00,2026-09-21 19:30:00,-1,engulf,4.102979657297322,4351.56,4375.636214285714,24.07621428571383,time,7.5000000000008,0.3115107678889158
2026-09-23 14:45:00,15265,2026-09-23 15:00:00,2026-09-23 16:30:00,1,engulf,9.221052631578942,4309.95,4294.1900000000005,15.759999999999309,stop,-15.879999999999308,-1.0076142131979697
2026-09-25 04:45:00,15409,2026-09-25 05:30:00,2026-09-25 07:45:00,-1,star,8.249653579676599,4286.45,4296.408571428571,9.958571428571304,tp,19.797142857142607,1.9879500788982927
2026-09-25 08:15:00,15423,2026-09-25 08:30:00,2026-09-25 11:15:00,1,engulf,6.4974655192738995,4265.08,4255.814071428572,9.265928571428049,tp,18.411857142856096,1.9870493281838988
2026-09-29 14:30:00,15632,2026-09-29 14:45:00,2026-09-29 16:30:00,-1,engulf,7.259396506088155,4151.14,4161.849714285715,10.709714285714654,stop,-10.829714285714653,-1.0112047807064344
2026-09-30 10:30:00,15708,2026-09-30 10:45:00,2026-09-30 11:30:00,-1,engulf,4.623376623376663,4191.38,4202.080000000001,10.700000000000728,stop,-10.820000000000727,-1.0112149532710273
2026-09-30 16:00:00,15730,2026-09-30 16:15:00,2026-09-30 17:30:00,-1,star,5.953805857607706,4201.71,4220.189928571429,18.4799285714289,tp,36.8398571428578,1.9935064684078094
2026-10-01 15:00:00,15818,2026-10-01 15:15:00,2026-10-01 15:30:00,-1,engulf,4.8970042796003845,4176.41,4186.621071428572,10.211071428571813,stop,-10.331071428571812,-1.0117519499143082
2026-10-02 13:30:00,15904,2026-10-02 13:45:00,2026-10-02 15:30:00,1,star,3.735685115996147,4182.79,4165.307928571428,17.482071428571544,tp,34.84414285714309,1.9931358248654747
2026-10-02 16:00:00,15914,2026-10-02 16:15:00,2026-10-02 18:45:00,-1,star,4.734842951059152,4195.29,4226.661214285715,31.371214285714814,tp,62.62242857142963,1.9961748372598176
2026-10-05 17:00:00,16010,2026-10-05 17:45:00,2026-10-05 18:15:00,1,engulf,4.411098527746309,4146.56,4130.557,16.00300000000061,stop,-16.123000000000612,-1.0074985940136223
2026-10-06 04:15:00,16051,2026-10-06 04:30:00,2026-10-06 08:30:00,-1,star,5.145677762308548,4135.51,4152.814357142857,17.304357142857043,time,13.520000000000328,0.7813061120031936
