day,lonbrk_net
2026-02-03,8.201928107017483
2026-02-04,-100.05534953229645
2026-02-11,-100.22588660492434
2026-02-19,-43.47042438145176
2026-02-20,75.74062564740048
2026-03-03,172.21779018747324
2026-03-04,-38.73950372676679
2026-03-10,60.13298641225737
2026-03-11,42.361809045226025
2026-03-12,-100.17247326664366
2026-03-13,68.76578852399852
2026-03-18,346.4576074332123
2026-03-19,126.90180965147465
2026-03-23,-53.824696920931196
2026-03-26,-17.59482825765296
2026-04-01,74.55538439994434
2026-04-06,-13.712160082093561
2026-04-07,-100.19409937888199
2026-04-09,173.5328297501466
2026-04-10,-100.30878859857484
2026-04-13,-18.52336825141025
2026-04-14,64.66476831478023
2026-04-15,15.589164035233846
2026-04-21,56.43971874464025
2026-04-22,-78.90818858560681
2026-04-28,47.14780156390174
2026-04-29,82.98245614035196
2026-04-30,45.24583891333375
2026-05-01,-100.28792912513843
2026-05-04,114.69500924214587
2026-05-05,42.61186264308114
2026-05-06,14.734279918864068
2026-05-07,-32.41826033312718
2026-05-12,35.96402330884289
2026-05-13,-20.31648800408338
2026-05-14,-100.29572338489537
2026-05-15,15.19544870618515
2026-05-18,-15.542168674699468
2026-05-21,12.377850162866824
2026-05-26,28.771438571929973
2026-05-27,73.93898073972942
2026-05-29,133.9811374678494
2026-06-01,56.81172097091495
2026-06-02,-48.15946843853778
2026-06-03,31.337518107193745
2026-06-10,51.4437242192104
2026-06-12,-54.55989410986054
2026-06-15,28.367234744365906
2026-06-16,7.23466764597991
2026-06-23,-32.29912490055692
2026-06-26,100.57922272047843
2026-06-29,25.061224489796547
2026-06-30,-5.217010083296932
2026-07-01,-100.23559260601668
2026-07-02,99.0414032225156
2026-07-06,-6.242455595792025
2026-07-08,149.37406109163715
2026-07-09,34.875510962466706
2026-07-10,-18.531073446328055
2026-07-15,-100.31847133757962
2026-07-20,-37.04668838219376
2026-07-23,130.5729296972714
2026-07-24,92.67015706806197
2026-07-28,-24.03117101937604
2026-07-29,-100.37746806039489
2026-07-31,66.41471403376292
2026-08-03,29.590737749057066
2026-08-04,66.75392670157017
2026-08-05,48.00318781546091
2026-08-07,60.93568945538714
2026-08-10,-2.9157667386614454
2026-08-11,-31.951640759931504
2026-08-12,8.979135618480933
2026-08-13,4.553328384063541
2026-08-19,351.8845228548426
2026-08-21,79.7685894163683
2026-08-26,58.36058871627152
2026-08-27,-30.856047700170098
2026-08-28,-100.28873917228104
2026-09-01,136.660422799036
2026-09-03,89.4585448392575
2026-09-04,-100.4460966542751
2026-09-08,7.4893807288179906
2026-09-09,-11.79471324779619
2026-09-10,53.14654213920458
2026-09-14,93.19492502883314
2026-09-15,-18.227033352836806
2026-09-17,85.19617540389105
2026-09-18,-64.66846875496988
2026-09-21,-5.021598272137645
2026-09-22,-26.552744002628675
2026-09-23,100.92357423227783
2026-09-24,57.322033898307296
2026-09-25,-100.30480060960122
2026-09-28,31.863490454468756
2026-09-29,28.583765112263226
2026-09-30,-100.4099760847284
2026-10-05,-100.31209362808842
2026-10-06,25.745879407469143
2026-10-07,49.37238493723723
