day,eff,rng_atr,rev,am_share,ny_share,ret,atr
2023-03-01,0.4584870848708394,1.1174105762292608,1,0.630535055350555,0.5184501845018439,9.939999999999827,19.40199999999995
2023-03-02,0.09856035437431925,0.4863205514864278,1,0.9413067552602464,0.983388704318952,-0.8900000000001,18.567999999999962
2023-03-03,0.9363241678726405,1.170723442706279,0,0.4915581283164518,0.8345393150024091,19.409999999999854,17.706999999999947
2023-03-07,0.859455292908535,2.21174063760868,0,0.19347379239465576,0.6320657759506683,-33.450000000000045,17.59699999999996
2023-03-08,0.021345407503244103,0.7680461026379887,1,0.4133247089262668,0.7826649417852446,0.3300000000001546,20.12899999999995
2023-03-09,0.7223390828775709,1.2234288949508487,0,0.30164072360118127,0.7820782498948226,17.169999999999845,19.428999999999952
2023-03-10,0.8466981132075475,2.1021318790282684,0,0.22712264150943068,0.8511792452830205,35.90000000000009,20.16999999999996
2023-03-14,0.5418006430868156,0.7206302618367137,0,0.6736334405144713,0.8869239013933593,-10.1099999999999,25.893999999999984
2023-03-15,0.28095975232198195,2.057816357410204,0,0.18130804953560217,0.5493421052631572,14.519999999999982,25.113999999999987
2023-03-16,0.03852080123266559,0.923383367717154,0,0.6498459167950642,0.7742681047765835,1.0,28.113999999999965
2023-03-17,0.9636519748139705,2.344415741268828,0,0.23125357756153236,0.678878076702918,67.34000000000015,29.80699999999997
2023-03-21,0.7654991948470229,1.3139728636039014,0,0.299516908212559,0.6270128824476644,-38.02999999999997,37.80899999999995
2023-03-22,0.6675621222296818,1.1487720200591522,1,0.2677412133422883,0.9357510633534837,29.819999999999936,38.88499999999995
2023-03-23,0.5912953901622477,0.9288140458307415,0,0.4929178470254934,0.9456605717228972,22.960000000000036,41.80599999999995
2023-03-24,0.5265613783201768,0.6432397487994075,0,0.34852835606604704,1.0,-14.670000000000073,43.31199999999994
2023-03-28,0.6660276073619609,0.6417638663320037,1,0.46395705521472175,0.6238496932515348,17.36999999999989,40.63799999999994
2023-03-29,0.5815286624203958,0.37941034316094335,0,1.0,0.7044585987261194,-9.13000000000011,41.37999999999995
2023-03-30,0.5521873923527382,0.768355301466307,0,0.5580434033758203,0.7023768515328933,16.029999999999973,37.78199999999995
2023-03-31,0.528557599225547,0.5424138202630711,0,0.492255566311715,1.0,-10.919999999999845,38.08899999999994
2023-04-04,0.7519799916631912,1.4605339259078896,1,0.17757398916215045,0.8922467694872849,36.07999999999993,32.85099999999996
2023-04-05,0.0036297640653427743,0.6743979682384256,1,0.40607985480944014,1.0,0.08000000000015461,32.68099999999997
2023-04-06,0.6324245374878191,0.6752580708790844,0,0.6499513145082733,0.9698149951314561,-12.989999999999782,30.41799999999996
2023-04-11,0.6659517426273465,0.6565745467347331,0,0.8,0.5978552278820395,12.420000000000073,28.404999999999994
2023-04-12,0.41390851617702,1.0053088081351913,0,0.6742283376719901,1.0,11.13000000000011,26.748
2023-04-13,0.7398119122257081,1.3079130791307874,0,0.3416927899686531,0.6332288401253876,25.960000000000036,26.82900000000002
2023-04-14,0.6475290697674373,1.9132369299221403,0,0.1964026162790722,0.8697311046511619,-35.63999999999987,28.76800000000003
2023-04-18,0.4815533980582581,0.6302006852667612,0,0.5252427184466012,1.0,9.920000000000073,32.68800000000003
2023-04-19,0.2649858502701366,1.2673622432344265,1,0.5438641625932579,0.5155647028556732,-10.300000000000182,30.670000000000027
2023-04-20,0.4773039889958784,0.7328875298229085,0,0.49105914718019544,0.6079779917469061,10.410000000000082,29.759000000000015
2023-04-21,0.62757807896288,1.1413774549367783,0,0.6968179139658236,0.7760754272245168,-21.300000000000182,29.73600000000001
2023-04-25,0.3002167630057777,0.9181371898633429,0,0.48338150289017623,0.7351878612716714,8.309999999999945,30.148000000000003
2023-04-26,0.278354479046521,0.8376541818298925,1,0.3594771241830119,1.0,-7.240000000000009,31.051
2023-04-27,0.06378600823044957,0.9417692084100335,1,0.4842249657064537,1.0,-1.8599999999999,30.962999999999987
2023-04-28,0.08781266631186092,0.6187026671056955,1,0.526875997871214,1.0,1.6499999999998636,30.369999999999983
2023-05-02,0.8452701051087765,1.5580607076208213,1,0.13053043265705608,0.8530921535076995,34.57999999999993,26.25699999999997
2023-05-03,0.6655688622754523,1.1807126696832546,1,0.20748502994012252,0.9044910179640766,22.230000000000018,28.287999999999965
2023-05-04,0.14553140096618375,1.7908510868389793,1,1.0,0.5543478260869596,7.230000000000018,27.740999999999964
2023-05-05,0.6294634511123545,1.7521619496855363,0,0.25462703309029944,0.6380631893811904,-33.669999999999845,30.527999999999974
2023-05-09,0.7406181015452623,0.5605048255382306,0,0.512693156732893,0.8068432671081666,13.420000000000073,32.32799999999995
2023-05-10,0.18004501125281094,0.8498023715415063,0,0.40435108777194073,1.0,-4.7999999999999545,31.371999999999936
2023-05-11,0.4998334998334962,0.9552438209752919,0,0.48751248751248,1.0,-15.009999999999991,31.436999999999944
2023-05-12,0.20683287165280798,0.6870955462504716,1,0.5475530932594636,0.6897506925207828,-4.479999999999791,31.52399999999998
2023-05-16,0.8315085158150926,1.0809744550744615,0,0.47445255474452447,0.8935523114355227,-27.340000000000146,30.416999999999984
2023-05-17,0.3903920485919368,0.6115350847572063,0,0.3495306460519029,0.7211485367200452,-7.069999999999936,29.613999999999987
2023-05-18,0.7006462984723835,1.2120348940715675,0,0.3651586368977696,0.6953584018801372,-23.84999999999991,28.08499999999999
2023-05-19,0.6630254882489225,1.1390973191056166,0,0.488910956636874,0.8944058258854667,20.029999999999973,26.52099999999998
2023-05-23,0.1359555365540864,0.9727189553356014,1,0.7353569901667438,0.8503634031637444,3.1800000000000637,24.046000000000003
2023-05-24,0.6240786240786229,1.159402596345583,0,0.3471393471393426,0.9849069849069827,-17.779999999999973,24.573
2023-05-25,0.6469679412900708,1.0458070770722292,1,0.2665121668597851,0.817303978370027,-16.75,24.755999999999993
2023-05-26,0.3097087378640843,0.8462739298332069,1,1.0,0.6800970873786434,6.380000000000109,24.341999999999985
2023-05-30,0.5053695514845218,1.3368803310531256,0,0.4680985470625363,0.40176879343019567,16.0,23.68199999999997
2023-05-31,0.15256653992395472,0.8930390492360016,1,0.5565589353612134,0.6768060836501844,3.2100000000000364,23.55999999999999
2023-06-01,0.49781659388646105,1.2480610405399721,1,0.4141753443063465,0.7887134699361784,14.819999999999936,23.85300000000002
2023-06-02,0.821448467966572,1.5324852727738434,0,0.26155988857938933,0.8799442896935888,-29.49000000000001,23.426000000000023
2023-06-06,0.11970074812966172,0.47698346615915155,0,0.6458852867830424,1.0,1.4399999999998272,25.221000000000025
2023-06-07,0.770853939993398,1.2592900145318708,0,0.38608638311901583,1.0,-23.37999999999988,24.085000000000036
2023-06-08,0.8021304067140056,1.2765256088013495,0,0.2837314396384751,0.7085216268560373,24.84999999999991,24.26900000000005
2023-06-09,0.32722832722831896,0.6610703043022069,0,0.24236874236874242,1.0,-5.3599999999999,24.77800000000004
2023-06-13,0.4433290155440449,1.2261753494282006,1,0.30505181347149873,1.0,-13.690000000000055,25.18400000000006
2023-06-14,0.09249394673123842,0.8225125468015637,1,0.4556900726392271,1.0,-1.9100000000000819,25.10600000000004
2023-06-15,0.4507628294036067,1.4381457693381703,1,0.4540915395284303,1.0,16.25,25.06700000000003
2023-06-16,0.02525597269623852,0.5701498345981649,1,0.5952218430034204,0.9515358361774869,-0.36999999999989086,25.69500000000003
2023-06-20,0.5451517394522586,1.2244528028277506,1,0.4322723908216163,0.8593634344929698,-14.730000000000018,22.067000000000007
2023-06-21,0.179185076092296,0.8643808877196006,1,0.4045164457535573,0.906234658811975,-3.650000000000091,23.56600000000001
2023-06-22,0.8176574977817155,0.9986708019494887,0,0.34960070984916247,0.8225377107364682,-18.429999999999836,22.570000000000004
2023-06-23,0.25839793281653606,1.2468931234465686,1,0.32521225544481824,0.7117017349575441,7.0,21.726
2023-06-27,0.4873481781376576,0.8873720136518765,1,0.47672064777328327,1.0,-9.63000000000011,22.268000000000008
2023-06-28,0.43411927877947015,0.6816033276611865,1,0.5603328710124905,0.7337031900138609,-6.259999999999991,21.156000000000017
2023-06-29,0.01539225422045419,0.9808600788973778,0,0.5074478649453869,1.0,0.30999999999994543,20.533000000000015
2023-06-30,0.4936936936936943,1.1719987329743446,1,0.2801801801801808,0.7405405405405415,10.960000000000036,18.942000000000007
2023-07-04,0.3951985226223372,0.5232895245458128,1,0.7857802400738778,0.5143120960295343,4.279999999999973,20.696000000000026
2023-07-05,0.532576505429416,1.0620118467264215,1,0.33909180651530707,1.0,-10.789999999999964,19.077000000000044
2023-07-06,0.15646258503401683,1.3107101646910715,0,0.26970788315326155,0.4937975190076087,-3.910000000000082,19.06600000000003
2023-07-07,0.5697352824970409,1.3106519600227797,0,0.2718293164757062,0.7661003555906722,14.420000000000073,19.311000000000035
2023-07-11,0.5188343994314051,0.7237282032817323,0,0.9928926794598341,0.4307036247334666,7.2999999999999545,19.44100000000001
2023-07-12,0.9124909222948407,1.4593047901653204,0,0.3213507625272385,0.8968772694262837,25.12999999999988,18.872000000000025
2023-07-13,0.3259521700620019,0.5593539437178053,0,0.7183348095659666,1.0,3.6800000000000637,20.184000000000015
2023-07-14,0.375975039001557,0.6642831234778955,0,0.7355694227769197,0.9188767550702053,-4.819999999999936,19.299000000000046
2023-07-18,0.8085676037483326,1.6902364520873316,0,0.32161981258366595,0.791164658634537,24.160000000000082,17.67800000000002
2023-07-19,0.15197841726619346,0.5678394525864217,0,0.7104316546762537,0.9064748201438872,-1.6900000000000546,19.58299999999999
2023-07-20,0.3172164482602778,1.1853875408431158,1,0.5314053321283295,0.6678716674197877,-7.019999999999982,18.668999999999983
2023-07-21,0.4547563805104358,0.937822988630801,0,0.5626450116009304,0.566125290023201,-7.839999999999918,18.382999999999992
2023-07-25,0.6032338308457768,0.9204877211059547,0,0.6791044776119337,1.0,9.700000000000045,17.469000000000005
2023-07-26,0.46393643031784626,0.925863044708541,1,0.5580684596576979,0.884474327628369,7.589999999999918,17.66999999999998
2023-07-27,0.6743188698284549,2.394876752054142,1,0.2891019172552979,0.8226538849646833,-26.730000000000018,16.551999999999975
2023-07-28,0.7090005521811185,0.9341311187909507,0,0.6272777471010518,0.6234124792932018,12.840000000000146,19.386999999999965
2023-08-01,0.8622222222222281,1.1934037320989461,0,0.4686868686868742,0.5094949494949454,-21.340000000000146,20.738999999999965
2023-08-02,0.6421389396709271,1.0817759319687597,0,0.35603290676416477,0.7623400365630704,-14.049999999999955,20.225999999999978
2023-08-03,0.024416135881105777,0.44221199887334867,0,0.8535031847133895,0.9267515923566827,-0.2300000000000182,21.302
2023-08-04,0.16141806524608618,2.6473965353701754,1,0.11106920610975114,1.0,8.559999999999945,20.030999999999995
2023-08-08,0.7257959714100173,0.6497509077091902,0,0.5120207927225436,0.6068875893437294,-11.170000000000073,23.68599999999999
2023-08-09,0.5608292416803062,0.776135834356605,1,0.44135297326786416,0.7397708674304418,-10.279999999999973,23.616999999999983
2023-08-10,0.12958843159065211,0.7550180566053594,1,0.3337041156840931,1.0,-2.3299999999999272,23.813999999999986
2023-08-11,0.11694747274527709,0.4660938654841061,1,0.7215064420218069,0.8434093161546145,1.1799999999998363,21.64799999999998
2023-08-15,0.3613281249999994,0.7693848928070481,0,0.30794270833333653,1.0,-5.5499999999999545,19.963999999999988
2023-08-16,0.5954545454545467,0.8094612352168257,1,0.40324675324675324,0.9532467532467518,-9.170000000000073,19.024999999999977
2023-08-17,0.15459459459458919,1.0066931490450033,1,0.43621621621621276,1.0,-2.8599999999999,18.376999999999974
2023-08-18,0.003980099502506585,0.5211304122374888,1,0.6129353233830955,1.0,-0.040000000000190994,19.284999999999968
2023-08-22,0.19609120521172405,1.032904918915293,1,0.5342019543973924,0.7973941368078111,3.009999999999991,14.860999999999967
2023-08-23,0.7737068965517223,1.5615534764757237,0,0.3241379310344845,0.7495689655172417,17.949999999999818,14.856999999999994
2023-08-24,0.1237024221453348,0.753388946819601,0,0.6756055363321783,1.0,1.4300000000000637,15.343999999999983
2023-08-25,0.1490048413125333,1.2644538158073697,0,0.2544378698224873,1.0,-2.769999999999982,14.701999999999975
2023-08-29,0.741568296795958,1.5277598866417663,0,0.25505902192242613,1.0,17.590000000000146,15.525999999999977
2023-08-30,0.3472714386959692,0.8623640141791903,1,0.19773210489014764,0.6066619418851883,4.900000000000091,16.361999999999988
2023-08-31,0.3171557562076724,0.5458017618431539,1,0.6241534988713358,1.0,-2.8099999999999454,16.23299999999997
2023-09-01,0.004312668463620152,1.2148798218613028,1,0.3126684636118543,1.0,-0.08000000000015461,15.26899999999996
2023-09-05,0.9208211143694907,0.869288126951763,0,0.35777126099707285,0.6913489736070377,-12.559999999999945,15.690999999999985
2023-09-06,0.696467195385736,0.8936855670103033,0,0.41095890410959557,1.0,-9.660000000000082,15.519999999999982
2023-09-07,0.39319727891155215,0.503873311853014,1,0.595918367346961,1.0,2.8899999999998727,14.586999999999989
2023-09-08,0.024291497975722963,0.8718057320344592,1,0.6412955465587032,1.0,-0.3000000000001819,14.165999999999986
2023-09-12,0.555620953502063,1.245692499450106,1,0.3343143025309041,0.4437904649793973,-9.440000000000055,13.63900000000001
2023-09-13,0.46739130434782244,0.7805028536171612,0,0.5563241106719186,1.0,-4.730000000000018,12.966000000000008
2023-09-14,0.17310924369747638,0.9469244847616642,1,0.6478991596638569,0.9327731092437005,2.0599999999999454,12.56700000000003
2023-09-15,0.6247572815534066,1.6004972418615389,0,0.4747572815533988,0.6951456310679611,12.870000000000118,12.871000000000027
2023-09-19,0.29002624671916905,0.574184311656988,1,0.6574803149606382,0.8845144356955519,-2.2100000000000364,13.271000000000004
2023-09-20,0.06099436186571272,1.539979477464679,0,0.23116350589441276,0.9359302921578677,-1.1900000000000546,12.668999999999983
2023-09-21,0.6147308781869685,1.3337867452580574,1,0.42096317280453943,0.5586402266288938,-10.849999999999909,13.232999999999993
2023-09-22,0.5596234309623368,0.6702657224987698,1,0.9592050209205152,0.518828451882852,5.349999999999909,14.262999999999987
2023-09-26,0.8722442057659704,1.2849567807074942,0,0.4036178631995522,0.6873940079140782,-15.430000000000064,13.766999999999985
2023-09-27,0.8216905901116448,2.2656645226566403,0,0.2653907496012747,0.6488038277511955,-25.75999999999999,13.836999999999989
2023-09-28,0.5050091074681297,1.3759398496240651,1,0.2108378870673999,1.0,-11.090000000000146,15.959999999999969
2023-09-29,0.4943249701314201,1.9733584816692233,1,0.3282556750298687,1.0,-16.549999999999955,16.965999999999987
2023-10-03,0.34013230429989616,0.9414084799418687,0,0.7954796030870969,0.7772877618522607,-6.170000000000073,19.269000000000005
2023-10-04,0.11988513998564718,0.6854977609369647,1,0.597272074659002,0.908111988514001,-1.6700000000000728,20.321000000000005
2023-10-05,0.07129572225666976,0.8161716338612609,1,0.5740855548667035,0.5468071915684982,-1.150000000000091,19.763000000000012
2023-10-06,0.4717675941080219,1.2462393554637592,0,0.2442716857610503,1.0,11.529999999999973,19.611000000000036
2023-10-10,0.06607574536665377,0.5382313397232877,1,0.8235294117646994,0.791297340854154,-0.8200000000001637,23.057000000000016
2023-10-11,0.7567421790722669,0.8229393226508143,0,0.5145631067961215,0.5113268608414197,14.029999999999973,22.528999999999996
2023-10-12,0.3418903150525009,0.8066641566265097,1,0.5110851808634738,0.9784130688448007,-5.8599999999999,21.248000000000026
2023-10-13,0.9965463108320247,3.0675142059135103,0,0.22590266875980947,0.43359497645212086,63.48000000000002,20.76600000000003
2023-10-17,0.17475221700573274,0.7976200382791072,1,0.48930620761607063,0.6562336984872134,3.349999999999909,24.034000000000013
2023-10-18,0.6174599134639861,1.627791357666649,1,0.4950369050649036,0.6200050903537776,24.25999999999999,24.137000000000036
2023-10-19,0.8172307692307745,1.2176845260397138,0,0.24892307692307442,0.8609230769230775,26.560000000000173,26.690000000000033
2023-10-20,0.2679634775704639,0.8892575987573706,0,0.414053195712586,0.9491861849940465,6.75,28.32700000000002
2023-10-24,0.06766642282369842,1.0048145834098967,0,0.344550109729338,0.683247988295542,-1.849999999999909,27.20900000000004
2023-10-25,0.34899052327977065,0.8455856734722299,1,0.3547589616810933,1.0,8.470000000000027,28.702000000000044
2023-10-26,0.20259019426456326,0.7385140905209258,0,0.48519888991674154,0.8057354301572608,4.379999999999882,29.275000000000023
2023-10-27,0.6558082360172148,1.0947750899976427,0,0.21880762138906348,1.0,21.340000000000146,29.723000000000024
2023-10-31,0.4035874439461898,1.1251261352169526,1,0.2445670921007215,1.0,-11.700000000000045,25.76600000000001
2023-11-01,0.07422402159243645,0.8310901749663533,0,0.4898785425101153,1.0,-1.6499999999998636,26.748
2023-11-02,0.20870994248150768,0.48631368631368926,1,0.5546425636811799,1.0,2.5399999999999636,25.025
2023-11-03,0.34341978866475087,0.9055323590814165,0,0.2843419788664789,0.8463016330451463,7.150000000000091,22.992000000000008
2023-11-07,0.4087759815242583,0.9762366415655799,1,0.5690531177829106,0.47759815242494147,-8.850000000000136,22.177
2023-11-08,0.7824798984341981,1.093576453165489,0,0.25560727888277585,0.8019466779517526,-18.49000000000001,21.607999999999993
2023-11-09,0.3978240302743677,0.9812476791682088,1,0.48155156102175484,0.981078524124888,8.410000000000082,21.543999999999983
2023-11-10,0.7112472963229997,1.290472646073691,0,0.2559480894015828,0.5245133381398684,-19.730000000000018,21.49599999999996
2023-11-14,0.6282240235814256,1.2811555891238737,1,0.1705969049373652,0.9325718496683891,17.049999999999955,21.18399999999997
2023-11-15,0.16076845298280287,0.9419496166484116,1,0.5571284125379169,1.0,-3.1799999999998363,20.998999999999977
2023-11-16,0.6740858505564392,1.5153705309819836,0,0.3596184419713809,0.7147853736089026,21.200000000000045,20.753999999999973
2023-11-17,0.025675675675682734,0.6524997795608941,1,0.5695945945945919,0.8087837837837757,-0.38000000000010914,22.68199999999997
2023-11-21,0.6882333221589089,1.3276069250967977,0,0.5558162923231635,0.4653033858531651,20.5300000000002,22.468999999999983
2023-11-22,0.47104049205535925,0.8378065014815134,1,0.5592004100461346,0.7980522808815963,-9.190000000000055,23.28699999999999
2023-11-23,0.3622722400857594,0.4078688524590132,1,1.0,0.5391211146838413,3.380000000000109,22.875
2023-11-24,0.7616707616707556,0.5628284318244691,0,0.289107289107286,0.5995085995086111,9.299999999999955,21.694000000000006
2023-11-28,0.8319488817891447,1.5539668354681733,0,0.1926517571884978,0.8738019169329058,26.04000000000019,20.142000000000007
2023-11-29,0.18253012048192457,0.8074715439245131,0,0.7596385542168689,0.7499999999999966,3.0299999999999727,20.557999999999993
2023-11-30,0.5112873703477766,0.8097826086956568,0,0.44112263575350663,0.7992678462477155,-8.38000000000011,20.24000000000001
2023-12-01,0.836990595611281,2.2136222910216836,0,0.22642874367011853,0.9715456956836254,34.710000000000036,18.734000000000016
2023-12-05,0.3320549696388658,0.9771407157579138,1,0.40651965484180386,0.6695429849792216,-10.3900000000001,32.02200000000005
2023-12-06,0.32634408602151577,0.5782143745336944,1,1.0,0.557526881720427,6.070000000000164,32.16800000000005
2023-12-07,0.11538461538462556,0.6160177073915879,1,0.48279352226720484,1.0,2.2800000000002,32.07700000000004
2023-12-08,0.6196287821001821,1.187499999999996,0,0.18993135011441753,0.8820239003305337,-24.37000000000012,33.12000000000005
2023-12-12,0.13627049180328302,0.5236894349949018,1,0.3888319672131226,1.0,-2.660000000000082,37.27400000000002
2023-12-13,0.8745892661555331,1.517619680851062,0,0.17853231106243114,0.900693683826213,47.91000000000008,36.096000000000025
2023-12-14,0.3280917977050589,0.5895174625444698,0,0.6787080322991847,0.8703782405439882,7.720000000000027,39.91400000000001
2023-12-15,0.5895598771750212,0.7214236487151761,1,0.30910951893552097,0.9638348686455078,-17.279999999999973,40.628
2023-12-19,0.49603489294210856,0.8827132406986127,1,0.3001586042823128,0.7303727200634438,12.509999999999991,28.57099999999996
2023-12-20,0.5134291068082468,0.5725218137605497,1,0.4184884447220518,0.7707682698313507,-8.220000000000027,27.963999999999963
2023-12-21,0.9542936288088745,0.5212055585634386,0,0.45429362880885876,0.857340720221611,13.7800000000002,27.704999999999973
2023-12-22,0.20025136154169343,0.8784455157693265,1,0.3443653121072408,0.8144113950565623,4.7800000000002,27.17299999999998
2023-12-26,0.8825806451612798,0.6028079181736873,0,0.7464516129032364,0.9316129032258099,13.679999999999836,25.712999999999965
2023-12-27,0.38384715588363305,0.9540182270091232,1,0.19713417281806012,0.7972210160659995,8.840000000000146,24.139999999999965
2023-12-28,0.53454085930919,0.9693356743293371,0,0.49578770008424977,0.693765796124682,-12.690000000000055,24.490999999999985
2023-12-29,0.18027828191167466,0.7728994248842861,1,0.5432546884452456,0.5940713853599543,-2.980000000000018,21.386999999999965
2024-01-02,0.20771253286591598,1.1031082322231438,1,0.6314636283961328,0.6603856266432978,-4.7400000000002365,20.68699999999999
2024-01-03,0.5072217502124011,1.7621519113683983,1,0.2081563296516545,0.5140186915887884,-17.909999999999854,20.03799999999999
2024-01-04,0.07839127471029893,0.6727197688815553,1,0.6400817995910056,0.7757327880027303,1.150000000000091,21.806999999999995
2024-01-05,0.03925044315016344,1.902949113338474,1,0.18485692580399982,1.0,1.5499999999999545,20.752
2024-01-09,0.1199494949494996,0.643562345102188,1,0.6534090909090792,1.0,1.900000000000091,24.61299999999999
2024-01-10,0.30010121457490213,0.8329118192547619,1,0.6103238866396736,0.6659919028340126,-5.930000000000064,23.724000000000025
2024-01-11,0.1733486063382953,1.0878052832696465,1,0.45093547155402525,0.9190530736922533,4.539999999999964,24.076000000000043
2024-01-12,0.6008928571428604,1.3775008199409589,0,0.3348214285714295,0.6184523809523751,20.190000000000055,24.39200000000003
2024-01-16,0.8388126396425163,1.2527991042866236,0,0.42993935525055316,0.6642195978295561,-26.279999999999973,25.008000000000038
2024-01-17,0.7058823529411674,1.2030627634479334,0,0.4911603985856609,0.7605271616843454,-21.95999999999981,25.859000000000016
2024-01-18,0.9772598067083647,0.6914579975627931,0,0.4809550881182404,0.895963615690737,17.190000000000055,25.439000000000032
2024-01-19,0.3021052631578952,0.7384089230888806,1,0.5105263157894641,0.8526315789473708,5.740000000000009,25.731000000000016
2024-01-23,0.4012041598248459,0.8197236180904502,0,1.0,0.5068418171866448,7.329999999999927,22.288000000000032
2024-01-24,0.5784506488399439,1.1286671696773354,1,0.3716083366103036,1.0,-14.709999999999809,22.531000000000017
2024-01-25,0.38856775850995373,0.6740843363061703,1,0.35966602440590445,1.0,6.0499999999999545,23.098000000000024
2024-01-26,0.14562211981566273,0.4923761118170223,1,0.4479262672811005,1.0,-1.5799999999999272,22.036000000000012
2024-01-30,0.21783700666324718,0.9570293338565795,0,0.5694515633008715,1.0,4.25,20.38599999999999
2024-01-31,0.080432172869148,1.301291397625482,0,0.3033213285314123,1.0,2.009999999999991,19.20400000000002
2024-02-01,0.4200848656294223,1.9013554216867559,0,0.31258840169731655,0.9502121640735507,14.850000000000136,18.591999999999985
2024-02-02,0.5021863437605246,1.45964257659072,0,0.16750756811301895,0.8274470232088903,-14.930000000000291,20.368000000000006
2024-02-06,0.6704190118824278,0.707303047728581,1,0.39649781113195215,0.7736085053158294,10.720000000000027,22.60699999999997
2024-02-07,0.08231925554759208,0.6242459448590216,1,0.36649964209018476,0.8496778811739347,-1.1499999999998636,22.378999999999973
2024-02-08,0.06209503239741318,0.8722271935195219,1,0.5280777537796967,0.8180345572354146,-1.150000000000091,21.23299999999997
2024-02-09,0.5954063604240217,0.7887402452619862,0,0.2709069493521868,1.0,-10.1099999999999,21.527999999999974
2024-02-13,0.6365801381281261,1.925970094486747,1,0.22362467254107812,1.0,-26.730000000000018,21.801999999999975
2024-02-14,0.11373209772536841,0.4935550935550994,1,0.6419545071608943,1.0,-1.3500000000001364,24.049999999999955
2024-02-15,0.6346765641569507,0.8294485003078507,0,0.35259809119829794,0.6617179215270458,11.970000000000027,22.73799999999999
2024-02-16,0.45059880239520905,0.9502584285646545,0,0.20359281437125423,1.0,9.029999999999973,21.088999999999963
2024-02-20,0.4003783102143668,0.852779868803105,1,0.5012610340479181,0.45964691046659095,6.349999999999909,18.597999999999978
2024-02-21,0.12961443806398032,0.6559052999730999,1,0.7629204265791562,0.8958162428219872,1.5799999999999272,18.58499999999999
2024-02-22,0.06837606837608078,0.8263160754060977,1,0.6462853385930395,0.544378698224849,-1.040000000000191,18.406999999999993
2024-02-23,0.4426424050632938,1.3985394998893546,1,0.36748417721518883,0.6791930379746781,11.190000000000055,18.076
2024-02-27,0.06841611996251296,0.5757608461040397,1,0.8247422680412272,0.9025304592314942,-0.7300000000000182,18.532000000000018
2024-02-28,0.27477477477478224,0.8649350649350594,1,0.5292792792792784,0.5533033033032978,3.660000000000082,15.400000000000023
2024-02-29,0.38183421516755106,1.4589900289482185,0,0.17151675485008208,0.8518518518518466,8.660000000000082,15.545000000000005
2024-03-01,0.8027625431647363,3.090977585232621,1,0.19906561040016613,0.8667479179362143,39.51999999999998,15.927000000000021
2024-03-05,0.41565495207668185,1.443260939733487,1,0.4108626198083084,0.6185303514377002,13.010000000000218,21.687000000000033
2024-03-06,0.7071203086636163,1.227239464508638,1,0.2756927393896902,0.7260610312171049,20.159999999999854,23.23100000000004
2024-03-07,0.5303840544482142,0.8273337891646269,1,0.8371414681575167,0.7812348079727777,10.909999999999854,24.863000000000056
2024-03-08,0.4603251637952011,1.6225048230245256,0,0.35768017471488045,0.9400630914826437,18.970000000000255,25.39900000000007
2024-03-12,0.7062445030782778,1.2536753895912975,0,0.32453825857520147,0.9199648197009672,-24.090000000000146,27.208000000000084
2024-03-13,0.6900706273369287,0.8144964807796303,0,0.2405484004985473,0.7656834233485691,16.609999999999673,29.55200000000009
2024-03-14,0.5078707539353698,0.7881934241029098,0,0.39478044739023405,0.7257663628831845,-12.259999999999764,30.627000000000066
2024-03-15,0.3414911781445614,0.5709550580053988,1,0.5406943653955556,0.6550939100739961,-6.0,30.773000000000046
2024-03-19,0.16698534098150936,0.6198640960809115,1,0.5589547482472882,0.6558317399617545,-2.619999999999891,25.312000000000033
2024-03-20,0.719020907700152,1.651298892678193,0,0.12748597654258095,1.0,28.199999999999818,23.751000000000023
2024-03-21,0.10146720876789485,2.2790266698896042,1,0.6406222379353008,0.7465087502209693,-5.739999999999782,24.82199999999998
2024-03-22,0.5587016574585572,1.0189289986630112,0,0.810082872928177,0.7959254143646305,-16.179999999999836,28.421999999999933
2024-03-26,0.19262672811059744,1.1809738045134694,1,0.21075268817204573,0.699539170506908,6.269999999999982,27.561999999999944
2024-03-27,0.6703887510339184,0.8822885499525608,0,0.34325889164597945,0.48304383788254407,16.210000000000036,27.40599999999995
2024-03-28,0.7833742833742928,1.7813765182186145,1,0.27108927108926834,0.6953316953316911,38.26000000000022,27.416999999999963
2024-04-02,0.8340128130460165,1.0782466716905377,0,0.3826441467676126,0.8782760629004129,28.640000000000327,31.84799999999991
2024-04-03,0.5455054606552786,1.0650481672581968,1,0.5001400168020192,0.9274712965555827,19.480000000000018,33.528999999999954
2024-04-04,0.3706996521066769,0.7280965917086467,1,0.5005798221878575,1.0,-9.58999999999969,35.53099999999995
2024-04-05,0.6125996810207359,1.833547783366486,1,0.40813397129186657,0.7990430622009592,38.41000000000031,34.195999999999955
2024-04-09,0.4815075730891206,0.7666963731129612,0,0.7048256428319779,0.9144064811553417,13.670000000000073,37.02900000000004
2024-04-10,0.4915295850724275,1.069253386537856,0,0.3761355266388338,0.8109501595875321,-20.019999999999982,38.092000000000006
2024-04-11,0.754325259515567,1.3369313801079412,0,0.27681660899654165,0.8713956170703565,39.23999999999978,38.90999999999999
2024-04-12,0.2850122850122823,2.342783134263919,1,0.3035421785421753,1.0,-27.83999999999969,41.694
2024-04-16,0.0025510204081673755,0.7171606293450461,1,0.8273809523809492,0.984977324263033,-0.09000000000014552,49.194
2024-04-17,0.5602542165729626,0.8300194773575779,1,0.34905890980199555,1.0,-22.920000000000073,49.28800000000001
2024-04-18,0.5287392823118516,0.6322277545775731,1,0.6246427437281743,0.7376945061924477,16.65000000000009,49.808000000000035
2024-04-19,0.26833591845779076,0.8920030043088126,0,0.9771770440948327,0.6397075116330561,12.110000000000127,50.59400000000005
2024-04-23,0.12706155632985439,0.855558647005051,1,0.9031358885017409,0.6250871080139313,-5.470000000000255,50.318000000000026
2024-04-24,0.23088984711879193,0.49262320407847465,1,0.6087808702469755,0.9266954135633121,-5.890000000000327,51.78400000000006
2024-04-25,0.4196540486337387,0.7936413194858908,0,0.5314615191777359,0.8022060666833819,16.73999999999978,50.262000000000036
2024-04-26,0.21197102554326883,0.5347713510978819,1,0.7849790316431617,0.8730461303850582,5.559999999999945,49.04900000000002
2024-04-30,0.980472563952353,1.3384736016727634,0,0.41007615700058553,0.5508689709041206,-50.210000000000036,38.26000000000008
2024-05-01,0.6444492070295812,1.1708026999222085,1,0.24924989284183766,0.7312473210458637,30.070000000000164,39.853000000000065
2024-05-02,0.40718124084025525,1.0126644899574562,1,0.4460185637518367,0.5857352222765019,-16.670000000000073,40.42800000000002
2024-05-03,0.051843317972350665,1.0547036379984838,1,0.2539170506912459,1.0,-2.25,41.14900000000002
2024-05-07,0.5087543771886035,0.5205458049059895,1,0.6103051525762857,0.6303151575787918,-10.170000000000073,38.40199999999995
2024-05-08,0.28369994359843176,0.4911901595744698,0,0.9108855047941384,0.8031584884376631,-5.0300000000002,36.09599999999991
2024-05-09,0.9063578117299116,1.148989183985503,0,0.30211927057664467,0.863479546574668,36.779999999999745,35.31799999999994
2024-05-10,0.43042168674700293,0.9381976432023023,1,0.7560240963855436,0.49397590361446325,14.290000000000418,35.386999999999944
2024-05-14,0.8804347826086861,0.6781882218035932,0,0.44484702093398215,0.9291465378421816,21.86999999999989,36.62699999999991
2024-05-15,0.741406249999993,1.129744042365407,0,0.26250000000000934,1.0,28.4699999999998,33.98999999999992
2024-05-16,0.346474601971184,0.7954408394644842,1,0.4768764215314585,0.584533737680061,-9.139999999999873,33.163999999999945
2024-05-17,0.7535399138107968,1.5368361296833495,0,0.28360352965318764,0.7354812230658734,36.7199999999998,31.70799999999995
2024-05-21,0.21937116010120158,0.8515418231057935,0,0.9703650162631109,0.5988435128297773,-6.070000000000164,32.49399999999996
2024-05-22,0.8292256937706162,1.5492153207864918,0,0.29031632058994716,0.7783815253250528,-42.73000000000002,33.261999999999944
2024-05-23,0.9089788732394429,1.5501337263249766,0,0.5058098591549243,0.7563380281690184,-51.63000000000011,36.64199999999996
2024-05-24,0.20018157058555672,0.5757369851557661,1,0.6908760780753571,0.7085792101679521,4.4099999999998545,38.26399999999994
2024-05-28,0.406736842105257,0.6500971724194565,1,0.6332631578947353,0.6791578947368467,9.659999999999854,36.532999999999994
2024-05-29,0.7909284195606068,0.7747638919393756,0,0.4464918497519489,0.45074415308291604,-22.320000000000164,36.42399999999998
2024-05-30,0.17731465664501547,0.8266960402191725,1,0.5910488554834212,0.5097369320123021,5.1899999999996,35.40599999999995
2024-05-31,0.42952161678179973,1.095111360134466,0,0.2747505755947779,1.0,-16.79000000000042,35.694999999999936
2024-06-04,0.6445459430413654,1.0801242055776528,0,0.3672756582482531,0.6007522837184303,-23.98999999999978,34.458999999999925
2024-06-05,0.9038400507775383,0.8897611114248538,0,0.5017454776261525,0.7394477943509966,28.480000000000018,35.41399999999999
2024-06-06,0.7601918465227816,0.7488327546989113,0,0.8157474020783321,1.0,19.019999999999982,33.41199999999994
2024-06-07,0.817857496779307,3.337633128266189,0,0.18105242295114465,0.46942820334951896,-82.52999999999975,30.23399999999997
2024-06-11,0.22067415730336426,0.5838515836154194,1,0.6620224719101132,0.6341573033707718,4.9099999999998545,38.108999999999966
2024-06-12,0.23698674426123045,0.8148265233541536,1,0.22825735531847183,0.8409311348205617,7.329999999999927,37.95899999999997
2024-06-13,0.6815409309791318,0.8148051268637215,0,0.5592295345104341,1.0,-21.230000000000018,38.23000000000002
2024-06-14,0.8121972071815299,0.9133739392992899,0,0.43089199202051376,0.3280136791108497,28.5,38.41800000000003
2024-06-18,0.3861236802413193,0.730920816911499,1,0.4008295625942729,0.7790346907994089,10.239999999999782,36.28300000000009
2024-06-19,0.0008904719501125125,0.3189163093175816,0,0.5503116651825313,0.6838824577025667,-0.009999999999763531,35.21300000000006
2024-06-20,0.824449748077424,1.136356787705287,0,0.474940334128874,0.798727128082733,31.08999999999969,33.18500000000008
2024-06-21,0.744664487598536,1.5095489638358417,1,0.20188425302826296,0.9213612766775595,-38.73000000000002,34.454000000000086
2024-06-25,0.6462679647658898,0.752406864796974,0,0.5479833101530053,0.6601761706073238,-13.940000000000055,28.668000000000074
2024-06-26,0.6846609611586456,1.0622377622377643,0,0.4723502304147568,0.7959183673469306,-20.799999999999727,28.600000000000044
2024-06-27,0.8663567693201656,1.2058153792257853,0,0.19988378849506375,0.4302730970366041,29.820000000000164,28.545000000000027
2024-06-28,0.04541062801932571,0.7169576059850462,0,0.4705314009661888,0.817874396135269,-0.9400000000000546,28.872000000000025
2024-07-02,0.09101187111363043,0.651229568546607,1,0.6212549462973289,0.8942905596382201,-1.6100000000001273,27.164000000000033
2024-07-03,0.6965082698871085,1.4493360222213627,0,0.5350485691782693,0.45707534786033066,26.529999999999745,26.28100000000004
2024-07-04,0.08666666666666363,0.4142645078882866,1,1.0,0.5316666666666757,1.0399999999999636,28.967000000000006
2024-07-05,0.7885521885521958,1.6877557205637113,0,0.2974186307519659,1.0,35.13000000000011,26.396000000000004
2024-07-09,0.20298372513563556,0.7916398253525131,1,0.4701627486437677,1.0,4.4900000000002365,27.94199999999996
2024-07-10,0.33870967741935637,0.8415187341500862,1,0.5038200339558733,0.7113752122241003,7.980000000000018,27.99699999999998
2024-07-11,0.8132295719844365,1.9758374519494737,0,0.2345747637576413,0.8769686863072096,43.88999999999987,27.314999999999962
2024-07-12,0.1454138702460875,0.9162965493679611,1,0.5947054436987388,1.0,-3.900000000000091,29.269999999999936
2024-07-16,0.9431795285109867,1.5646279949558561,0,0.38887769494257224,0.8099939552689925,46.809999999999945,31.719999999999935
2024-07-17,0.27461944703323393,0.9219797216016411,1,0.6374650512581621,1.0,-8.83999999999969,34.913999999999895
2024-07-18,0.3942724905987864,1.0071669968535217,1,0.5065085334104754,0.8539195834538572,-13.63000000000011,34.323999999999884
2024-07-19,0.8682080924855465,1.4187693064705784,0,0.631791907514449,0.28092485549132756,-45.059999999999945,36.580999999999904
2024-07-23,0.5495153813737865,0.6563952201814575,0,0.6616097766540163,0.43868520859670657,13.039999999999964,36.15199999999995
2024-07-24,0.32215534537117446,0.9608129320078183,1,0.4081398681570733,1.0,-11.240000000000236,36.31299999999997
2024-07-25,0.665211970074819,1.2850504726806589,0,0.7352452202826307,0.4827514546965933,-32.01000000000022,37.445999999999955
2024-07-26,0.6816361556064046,0.9484278777027229,0,0.6753432494279076,0.5614988558352428,23.829999999999927,36.86099999999997
2024-07-30,0.7627305257363086,0.9767967090581557,0,0.4263693916873056,0.8097990641343279,27.710000000000036,37.19299999999994
2024-07-31,0.7977886455454102,1.3113794161113068,0,0.4601318307463319,0.7033808207527132,37.52000000000044,35.862999999999964
2024-08-01,0.048598130841119934,0.8595067876937887,1,0.6554517133956393,0.8551401869158846,-1.5599999999999454,37.34699999999998
2024-08-02,0.0750485872327701,1.802964959568732,1,0.4991777545223492,1.0,-5.019999999999982,37.09999999999995
2024-08-06,0.5717006802721147,0.8126934984520136,0,0.6391836734693818,0.5896598639455802,-21.01000000000022,45.219999999999935
2024-08-07,0.340957827019298,0.6014358797988061,0,0.6636883488205753,0.9017155110793424,-9.539999999999964,46.521999999999935
2024-08-08,0.9485861182519356,1.0185245794331323,0,0.42373607540703234,0.5415595544130213,44.2800000000002,45.830999999999946
2024-08-09,0.20694789081886122,0.441044498435006,1,0.5980148883374528,0.7925558312655178,4.170000000000073,45.68699999999994
2024-08-13,0.28827361563517506,0.4023503200017495,1,1.0,0.9120521172638499,-5.309999999999945,45.78099999999995
2024-08-14,0.4252681764004775,0.9536258240509276,1,0.41072705601906806,1.0,-17.840000000000146,43.98999999999997
2024-08-15,0.2307895431740205,0.8709350995814437,1,0.32136255611301723,0.9247425402693336,8.740000000000236,43.48200000000001
2024-08-16,0.8648236092266044,1.3382055879615855,0,0.23286974219810236,0.6266960651289023,50.99000000000024,44.05900000000006
2024-08-20,0.3098222092684385,0.9443205900971556,1,0.5220052462838788,0.8974060040804434,10.63000000000011,36.33299999999999
2024-08-21,0.05995388162953118,0.7209953171326441,1,0.4542659492697816,0.9696387394312082,-1.5600000000004002,36.088999999999984
2024-08-22,0.6274241387177742,1.2211294681414189,0,0.35021674652064644,0.7608943645904623,-27.5,35.89299999999999
2024-08-23,0.7967551622418788,0.9520332509548445,0,0.3333333333333378,0.7050147492625377,27.009999999999764,35.60799999999999
2024-08-27,0.29834747655204685,0.6610765006347948,1,0.6105404198302881,0.9991067440821804,6.680000000000291,33.86900000000001
2024-08-28,0.564406779661016,1.0330940290667165,1,0.7265536723163767,0.4793785310734523,-19.980000000000018,34.265999999999984
2024-08-29,0.6714570858283269,0.7452917199726341,0,0.6754491017964052,1.0,16.81999999999971,33.61099999999997
2024-08-30,0.5452322738386386,1.0120944044047093,0,0.3661369193154062,0.9379584352078314,-17.840000000000146,32.32899999999995
2024-09-03,0.19182677645623575,1.13448430958724,1,0.3732845379689006,0.7368100030497067,-6.289999999999964,28.902999999999974
2024-09-04,0.10359408033825189,0.9870961010051871,1,0.5236081747709519,0.6412966878083068,2.9399999999996,28.750999999999976
2024-09-05,0.7153950033761017,1.0218373753751648,1,0.4621877110060805,0.6580013504388877,21.190000000000055,28.986999999999988
2024-09-06,0.4309053778080261,1.5987085540158235,0,0.19968232357613228,1.0,-18.98999999999978,27.565999999999985
2024-09-10,0.5606557377049244,0.632648828043981,1,0.37868852459015123,0.9590163934426233,10.260000000000218,28.925999999999977
2024-09-11,0.1787749287749257,0.9846758074131352,1,0.5014245014245082,0.8247863247863246,-5.019999999999982,28.517000000000007
2024-09-12,0.9557774607703176,1.7660608241857154,0,0.22906052577950273,0.8381903403301401,46.899999999999636,27.785000000000036
2024-09-13,0.6649607642442945,0.9709477589690898,0,0.489593995223471,0.5994541112248446,19.490000000000236,30.187000000000033
2024-09-17,0.4866412213740492,0.8863028990900094,1,0.4709923664122226,0.8202290076335852,-12.75,29.561000000000057
2024-09-18,0.19257453590849422,1.8452010241505725,1,0.20120007500467987,1.0,-10.269999999999982,28.902000000000044
2024-09-19,0.6330442720219005,1.3956747459948442,1,0.7665449566408038,0.5230488361478773,27.73999999999978,31.397000000000027
2024-09-20,0.8739311018812651,1.2472194289545122,0,0.6090886880039119,0.5646225262643528,35.77000000000044,32.81700000000005
2024-09-24,0.6728232189973541,1.2851814174296357,0,0.41808587191172497,0.9131686255696837,28.049999999999727,32.43900000000008
2024-09-25,0.012007684918347647,0.5986543216976286,0,0.9111431316042318,0.8530259365994274,-0.25,34.77800000000006
2024-09-26,0.4918672739102146,0.9027369904851329,1,0.37312947299936033,0.8175016265452125,15.11999999999989,34.05200000000004
2024-09-27,0.3987158908507235,0.9668208200130384,0,0.4195826645264888,1.0,-12.420000000000073,32.21900000000001
2024-10-01,0.7122319688109172,1.1694306719097254,0,0.37256335282651015,0.6125730994152021,29.230000000000018,35.09400000000005
2024-10-02,0.19650850492390035,0.6107496309256835,1,0.8469113697403706,0.9964189794091348,-4.389999999999873,36.57800000000007
2024-10-03,0.08511450381679518,0.7822296530721854,1,0.7393129770992376,0.9702290076335973,-2.230000000000018,33.49400000000005
2024-10-04,0.0607966457023106,1.2025715366191805,1,0.35482180293501087,1.0,-2.3200000000001637,31.732000000000017
2024-10-08,0.4292227979274525,1.529657927273883,0,0.3726424870466325,0.9291191709844544,-20.70999999999958,31.54299999999994
2024-10-09,0.7170502092050098,0.593807261095077,0,0.7923640167363921,0.8085774058577279,-13.710000000000036,32.198999999999934
2024-10-10,0.7946201381315999,0.8589091136157796,0,0.4031261359505722,1.0,21.860000000000127,32.028999999999954
2024-10-11,0.7971145175834083,1.0493282028638125,0,0.5725879170423863,0.6239855725879103,26.519999999999982,31.70599999999995
2024-10-15,0.4603896103896239,1.0215249908792343,0,0.512662337662341,0.7422077922077881,14.180000000000291,30.150999999999932
2024-10-16,0.41551142750092424,0.9163319257046775,1,0.7137504683402077,0.6980142375421362,11.08999999999969,29.126999999999907
2024-10-17,0.8070548236294125,0.7963583443327665,0,0.5291117722056826,1.0,18.990000000000236,29.546999999999933
2024-10-18,0.960953011250833,1.0321038251366217,0,0.720714758438121,0.5797485109199302,29.04000000000042,29.279999999999973
2024-10-22,0.9606010016694543,1.035078624503189,0,0.6080133555926593,0.5318864774624351,28.769999999999982,28.935000000000038
2024-10-23,0.6646537842190035,1.8328721638074084,1,0.3550724637681146,0.7781803542673105,-33.01999999999998,27.105000000000018
2024-10-24,0.7210956954820309,0.9319982759192387,1,0.7801494130202681,0.7406616862326599,20.269999999999982,30.160999999999966
2024-10-25,0.36215334420881046,1.0141954270209335,1,0.39412724306688646,0.7327895595432251,11.099999999999909,30.221000000000004
2024-10-29,0.9208488672211005,1.1692710079806843,0,0.5104674505305358,0.760252365930595,32.10999999999967,29.821999999999935
2024-10-30,0.6313581541688442,0.6308511694068675,0,0.8825380178290395,1.0,12.039999999999964,30.22899999999995
2024-10-31,0.748250554702174,1.9883259239148798,0,0.20498378562894395,0.8112305854241337,-43.840000000000146,29.466999999999963
2024-11-01,0.2828038674033164,0.878294362053805,1,0.4861878453038643,1.0,-8.190000000000055,32.972999999999914
2024-11-05,0.2883776279254305,0.7878371199099868,0,0.7326457754859225,0.6691788972629976,7.269999999999982,31.99899999999989
2024-11-06,0.870039070532594,3.085170499603495,0,0.4954760435944861,0.26578243882377106,-84.61999999999989,31.524999999999864
2024-11-07,0.7149693435023183,1.8430118788413348,1,0.36384028712427047,0.47883953940481583,47.809999999999945,36.28299999999986
2024-11-08,0.7298105682951234,0.7492716452102844,0,1.0,0.7042206713193843,-21.960000000000036,40.158999999999835
2024-11-12,0.5573945541911396,0.824329379662437,0,0.851308061932724,0.6550987720234901,-20.88000000000011,45.44299999999989
2024-11-13,0.5516793066088838,1.0098026344580147,1,0.3406283856988131,1.0,-25.460000000000036,45.701999999999906
2024-11-14,0.21622227201434163,0.9219169593059328,1,0.693703786690566,0.5774142953170495,-9.650000000000091,48.4099999999999
2024-11-15,0.16057380842203767,0.45965031692687613,1,0.7987043035631496,0.7635354002776448,-3.4700000000002547,47.01399999999994
2024-11-19,0.6949327817993802,0.5820158895754712,0,0.5711823509134885,0.5511892450879133,20.159999999999854,49.84399999999996
2024-11-20,0.4872985523081148,0.7289343740044629,1,0.6287899481016089,0.6022944550669245,17.840000000000146,50.223999999999975
2024-11-21,0.7863764611043712,0.5618333748499829,0,0.8706166868198313,0.4901249496170761,19.509999999999764,44.15900000000001
2024-11-22,0.9677147077442458,1.1861437188696782,0,0.6830554969402853,0.6552015193078702,45.86000000000013,39.95300000000007
2024-11-26,0.20767555797494844,0.8220710641725623,0,0.732444202504074,0.4768644529123535,7.629999999999654,44.6920000000001
2024-11-27,0.09114249037226264,0.6983415508740424,1,0.8533376123234857,0.7795250320924286,2.8399999999996908,44.62000000000012
2024-11-28,0.006252170892665388,0.6676561304236892,1,0.8832928100034688,0.40465439388676994,-0.1799999999998363,43.121000000000095
2024-11-29,0.39335610058988074,0.7754532103907354,1,1.0,0.4436510400496724,12.670000000000073,41.53700000000008
2024-12-03,0.21511358368103548,0.5338580338580261,1,0.739916550764963,0.9485396383866626,4.639999999999873,40.40400000000004
2024-12-04,0.2703030303030325,0.6240544629349465,1,0.5939393939393866,0.6266666666666572,6.690000000000055,39.66000000000004
2024-12-05,0.5666875391358902,0.8301710245880344,0,0.4217282404508526,0.8487789605510215,-18.100000000000364,38.474000000000025
2024-12-06,0.03258845437616926,0.8222114476739802,1,0.9854127870887569,0.6024208566108056,1.050000000000182,39.18699999999999
2024-12-10,0.870444267092303,1.1753486336064092,0,0.4224527799946807,0.5948390529396127,32.7199999999998,31.98199999999997
2024-12-11,0.5313935681470126,1.4254529578694635,1,0.6348720192518039,0.6005250492233701,24.289999999999964,32.066999999999965
2024-12-12,0.7266849529780509,1.5225821848338403,1,0.49941222570532523,0.7102272727272733,-37.08999999999969,33.52199999999998
2024-12-13,0.6926053310404184,1.3013679469605843,0,0.39380911435941895,0.4241186586414451,-32.220000000000255,35.74699999999998
2024-12-17,0.2711598746081535,0.706690296854231,1,0.6590909090909159,0.6242163009404329,-6.920000000000073,36.11199999999999
2024-12-18,0.8918998527245989,1.8599172761388116,1,0.14153166421207253,0.9207658321060429,-60.559999999999945,36.50700000000002
2024-12-19,0.19478421417032238,1.0614374601930319,1,0.9120701592430198,0.4018001384721875,8.440000000000055,40.82199999999998
2024-12-20,0.6760264275601703,1.0099854626915503,0,0.4256724870221783,0.7494100991033539,28.65000000000009,41.96099999999997
2024-12-24,0.3309859154929332,0.2797133922635643,0,0.7455985915493099,0.8080985915492723,3.7599999999997635,40.612999999999964
2024-12-26,0.71079851055026,0.6362200579099788,0,0.6065370293752695,0.7207281754240803,17.179999999999836,37.98999999999997
2024-12-27,0.5333584621183651,0.7403169996651348,1,0.4553335846211852,0.41500188465887183,-14.150000000000091,35.83599999999997
2024-12-31,0.785253827558421,0.7776176452158569,0,0.608380338436748,0.6506849315068423,19.48999999999978,31.917999999999985
2025-01-02,0.8326002587322275,1.1962611037172204,0,0.4121604139715391,0.6059508408796853,32.18000000000029,32.30899999999997
2025-01-03,0.6423332169053372,0.851525786687293,0,0.5389451624170531,0.556409360810331,-18.389999999999873,33.621999999999936
2025-01-07,0.4012779552715614,1.0854487446247822,1,0.4402555910543024,0.7047923322683793,12.559999999999945,28.835999999999967
2025-01-08,0.5272801302931719,0.8857472590882851,0,0.370928338762221,0.8330618892508177,12.950000000000273,27.727999999999973
2025-01-09,0.4113224237063304,0.8173963341889359,1,0.5015479876161026,0.6833259619637411,9.300000000000182,27.660999999999966
2025-01-10,0.5485207100591749,1.1741818939762303,0,0.35384615384615775,1.0,18.539999999999964,28.785999999999966
2025-01-14,0.7445054945054683,0.5915813424345951,0,0.66703296703295,1.0,13.549999999999727,30.76499999999992
2025-01-15,0.7636363636363737,0.9540816326530549,0,0.5782531194295885,0.733689839572197,21.420000000000073,29.39999999999991
2025-01-16,0.5627693191611657,1.1711469232580847,0,0.3855214018960096,0.43320884803217324,19.590000000000146,29.72299999999991
2025-01-17,0.6257600884466502,0.6165854323596485,0,0.48424543946931525,0.9972360420121764,-11.319999999999709,29.338999999999942
2025-01-21,0.8655676805200744,1.5806084626958887,0,0.6983979568144837,0.49593684699326784,37.279999999999745,27.24899999999993
2025-01-22,0.6781153676794393,0.7989164849081859,0,0.7917217084984584,0.4324086305592315,15.400000000000091,28.42599999999993
2025-01-23,0.08150744960559418,0.8080450408979928,1,0.30411919368974605,1.0,-1.8599999999996726,28.24099999999994
2025-01-24,0.5289052890528853,1.1506616658410602,1,0.7626076260762528,0.49323493234933663,17.199999999999818,28.261999999999944
2025-01-28,0.775496688741729,1.0532189439910664,0,0.34701986754967157,0.6205298013244999,23.420000000000073,28.673999999999978
2025-01-29,0.1793554413825183,0.7166767088438074,0,0.40962167211583567,0.7641289117235048,-3.8399999999996908,29.87399999999993
2025-01-30,0.837562189054732,1.3762410133515883,0,0.4542288557213892,0.4870646766169158,33.67000000000007,29.209999999999944
2025-01-31,0.11891062523973493,0.8763319775454712,0,0.3536632144226982,0.8722669735327999,3.099999999999909,29.74899999999993
2025-02-04,0.7330352446080984,1.1191898972653154,0,0.4534455549710623,0.4318779589689658,27.86999999999989,33.97099999999996
2025-02-05,0.5748587570621484,1.2693479949799826,0,0.7040960451977364,0.55720338983051,24.420000000000073,33.46599999999994
2025-02-06,0.23958066990539148,1.1034618965663232,0,0.6284837637432843,0.7565839938634633,-9.36999999999989,35.44299999999994
2025-02-07,0.1571886847477363,0.92495684074234,1,0.43569553805774486,1.0,5.389999999999873,37.07199999999993
2025-02-11,0.16653021123301204,1.5747808148530225,1,0.6012772228590093,0.33846405763877546,-10.170000000000073,38.77999999999997
2025-02-12,0.13563474387527125,1.0724436907349484,1,0.38173719376392634,1.0,6.089999999999691,41.867000000000004
2025-02-13,0.8434903047091268,0.6531572281527069,0,0.7707756232687027,0.8161357340720248,24.359999999999673,44.21600000000003
2025-02-14,0.715305313243454,1.4634202952372133,1,0.24107850911974266,0.8902458366375884,-45.09999999999991,43.08400000000006
2025-02-18,0.8196392785571258,1.0282535030680418,0,0.5279447784457728,0.46470719216210105,36.8100000000004,43.676000000000066
2025-02-19,0.09110169491525114,0.6383410345993493,1,0.565677966101691,0.8153248587570626,-2.5799999999999272,44.36500000000005
2025-02-20,0.1642276422764287,0.7159654473910906,1,0.6998373983739832,0.7681300813008243,5.050000000000182,42.94900000000007
2025-02-21,0.08363636363637025,0.7836060123952213,1,1.0,0.6439393939393939,-2.7600000000002183,42.113000000000056
2025-02-25,0.5719078847033691,1.6501824587894829,0,0.3699862742107695,0.8628946164404421,-37.5,39.735000000000035
2025-02-26,0.032741116751268416,0.9804653477665696,0,0.6182741116751242,0.7104060913705594,1.2899999999999636,40.18500000000004
2025-02-27,0.7463249151903582,1.3387157815062434,0,0.757255936675468,0.46381454956652274,-39.600000000000364,39.63499999999999
2025-02-28,0.34731223789554405,1.2474734263905087,1,0.6490659550133379,0.5125810141059914,-18.220000000000255,42.052999999999976
2025-03-04,0.5442265795206965,1.0876777251184868,1,0.799782135076252,0.5647058823529416,24.980000000000018,42.19999999999995
2025-03-05,0.03486083778464413,0.8409182250171334,0,0.5586168119201589,1.0,1.2399999999997817,42.29899999999998
2025-03-06,0.24100821297082348,0.8207047229453329,1,0.7216086094590783,0.6156896063438068,-8.509999999999764,43.02399999999993
2025-03-07,0.020220041629492813,0.7734590616375279,1,0.7784716027356559,0.8447814451382738,0.6799999999998363,43.479999999999926
2025-03-11,0.6509682046378213,0.9538903584785191,0,0.5574946210853503,0.3660052593832171,27.230000000000018,43.851999999999904
2025-03-12,0.5108916642462967,0.8300785958821638,1,0.35492303223931737,1.0,17.590000000000146,41.47799999999988
2025-03-13,0.9779162956366833,1.3701471413581943,0,0.2523597506678549,0.8908281389136224,54.909999999999854,40.98099999999995
2025-03-14,0.10846560846560419,0.6408331315088414,0,0.4920634920634907,0.7985638699924444,-2.869999999999891,41.289999999999964
2025-03-18,0.8468862583633608,1.058913292277513,0,0.5012866700977857,0.3507462686567181,32.91000000000031,36.69799999999996
2025-03-19,0.45781893004115987,0.8101350225037601,0,0.6155692729766832,0.8936899862825831,13.350000000000364,35.99399999999996
2025-03-20,0.1051637279597016,0.8983678895709049,1,0.49181360201512087,0.5078715365239295,-3.3400000000001455,35.35300000000002
2025-03-21,0.4468528553564037,1.3709354820275301,0,0.5375156315131346,0.8055439766569401,-21.440000000000055,34.99800000000005
2025-03-25,0.3060936949630184,0.7947928331466924,1,0.47516731243395005,0.6787601268052155,8.690000000000055,35.72000000000003
2025-03-26,0.020812182741109075,0.5730742378403614,1,0.8934010152284094,0.8969543147208034,-0.4099999999998545,34.37600000000002
2025-03-27,0.8875683384834895,1.2786068139683215,0,0.4984549560256702,0.6213453767530319,37.340000000000146,32.90300000000002
2025-03-28,0.8590294840294793,1.0338148912525786,0,0.9769656019656019,0.5961302211302176,27.9699999999998,31.494999999999983
2025-04-01,0.17960963455148632,1.3660473691675037,1,0.6002906976744212,0.7535299003322203,-8.649999999999636,35.254999999999974
2025-04-02,0.5112801678908786,1.0534751969047922,0,0.7305876180482683,1.0,19.490000000000236,36.18499999999999
2025-04-03,0.25592876664021674,3.0589789919365713,1,0.4512033853477908,0.7166534426518565,-29.029999999999745,37.080999999999946
2025-04-04,0.6327071091616346,2.6703942715700175,0,0.24596540594223137,0.7116610113382424,-76.45000000000027,45.24799999999991
2025-04-08,0.016892596454639176,0.8080688922968008,1,0.7778936392075145,1.0,-0.8099999999999454,59.33899999999994
2025-04-09,0.7693674210241714,2.1122440655844748,0,0.6359002085425177,0.4390978605082278,99.60999999999967,61.29499999999994
2025-04-10,0.8801715919923766,1.451461146778838,0,0.5838894184938032,0.5733079122974287,92.33000000000038,72.27199999999993
2025-04-11,0.8874371859296463,0.8866399338043424,0,0.6373295046661854,0.37042354630294544,61.809999999999945,78.55499999999998
2025-04-15,0.7924448217317537,0.28609940618586677,0,0.9562818336163095,0.9325127334465132,18.670000000000073,82.34900000000002
2025-04-16,0.9866796909688305,1.409580793350776,0,0.6301394192345259,0.4047597904271368,111.11000000000013,79.88899999999998
2025-04-17,0.22094127220941218,0.844191531750212,1,0.5897192458971926,0.6515665265156646,-16.289999999999964,87.33800000000001
2025-04-22,0.3221013133208261,1.6319457201993839,1,0.6587617260788008,0.6611632270168849,-42.92000000000007,81.65100000000007
2025-04-23,0.49853673969785517,1.4859607677209279,0,0.7510084631812102,0.5484457802736675,-63.029999999999745,85.08300000000008
2025-04-24,0.7665276197699421,0.851276753720498,0,1.0,0.5440525850082182,60.63999999999987,92.93100000000008
2025-04-25,0.3003690735308055,1.2018197327267561,1,0.7907636983060504,0.5124444023847791,-31.740000000000236,87.92500000000004
2025-04-29,0.5653948173842108,0.5473348000402011,1,0.8871658845133693,0.6208936951642519,-27.710000000000036,89.54300000000008
2025-04-30,0.4193495669227045,0.6856867513082848,0,0.43847033829056875,0.5997712044451747,-25.66000000000031,89.23900000000003
2025-05-01,0.583399478398909,0.9482591772219954,1,0.7812677174282804,0.39176777412405217,-51.44999999999982,93.00200000000004
2025-05-02,0.028257118205348184,0.5119257950530047,1,0.7724331320103602,0.8999137187230402,1.3099999999999454,90.56000000000003
2025-05-06,0.8468865127145299,1.2722201264332333,0,0.5712103513343493,0.5331116901788117,94.25,87.477
2025-05-07,0.9510093866529516,0.9119264548961666,0,1.0,0.4432300372894466,-73.96000000000004,85.28099999999999
2025-05-08,0.47568425228084227,1.5674936268109148,0,0.750019833399446,0.6410948036493465,-59.960000000000036,80.415
2025-05-09,0.29896907216494845,0.8550876244431647,1,0.7903780068728522,0.3737457044673547,21.75,85.079
2025-05-13,0.258790436005619,0.5846077947705972,0,1.0,0.6493871810327542,12.879999999999654,85.13399999999993
2025-05-14,0.8030320044918583,1.045065133200326,0,0.3977540707467735,0.5448624368332412,-71.50999999999976,85.20999999999995
2025-05-15,0.5249602809599495,1.3590390472294174,1,0.6005518856091637,0.5039719040053527,62.7800000000002,87.99599999999991
2025-05-16,0.40747549019607904,1.0744382022471932,1,0.4774305555555552,0.37704248366013116,-39.90000000000009,91.13599999999988
2025-05-20,0.6469293418445956,0.9962173126473306,1,0.30794629099713977,0.6898525203609956,58.779999999999745,91.20499999999988
2025-05-21,0.6432569974554613,0.4407707319261597,0,0.8944020356234078,0.8618320610687071,25.279999999999745,89.16199999999985
2025-05-22,0.3053343350864049,0.7800504014534353,1,0.46581517655898014,0.5543200601051844,-20.320000000000164,85.31499999999987
2025-05-23,0.7961953075459768,0.993510993510994,0,0.6003804692453995,0.3736207989854162,62.7800000000002,79.36499999999987
2025-05-27,0.6626506024096422,0.9051760297530813,1,0.8860055607043609,0.35186901451961416,-42.90000000000009,71.52199999999989
2025-05-28,0.3116015387730384,0.676399293334611,1,0.6256327191739253,0.8161571168252693,-15.390000000000327,73.01899999999986
2025-05-29,0.36320149340800484,1.2412205117808086,0,0.5750787539376963,0.30848209077120575,31.13000000000011,69.05299999999988
2025-05-30,0.5888087346461356,0.781085814360771,0,0.6864885942678897,0.716513940339248,-30.200000000000273,65.66499999999992
2025-06-03,0.5087155187002855,0.9022062752881931,0,0.6938568285665916,0.5092232188187523,-30.059999999999945,65.49499999999993
2025-06-04,0.48679706601466527,0.6563111781507767,0,0.64058679706602,0.8682151589242088,19.909999999999854,62.317999999999984
2025-06-05,0.3248129675810433,1.0269214763596768,0,0.35754364089775725,0.9468516209476331,-20.83999999999969,62.47799999999997
2025-06-06,0.6183941605839435,1.1005960892687867,1,0.3337226277372215,0.8345985401459864,-42.36000000000013,62.23899999999999
2025-06-10,0.07154882154881392,0.7627853221612247,1,0.6435185185185268,0.6264730639730638,-3.399999999999636,62.298
2025-06-11,0.7254424778761083,0.7461701003697802,0,0.7316371681415894,0.9168141592920402,32.789999999999964,60.57600000000002
2025-06-12,0.48475306595956497,1.0030420399953401,1,0.6503148823334436,0.34951939012263505,29.25,60.15700000000002
2025-06-13,0.7085629188384194,1.165393960430408,0,0.9676842889054346,0.40967982129560954,47.57999999999993,57.61999999999998
2025-06-17,0.045479009687825235,0.6559576345984173,0,0.7911733046286288,0.8436490850376777,1.6899999999995998,56.649999999999956
2025-06-18,0.5963180362860165,0.6882494445158572,0,0.7846851654215539,0.9132870864461047,-22.34999999999991,54.45699999999997
2025-06-19,0.10397629044208476,0.7482213803936111,1,1.0,0.3092121511484295,4.210000000000036,54.11499999999997
2025-06-20,0.040690866510535086,0.6601221303238743,1,0.8820257611241155,0.9534543325527021,-1.3899999999998727,51.748000000000005
2025-06-24,0.608823923829962,1.5280424581463443,1,0.722676679629879,0.4006973313665043,-45.40000000000009,48.80099999999997
2025-06-25,0.30671936758893925,0.4912049081660429,0,0.6486166007905034,0.9537549407114599,7.760000000000218,51.50599999999995
2025-06-26,0.0999257976749922,0.8165037563615862,1,0.44150383378678654,0.831808063319314,-4.039999999999964,49.515999999999984
2025-06-27,0.7272349272349236,1.5181483429773808,0,0.6169092169092192,0.37463617463617066,-52.4699999999998,47.52500000000005
2025-07-01,0.6329318712924675,1.1746199324324327,1,0.67355743303973,0.37983102642459227,35.210000000000036,47.360000000000085
2025-07-02,0.5648290729904528,0.6598654662954501,1,0.5358792731752373,0.8044348629504201,18.340000000000146,49.207000000000065
2025-07-03,0.5692648688585146,1.1115673633638614,0,0.4384927964536404,0.7105652013298859,-30.820000000000164,48.70600000000009
2025-07-04,0.4323570432357084,0.4295899822252437,1,1.0,0.3333333333333333,9.300000000000182,50.0710000000001
2025-07-08,0.6418723404255325,1.2119899327474482,0,0.3143829787234009,0.7273191489361706,-37.710000000000036,48.47400000000016
2025-07-09,0.33908718548857786,0.7289089823424071,1,0.6740784084259733,0.7644821533060236,11.58999999999969,46.89200000000019
2025-07-10,0.509900990099001,0.42277103390539417,0,0.8257425742574476,0.956930693069312,10.299999999999727,47.7800000000002
2025-07-11,0.6538789428815056,1.0254168761063862,0,0.47037510656435794,0.4641943734015381,30.68000000000029,45.757000000000154
2025-07-15,0.4096515905648188,1.1432176343979583,1,0.5167712616316834,0.8521964942653122,-18.93000000000029,40.42100000000014
2025-07-16,0.39184519695922243,1.4660958990855877,0,0.3159986178299919,1.0,22.679999999999836,39.479000000000134
2025-07-17,0.21329248173462684,1.0097572584483512,1,0.6384633514023156,0.7365071883101607,-9.050000000000182,42.02000000000012
2025-07-18,0.32698844323588944,0.7202134691179717,1,0.6237253569000634,0.45989123045547814,9.61999999999989,40.84900000000007
2025-07-22,0.6783007578779416,1.1756981733767977,1,0.3837255684084585,0.7110091743119238,34.01000000000022,42.64700000000003
2025-07-23,0.7855148342059413,1.3712726750586237,0,0.3917975567190214,0.8005235602094259,-45.01000000000022,41.78600000000006
2025-07-24,0.479638009049768,0.9521973785659268,1,0.6503929507025432,0.619195046439625,-20.139999999999873,44.098
2025-07-25,0.6571134020618534,1.0480368217473033,0,0.42989690721650237,0.4641237113402013,-31.86999999999989,46.277000000000044
2025-07-29,0.43218390804598616,0.5505748338782802,0,0.5490421455938689,0.8494252873563102,11.2800000000002,47.405000000000065
2025-07-30,0.7822262663026976,1.4526148830241878,1,0.17864725508037899,0.9212920837124651,-51.57999999999993,45.39400000000005
2025-07-31,0.32837640175523664,0.8878787878787866,1,0.8759141882008851,0.5212091662603637,13.4699999999998,46.200000000000045
2025-08-01,0.8810135879544645,1.773594737184914,1,0.230872811849677,0.757253029746604,71.97000000000025,46.05900000000006
2025-08-05,0.15456790123456207,0.8153979343252321,1,0.41259259259258224,0.746419753086409,6.2599999999997635,49.669000000000054
2025-08-06,0.4445672191528423,0.5574376347397614,1,0.6007366482504564,0.7079189686924396,-12.069999999999709,48.70500000000002
2025-08-07,0.733169801035706,0.8030203545633621,0,0.869719269555732,0.7710547833197035,26.90000000000009,45.690000000000055
2025-08-08,0.19685515573027476,0.7322852081488073,1,0.8279407317810696,0.8602963410946517,-6.510000000000218,45.16000000000004
2025-08-12,0.1720733427362513,0.621153382832865,0,0.5610014104372278,1.0,4.880000000000109,45.65700000000002
2025-08-13,0.2346866096865993,0.6119913693524814,1,0.6495726495726435,0.7410968660968661,6.589999999999691,45.88300000000004
2025-08-14,0.48941857874804773,1.0663467705537175,0,0.6910224994430847,0.5932278903987567,-21.9699999999998,42.09700000000002
2025-08-15,0.03206291591047842,0.38908765652951083,1,1.0,0.7834240774349678,-0.5300000000002001,42.484000000000016
2025-08-19,0.6085667215815347,0.8568847228888562,1,0.5169686985172938,0.8062602965403611,-18.4699999999998,35.41899999999996
2025-08-20,0.819731404958688,1.1254505290082493,0,0.4129648760330544,0.32618801652893015,31.740000000000236,34.403999999999996
2025-08-21,0.39445471349351374,0.7606647732066086,1,0.6639556377079451,0.4465804066543381,-10.669999999999618,35.560999999999964
2025-08-22,0.5587567661952159,1.655345839234616,1,0.2610441767068242,1.0,32.0,34.59699999999998
2025-08-26,0.657365807519513,1.3105457249992256,0,0.8318751477890722,0.5497753606053445,27.800000000000182,32.26899999999996
2025-08-27,0.13824701195218375,0.7456479115917044,1,0.8151394422310619,0.928286852589634,3.4699999999998,33.66199999999994
2025-08-28,0.4870466321243464,1.1569356192303075,1,0.38082901554403764,0.75544041450777,18.799999999999727,33.36399999999994
2025-08-29,0.6450251256281345,1.5197800519321853,1,0.2335678391959777,0.9197989949748696,32.08999999999969,32.73499999999994
2025-09-02,0.798770901815064,1.8488083284891348,1,0.5230813205659636,0.9384021723595832,55.88999999999987,37.846000000000004
2025-09-03,0.5057405281285826,1.2500000000000067,0,0.39246077305779054,0.6548029085342539,26.429999999999836,41.80799999999995
2025-09-04,0.2846270928462719,1.2177378249386024,0,1.0,0.4509132420091294,-14.960000000000036,43.16199999999999
2025-09-05,0.650275045840972,1.3123181589482167,0,0.34989164860809896,0.7694615769294886,39.00999999999976,45.712999999999965
2025-09-09,0.19611890999174214,0.9460567946564615,1,0.642031379025596,1.0,-9.5,51.201999999999906
2025-09-10,0.5033854166666636,0.7410695331647944,1,0.7606770833333325,0.5825520833333291,19.329999999999927,51.816999999999915
2025-09-11,0.2417191349575688,0.6873388902477994,1,0.7166712291267456,0.8617574596222348,-8.829999999999927,53.146999999999935
2025-09-12,0.31840796019899253,0.49357763505855967,1,1.0,0.6119402985074692,8.319999999999709,52.93999999999992
2025-09-16,0.28571428571428115,0.5576709038720635,1,0.6855742296918755,0.8501400560224176,8.159999999999854,51.21299999999992
2025-09-17,0.5078074170461905,1.3060842963970112,0,0.4673064411190633,1.0,-31.2199999999998,47.07199999999993
2025-09-18,0.33585409252669823,0.9367837646372488,0,0.8496441281138742,0.9621886120996482,-15.100000000000364,47.993999999999915
2025-09-19,0.827605740181267,1.1212262353389533,0,0.5453172205437997,0.7860649546827809,43.82999999999993,47.233999999999924
2025-09-23,0.3413063477460941,1.1773243219824956,1,0.4128794848206005,0.6745170193192257,18.550000000000182,46.16399999999999
2025-09-24,0.5089141004862229,1.319644957758535,1,0.4640194489465151,0.8975688816855731,-31.40000000000009,46.754999999999974
2025-09-25,0.5714285714285731,0.8028929408169473,1,0.7094646028926703,0.9172798782035073,22.519999999999982,49.084999999999994
2025-09-26,0.24994919731762189,0.9966986004496391,1,0.3964641333062427,0.752895752895756,12.300000000000182,49.373000000000005
2025-09-30,0.3242451267677397,1.4672399289653202,0,0.5863167282456377,0.6597018728500432,25.449999999999818,53.49499999999998
2025-10-01,0.0833930704898496,0.715531391054582,1,0.6255675029868594,0.6152927120669003,3.4900000000002365,58.487999999999964
2025-10-02,0.17936117936117812,1.368067226890755,0,0.28190870296133713,1.0,-13.86999999999989,56.525
2025-10-03,0.564633463905986,0.8970583313811475,0,0.5073680283529232,0.5351613504943105,30.269999999999982,59.761999999999986
2025-10-07,0.49301675977653364,0.8094838167840358,1,0.6779728651236988,0.5826017557861147,24.710000000000036,61.91599999999998
2025-10-08,0.7427932078452019,1.2354251703445882,0,0.7347637225220462,0.43188100566012944,56.429999999999836,61.49300000000003
2025-10-09,0.59035824856258,1.7967260012714592,0,0.38292790800530646,1.0,-66.73999999999978,62.91999999999998
2025-10-10,0.6504226096143665,1.0773433498378042,0,0.6253301637612223,0.6879292128895929,49.25,70.28400000000002
2025-10-14,0.3657989228007227,1.1520612226430682,0,1.0,0.6445242369838383,32.600000000000364,77.35700000000006
2025-10-15,0.835031600670708,0.98865085437388,0,0.8919128079453097,0.47646072488068775,64.73999999999978,78.42000000000007
2025-10-16,0.9128377346969989,1.5980387373761953,0,0.3234620668600234,0.7859105480079356,119.60000000000036,81.98800000000001
2025-10-17,0.44970475499844836,2.210011790697946,1,0.5194240132601287,0.6924272246969855,-86.82000000000062,87.35699999999997
2025-10-21,0.801826048444791,2.694245825952072,0,0.27959663407488045,0.5047184274179811,-235.35999999999967,108.94699999999993
2025-10-22,0.15996938384998066,1.17624992497449,0,1.0,0.6516775098864667,-25.079999999999927,133.28799999999993
2025-10-23,0.35029332129963464,0.6270115796249558,1,0.8117102888086593,0.5357626353790569,31.049999999999727,141.36899999999991
2025-10-24,0.16879361914257413,0.7219566969941313,1,0.7452642073778663,0.7723828514456516,-16.93000000000029,138.92799999999994
2025-10-28,0.2506388095595966,0.9282953578255594,1,0.7331279122200528,0.48557041935968853,-33.34999999999991,143.3379999999999
2025-10-29,0.18341932040562067,0.7609725719546214,1,0.7440846824408471,0.8980608432663224,-20.61999999999989,147.7319999999999
2025-10-30,0.8738922367954661,0.7461926584270685,0,0.603775257001062,0.5910138248847947,98.61000000000013,151.22099999999995
2025-10-31,0.2867955129071478,0.4952377127634639,0,0.7717259089066101,0.8637653736991491,-21.2199999999998,149.40299999999996
2025-11-04,0.9120779220779223,0.6012571740912819,0,0.5064935064935064,0.7715584415584397,-70.23000000000002,128.06499999999997
2025-11-05,0.741112574061889,0.5709882344096511,0,0.944206714944044,0.43531928900592365,45.0300000000002,106.41199999999995
2025-11-06,0.005270810614321405,0.5683297180043385,1,0.9518356961105036,0.917484551072338,0.2899999999999636,96.80999999999995
2025-11-07,0.35514194397442855,0.5691935621950187,0,0.6807670614777214,0.8178228990411723,18.889999999999873,93.44799999999991
2025-11-11,0.2268696993060814,0.598861839295404,1,0.6815728604471956,0.9554741711642175,11.769999999999527,86.63099999999994
2025-11-12,0.5919000354484215,1.4372142193012647,0,0.41306274370790963,0.774104927330736,66.78999999999996,78.51299999999996
2025-11-13,0.2509036144578374,1.267901470307433,1,0.597088353413655,0.9104417670682727,-24.99000000000069,78.55499999999998
2025-11-14,0.48793161247066796,2.317463194831096,0,0.2917085707900318,0.4412224829589901,-87.33000000000038,77.23100000000004
2025-11-18,0.22964633277949037,0.9269526952695275,1,0.6811061001661491,0.4973890339425611,19.34999999999991,90.90000000000018
2025-11-19,0.14439403758911115,0.8420099098509098,1,0.5559300064808883,1.0,11.139999999999873,91.6260000000002
2025-11-20,0.005331088664423514,0.7642738433495959,0,1.0,0.890011223344555,0.38000000000010914,93.26500000000019
2025-11-21,0.12355113998216521,0.8273703512451132,0,0.8435868042287585,0.5917717488218107,-9.699999999999818,94.89100000000022
2025-11-25,0.05321507760532748,0.5199065195292495,0,0.9308607135658082,0.9725861721427017,-2.6400000000003274,95.42100000000013
2025-11-26,0.67201466880588,0.458327205496145,1,0.9053403621361426,0.8035755214301948,29.32000000000062,95.19400000000019
2025-11-27,0.22926267281103507,0.2949939392566233,0,1.0,0.39285714285712664,-5.969999999999345,88.27300000000018
2025-11-28,0.8933595948227359,0.8784309848363113,0,0.5279966235227882,0.8294879009566699,63.5,80.91700000000014
2025-12-02,0.357132973571325,1.09412138737074,1,0.5163968451639678,0.9255569392555674,-25.80999999999949,66.05300000000003
2025-12-03,0.08214816387178768,0.7264008388071623,0,0.6068775206962308,0.9832307365739764,-3.869999999999891,64.85399999999996
2025-12-04,0.258043044153543,0.7286984640258649,1,1.0,0.7080097625915256,-11.63000000000011,61.84999999999995
2025-12-05,0.12421991084694874,1.1362677066977374,1,0.5347696879643341,1.0,-8.359999999999673,59.22899999999991
2025-12-09,0.35884420148379575,0.9779474940334195,0,0.560132760640382,0.6192893401015247,18.38000000000011,52.37499999999991
2025-12-10,0.37122276879831484,1.083447540733977,1,0.3815881939564181,1.0,21.13000000000011,52.53599999999987
2025-12-11,0.6354728074473356,1.5156409542374383,1,0.5328270455659029,0.9375306222440043,51.88000000000011,53.864999999999874
2025-12-12,0.20408588701271443,1.6144720235591217,1,0.46706274755054467,1.0,19.579999999999927,59.42499999999982
2025-12-16,0.0316385959389296,1.0165450588837806,1,0.7292617660947497,0.6897528726585891,-2.0100000000002183,62.49599999999991
2025-12-17,0.7590640809443426,0.769854921943455,0,0.860876897133212,0.6024451939291773,36.00999999999931,61.62200000000003
2025-12-18,0.0772030941908103,1.0693374422188027,1,0.32185651448506236,1.0,-5.0900000000001455,61.655000000000015
2025-12-19,0.08984954439499508,0.7403398126794299,1,0.5842339478703102,0.7779190506463307,4.239999999999782,63.74100000000008
2025-12-23,0.5400922988174176,1.0110082379529068,1,0.759734640899916,1.0,37.44999999999982,68.58500000000004
2025-12-24,0.07778782788474495,1.09933661945822,1,0.7050006460782952,0.5301718568290539,-6.020000000000437,70.39700000000002
2025-12-26,0.47630546332629486,0.9146375131135799,0,0.7221551463929866,0.5996076063990393,31.5600000000004,72.44400000000005
2025-12-30,0.0776374442793514,0.9346897677163996,1,0.7417038137691861,0.7277117384843904,6.270000000000437,86.40300000000016
2025-12-31,0.2148492818126701,1.1235239967724016,0,1.0,0.49474003641512815,-21.24000000000069,87.99100000000017
2026-01-02,0.06764227642276187,1.0079323456142635,1,0.7919783197832022,0.7347425474254814,6.239999999999782,91.52400000000016
2026-01-06,0.6705168928674481,0.6810293119893022,0,0.6889979786312461,0.6217152757724423,46.4399999999996,101.69900000000025
2026-01-07,0.5172772148609959,0.7408619329008934,1,0.7656534164718127,0.5822291504286754,-39.81999999999971,103.90600000000032
2026-01-08,0.25836120401337664,0.7141151182230709,1,0.7059643255295387,0.840997770345599,18.539999999999964,100.48800000000037
2026-01-09,0.43962029256146756,0.6379430159833215,1,0.4847494553376975,0.9032057267351349,28.25,100.73000000000039
2026-01-13,0.16374269005848568,0.622080110285665,0,0.52923976608188,1.0,-10.640000000000327,104.45600000000022
2026-01-14,0.676000718003946,0.6457707867252425,1,0.9405851732184456,0.7824448034464211,37.659999999999854,86.26900000000015
2026-01-15,0.2927446022174718,0.6132868884726851,1,1.0,0.8276599883291247,-15.050000000000182,83.82700000000014
2026-01-16,0.24480095068329819,1.0640853797324241,1,0.35008912655971675,0.9938205585264465,-20.599999999999454,79.08200000000006
2026-01-20,0.8497705347944189,1.4146031241305366,0,0.675564297087195,0.48037838344103917,90.73000000000047,75.47699999999995
2026-01-21,0.4855225456190648,1.6739031655475327,1,0.9840144774543818,0.944276881315033,64.39000000000033,79.22799999999998
2026-01-22,0.6241463269790323,1.9859184828757488,1,0.393253756161293,0.7721954985450467,105.09999999999945,84.79199999999992
2026-01-23,0.4987232152770092,0.9535757768249408,1,0.7326523814810804,0.6903519484845074,44.92000000000007,94.45499999999993
2026-01-27,0.9431434361630244,1.8244187001889782,0,0.49549650979509274,0.8093897770772319,167.53999999999996,97.36799999999994
2026-01-28,0.9138640119921596,2.385786336542871,0,0.5924587769535314,0.6985432601760377,237.76000000000022,109.05
2026-01-29,0.07640653357531832,3.831325859711199,1,0.368663036902601,0.9014720709820534,-37.89000000000033,129.433
2026-01-30,0.6601542957950441,4.36836475310843,0,0.5178519708259821,0.555557018352247,-501.4399999999996,173.88199999999998
2026-02-03,0.8415113903205139,1.1703130018915728,0,0.8628587112317396,0.3443017901253383,275.9399999999996,280.19000000000005
2026-02-04,0.0814531065835975,0.7838737671542517,1,0.7622495369590825,0.8804091597912076,19.349999999999454,303.059
2026-02-05,0.7159413702988294,0.8420585993436507,0,0.8859978032799288,0.5569442866340958,-189.02999999999975,313.55300000000005
2026-02-06,0.5574843483210042,0.9787785848469728,0,0.7839435907164989,0.24280655157149222,176.3100000000004,323.117
2026-02-10,0.41835610401057916,0.26270163566212396,0,0.9674966945791018,0.8756059938298817,-37.970000000000255,345.48699999999997
2026-02-11,0.5562106525432199,0.2974882797287607,1,0.4423903267712658,0.7969421405016511,55.659999999999854,336.383
2026-02-12,0.7366946778711497,0.6908821904467611,0,0.24699557242251757,0.9268997921749332,-163.0600000000004,320.37299999999993
2026-02-13,0.7172151898734216,0.5394019466265187,0,0.69082278481013,0.5144936708860757,113.32000000000062,292.91700000000003
2026-02-17,0.7391112511818456,0.8216843882555873,0,0.8929089190040989,0.5184998424204219,-117.26000000000022,193.079
2026-02-18,0.6198442089132933,0.8929406264609622,0,0.561741795428429,0.3947133188609357,97.07999999999993,175.39800000000005
2026-02-19,0.31466147101802344,0.3681322622292363,0,0.994317259295349,0.9467446013963201,19.38000000000011,167.304
2026-02-20,0.8779290690310314,0.8589691282469719,0,0.38901203293223185,0.9346896770107661,110.89999999999964,147.06000000000003
2026-02-24,0.5307850179579283,1.2015103644910226,0,0.6689969214982064,0.5090430990251401,-82.76000000000022,129.77000000000007
2026-02-25,0.2640349963545496,0.7044744140997621,1,0.9272992396625304,0.7458598062701846,25.350000000000364,136.28600000000006
2026-02-26,0.2501665112561585,0.5524727700912544,0,0.6636472625549474,0.9409884108165671,18.779999999999745,135.8800000000001
2026-02-27,0.8400630638521485,0.9415849504754522,1,0.2930717351318211,0.6425505824647423,95.90999999999985,121.25300000000007
2026-03-03,0.5865798045602592,3.0914671478748437,0,0.26131596091205384,0.4947491856677516,-225.09999999999945,124.13199999999998
2026-03-04,0.308941079522041,0.8275255383860043,1,0.8734239802224925,0.6912237330036997,37.48999999999978,146.6419999999999
2026-03-05,0.4381256952169067,1.005065856129681,1,0.5151557285873182,0.6040739710789758,-63.01999999999953,143.11499999999995
2026-03-06,0.8154299491025975,0.7399894277785112,0,0.6895258505223636,0.9021341191177779,91.31999999999971,151.33999999999986
2026-03-10,0.4362988734261097,0.7819260564292586,0,0.573061630218689,0.6423956262425449,52.67000000000007,154.38799999999983
2026-03-11,0.13439913290882186,0.4892356231937824,1,0.5392223275978927,0.638666847310659,-9.920000000000073,150.86799999999985
2026-03-12,0.7262680231281592,0.9191512835692396,1,0.4365073556320009,0.9590865842055175,-99.23000000000047,148.64799999999977
2026-03-13,0.5193733153638791,0.7669052479264128,1,0.4774258760107831,0.9444912398921822,-61.659999999999854,154.8039999999998
2026-03-17,0.05947012401351949,0.4845604403108403,1,0.7005355129650509,0.8155298759864693,-4.219999999999345,146.44199999999992
2026-03-18,0.8944452404833492,1.8180318331408607,0,0.16449348044132578,0.45498399961790065,-187.26999999999953,115.16299999999993
2026-03-19,0.4592452416214162,2.9413140805872624,1,0.38322088749931327,0.4406505402885199,-167.45000000000073,123.96499999999996
2026-03-20,0.5923145389110313,1.769410379134911,1,0.39270926047753424,0.7928098757788011,-153.0599999999995,146.04300000000003
2026-03-24,0.3528981840670128,0.9558689180038893,0,0.7997976049924119,0.7446449654241857,62.76999999999953,186.08200000000016
2026-03-25,0.22967715514299702,0.7638805612183722,1,1.0,0.6303324005187375,33.650000000000546,191.7970000000001
2026-03-26,0.6730022269408034,0.9699749330627375,0,0.6649230928582538,0.6639908850794963,-129.94999999999982,199.06700000000018
2026-03-27,0.655709438789701,0.8782539457679766,0,0.553590299794203,0.7873630346515403,117.89000000000033,204.7130000000002
2026-03-31,0.7563563465675727,0.9301944803245558,0,0.6683942890670845,0.5830725601408189,154.6899999999996,219.8680000000001
2026-04-01,0.650175331605426,0.5624635543511828,0,0.6552828175026669,0.5843116328708673,85.28999999999996,233.22400000000007
2026-04-02,0.33145177664974573,1.0924779840731127,1,1.0,0.4829238578680206,-81.61999999999989,225.40500000000003
2026-04-07,0.4955465587044544,0.5604974130888607,1,0.46351776878092393,1.0,55.07999999999993,198.30600000000004
2026-04-08,0.0003162755392451917,0.9541600024142209,1,0.9142893288633046,0.6775887152887583,-0.049999999999272404,165.68499999999995
2026-04-09,0.4367872112291679,0.6266683770394679,0,0.33551028365337776,0.6418754264548139,44.8100000000004,163.70699999999997
2026-04-10,0.2705864004990704,0.40247308790760383,0,0.6565814098565116,0.8379600748596328,-17.350000000000364,159.31499999999997
2026-04-14,0.9407378335949769,0.7274803711634552,0,0.5105965463108313,0.8240777080062767,95.88000000000011,140.1
2026-04-15,0.5800988002822908,0.6318840579710177,0,0.7919313102799292,0.5117619383674429,-49.32000000000062,134.55
2026-04-16,0.06811905492483107,0.531647634584015,1,0.7272169377109454,0.7798404418533247,-4.440000000000509,122.6000000000001
2026-04-17,0.3336898395721978,1.0478448275861998,1,0.3163307280954344,0.6089675030851499,40.5600000000004,116.00000000000009
2026-04-21,0.6290420617554067,1.6051984545135256,0,0.3659129589107742,0.7650133722343748,-103.48999999999978,102.4920000000001
2026-04-22,0.3235138472393717,0.5257398288030161,1,1.0,0.652143235138455,18.340000000000146,107.82900000000018
2026-04-23,0.5505429307063734,0.9144325359047561,0,0.6840926900257441,0.8832419120116388,-49.18000000000029,97.68900000000022
2026-04-24,0.07746393502241926,0.8560339549412173,0,0.6461389259304126,0.6119529639956365,6.389999999999418,96.3630000000002
2026-04-28,0.5963402976922035,1.5778926955397505,1,0.5514816332104358,0.30206199644954096,-87.34000000000015,92.82000000000025
2026-04-29,0.5487061644519932,1.032430425185153,0,0.4299130782295902,0.5463083225097434,-54.92000000000007,96.94600000000028
2026-04-30,0.6974063400576285,1.0926025616283948,1,0.6152272938551633,0.3765919866133679,75.01999999999953,98.45300000000024
2026-05-01,0.10994292580354036,0.972519767849488,1,0.60178231701212,0.7372584359667496,-10.979999999999563,102.69200000000028
2026-05-05,0.44284539473684736,0.696901386925456,1,0.6134868421052534,0.4795778508772022,32.3100000000004,104.69200000000028
2026-05-06,0.7376705735802049,1.848622508792489,0,0.7672272238265118,0.2753524715474786,130.27999999999975,95.53600000000024
2026-05-07,0.056499307914934176,0.7390633137415299,1,0.8228262237322255,0.9866616333207563,-4.489999999999782,107.52800000000016
2026-05-08,0.5055885193873417,0.6802012351936257,0,0.7959155512625901,0.6539257623844328,36.64000000000033,106.5420000000001
2026-05-12,0.153829078801332,1.2365729134261687,1,0.6373658897521314,0.5990381058083629,-20.789999999999964,109.29399999999995
2026-05-13,0.4756841554819519,0.5304031877814117,1,0.6829353320550766,0.7054209517169199,-27.289999999999964,108.16299999999993
2026-05-14,0.5472483221476568,0.7170977274258599,1,0.6730201342281923,0.8821476510067027,-40.77000000000044,103.89099999999999
2026-05-15,0.7439437353477478,1.5266841644794362,0,0.7096900234436047,0.35608231310236754,-114.23999999999978,100.58399999999992
2026-05-19,0.6911693742962877,1.2114893699943523,0,0.46863438957696935,0.661331832073343,-85.94000000000051,102.63399999999983
2026-05-20,0.6141660780950469,0.9196266191589635,1,0.5571587125416156,0.8639895066088225,60.86999999999989,107.77199999999985
2026-05-21,0.03666707272506086,0.8207194417228145,1,0.714825191862589,0.8614934827628213,-3.0100000000002183,100.02199999999985
2026-05-22,0.6813146233382521,0.5400662119580386,0,0.7121491875923156,0.7841580502215726,-36.899999999999636,100.28399999999984
2026-05-26,0.646510197806704,1.0204892742466862,1,0.5988521061801831,0.5003587168186928,-63.07999999999993,95.61099999999979
2026-05-27,0.5910084523462599,1.4941264847092646,1,0.45795686388807605,0.42844651705042464,-81.11000000000058,91.8529999999998
2026-05-28,0.2590249100839172,1.5038060897435976,1,0.6703077128013861,0.8823764486479299,38.88999999999942,99.83999999999969
2026-05-29,0.42479292168674887,0.9891624148076427,0,0.3490210843373494,0.7769201807228928,45.13000000000011,107.40399999999973
2026-06-02,0.011712285168683266,0.7692458354959733,1,1.0,0.6986632718014002,0.9200000000000728,102.11299999999983
2026-06-03,0.8071073205401615,0.721286935837764,0,0.6233120113717148,0.5808102345415831,-56.780000000000655,97.53399999999984
2026-06-04,0.42897758337889164,0.9661095734116495,1,0.656424275560414,0.6358665937670831,39.22999999999956,94.6579999999999
2026-06-05,0.8772829032638155,1.7756344540452313,0,0.3104748438788729,0.9067986332037196,-148.90999999999985,95.59399999999997
2026-06-09,0.5693217665615102,1.1693533512855518,0,0.30315457413248853,1.0,-72.1899999999996,108.43600000000006
2026-06-10,0.9529139734090094,1.7087976723928855,0,0.4458983656524235,0.6260970098271069,-181.32999999999993,111.35900000000011
2026-06-11,0.7079086832450033,1.6779246541375243,0,0.4804321239298822,0.8515593151243371,138.91999999999962,116.95400000000014
2026-06-12,0.07204838285563503,0.6256786548649224,1,1.0,0.7679463581383151,5.479999999999563,121.56400000000012
2026-06-16,0.4187946884576036,0.3954916377151224,1,0.6055158324821223,0.8500510725229818,20.5,123.77000000000007
2026-06-17,0.4629618283193455,1.350964324145351,0,0.19588260523251846,1.0,-75.5600000000004,120.81000000000013
2026-06-18,0.385406922357348,0.9860410773582559,1,0.5869971936389174,0.585749922045522,-49.44000000000051,130.0960000000001
2026-06-19,0.6088762571053831,0.6838143505333454,1,1.0,0.4403148229121069,-55.70000000000073,133.77900000000008
2026-06-23,0.7842590008372872,0.8536304508382245,0,0.9458554284119439,0.36933668248208884,-84.30000000000018,125.92100000000019
2026-06-24,0.7193680965836103,1.2559077344947174,0,0.4143334189571046,0.5320446956074992,-112.01999999999998,123.9900000000002
2026-06-25,0.28862141704926386,0.670226125429339,1,0.6828390619183534,0.7489762997890559,23.26000000000022,120.24300000000021
2026-06-26,0.5105384342897611,1.039032738916803,0,0.5017711654268513,0.5325894438540564,57.65000000000009,108.6780000000002
2026-06-30,0.09136887488599628,1.1370578474998052,1,0.7627062432634113,0.47243180499129567,-11.019999999999982,106.0720000000003
2026-07-01,0.1271709764569663,1.3728607004715712,1,0.3744371542518977,0.6607487456580485,19.769999999999982,113.2380000000002
2026-07-02,0.7934139666284091,1.0071756933391407,0,0.4328595391542351,0.6989494129072136,89.86999999999989,112.46300000000019
2026-07-03,0.6341594827586216,0.6690578756691448,0,1.0,0.3217941810344759,47.07999999999993,110.96200000000022
2026-07-07,0.6770644283121666,0.8145691080948713,0,0.5877949183303062,1.0,-59.69000000000051,108.22900000000004
2026-07-08,0.18071644983068777,1.055731165801157,0,0.3559080377829275,0.6218142933523424,-20.279999999999745,106.296
2026-07-09,0.5463560334528175,0.8210228944735389,0,0.680167264038235,0.37275985663082506,45.73000000000047,101.94599999999996
2026-07-10,0.09361215487664765,0.5985898275912618,1,0.49746773403038763,0.7729129227250493,-5.729999999999563,102.25699999999988
2026-07-14,0.4307679451825883,1.177298126869194,0,0.42232806885602175,0.6121835046377538,51.55000000000018,101.64799999999983
2026-07-15,0.10034493571652739,0.6280402544459092,1,0.664158043273751,0.8505801191596145,6.400000000000091,101.55399999999982
2026-07-16,0.8853888774882037,1.0549217413893859,0,0.44818387030576673,0.6190231890006176,-86.28999999999996,92.38599999999978
2026-07-17,0.6600062441461167,0.7054677605858721,0,0.5910084295972551,1.0,42.2800000000002,90.80499999999975
2026-07-21,0.7795483205319269,0.9895183428999275,0,0.967327754212996,0.48744697925025765,68.0,88.15399999999981
2026-07-22,0.5605602240896359,1.0135020042924758,1,0.7269467787114844,0.6647619047619073,50.029999999999745,88.06099999999984
2026-07-23,0.726677902250424,1.17613450865165,0,0.504015068900567,0.34549420045603196,-73.30000000000018,85.76399999999981
2026-07-24,0.06403858948768988,0.687234942444645,0,0.5274451097804407,0.6225881570192932,3.849999999999909,87.48099999999985
2026-07-28,0.7200395703787467,0.8803842038470197,0,0.6710005652911231,0.5012719050310931,-50.95000000000027,80.37399999999984
2026-07-29,0.31043933228137327,1.5951936197554417,0,0.31068848102317,1.0,37.38000000000011,75.4829999999999
2026-07-30,0.36574730186416354,1.1304315677913899,1,0.783713070969147,0.5999127875286137,33.54999999999973,81.14599999999992
2026-07-31,0.6674023394394184,1.1246943765281168,0,0.48708894283822474,0.3798278525711776,-60.48000000000002,80.57299999999995
2026-08-04,0.38654539752234746,0.7595012088658101,0,0.4193194291986866,0.705817782656418,24.65000000000009,83.96299999999997
2026-08-05,0.8231541466791916,2.4775475697465006,0,0.5636714306908637,0.4177340388704824,166.44999999999936,81.61699999999996
2026-08-06,0.10572632622706755,0.8683391990356503,1,0.7235994050570222,0.6427863163113544,-8.529999999999745,92.91300000000001
2026-08-07,0.6803659394792338,1.5633595176799395,0,0.48585503166784444,0.43124560168894854,96.67999999999938,90.89399999999996
2026-08-11,0.2769485903814287,0.7765845733193257,0,1.0,0.5601479780584281,-21.710000000000036,100.94200000000005
2026-08-12,0.47162625364986493,0.7744948625927884,1,0.6814777199441374,0.7354322711692234,37.149999999999636,101.70499999999997
2026-08-13,0.5682075471698071,1.086722506433193,0,0.762452830188685,0.5493396226415053,-60.22999999999956,97.54099999999994
2026-08-14,0.2598022105875506,0.8684625333441099,0,0.6180337405468296,0.3109947643979119,22.329999999999927,98.96799999999993
2026-08-18,0.7795643638403218,1.090151237210065,0,0.4677012246424196,0.7235673553332744,-83.38999999999942,98.12399999999984
2026-08-19,0.9426796272171492,1.9481863261879766,0,0.19280489026956765,0.779637238200219,188.13999999999942,102.44399999999987
2026-08-20,0.024584717607976193,0.8837259373073294,1,0.5462901439645708,0.9946843853820546,-2.2200000000002547,102.18099999999995
2026-08-21,0.6574254215304723,1.1960094238096677,0,0.47940985732814567,0.5565823605706837,81.09999999999945,103.14300000000003
2026-08-25,0.04515635250382798,0.899249805814743,1,0.856658648589551,0.6970260223048325,4.130000000000109,101.70699999999997
2026-08-26,0.7054862567612292,0.8793950336847429,0,0.5400154542443978,0.5564631857820926,-63.909999999999854,103.01400000000004
2026-08-27,0.05182144689584353,0.7482053053860029,0,0.6351975371985686,0.6793227296049258,4.039999999999964,104.1960000000001
2026-08-28,0.8016248789411436,1.833083477986424,1,0.22963520929732253,1.0,-148.9900000000007,101.3920000000001
2026-09-01,0.863288580915262,1.228409292427734,0,0.3559982676483306,0.38017900967229745,-119.60000000000036,112.78000000000011
2026-09-02,0.4848853370396088,0.992953069339381,1,0.4623870743571891,0.6102328005559422,55.81999999999971,115.93700000000008
2026-09-03,0.6382568453528749,1.206147491417883,0,0.4558426532973361,0.49602776706517293,82.75,107.49099999999999
2026-09-04,0.31280453710360734,1.1235259275214096,1,0.24394919722022398,0.8614106558031768,-39.160000000000764,111.42599999999993
2026-09-08,0.5103533532502329,0.8954962268676521,0,0.5444524569897972,0.689914494694555,-49.539999999999964,108.39799999999995
2026-09-09,0.4691171714994044,0.8514211767729108,0,0.7705077072329409,0.6355502856526931,43.51999999999953,108.95899999999992
2026-09-10,0.7214970257766024,1.1086584170658667,1,0.3715300727032408,0.5171017845340322,-87.32999999999993,109.17699999999986
2026-09-11,0.2595978062157175,0.9640040533991336,0,0.5494515539305328,1.0,28.399999999999636,113.48499999999986
2026-09-15,0.12586913888394333,0.5171539475746613,1,0.7338206453913309,0.6523444464253887,-7.0600000000004,108.45899999999992
2026-09-16,0.23386243386243052,1.3201748258726351,1,0.4956160241874499,1.0,-30.9399999999996,100.21399999999994
2026-09-17,0.6312727272727264,1.2140446572224624,1,0.6294949494949539,0.32759595959595933,78.11999999999989,101.93199999999997
2026-09-18,0.5511581530909727,0.6432673521343529,0,1.0,0.8300352814849044,35.93000000000029,101.34200000000001
2026-09-22,0.16222616933097228,0.8796691735588922,1,0.904085257548842,0.6650088809946639,13.700000000000728,96.00199999999995
2026-09-23,0.7513759525825511,0.9972556470339922,0,0.5331287044877184,0.4088696020321752,-70.98999999999978,94.74000000000005
2026-09-24,0.24248599083035602,0.6204760249075475,1,0.5009339446425511,0.7424010867719325,-14.279999999999745,94.91100000000014
2026-09-25,0.1717419777341158,0.6886443582574163,1,0.6445645055664692,0.8880157170923503,10.489999999999782,88.69600000000018
2026-09-29,0.8758361204013275,0.7867127117250463,0,0.49414715719063446,0.5972686733556235,62.849999999999454,91.21500000000015
2026-09-30,0.3744947735191622,0.7733181004936289,1,0.49616724738676465,1.0,-26.86999999999989,92.78200000000015
2026-10-01,0.29577202458558316,0.6190690327118479,1,1.0,0.7025516856025311,15.88000000000011,86.72700000000013
2026-10-02,0.3501148736389969,1.2557544436221366,1,0.6295075417041262,1.0,-35.05000000000018,79.72100000000019
2026-10-06,0.264235764235774,0.9781719129808062,0,0.5985264735264777,0.5093656343656344,21.160000000000764,81.86700000000027
2026-10-07,0.5648434480092728,1.2707847230750364,1,0.41573250869733513,0.5842674913026649,-58.44999999999982,81.4300000000002
2026-10-08,0.4580599812558587,0.5184015547188168,0,0.9367385192127508,0.9522024367385203,19.550000000000182,82.3300000000002
2026-10-09,0.7930135557872777,0.9505755244148739,0,1.0,0.4366527632950976,60.840000000000146,80.7090000000002
