cfg,grp,levels,n,placebo_n,race1,race1_pl,race2,race2_pl,f12,f12_pl,tp1,tp1_pl,tp2,tp2_pl,tp2_t
15min rolling5 bw0.5,all,3.5614,1191,1132.7000,0.4650,0.4642,0.4822,0.4890,-0.0823,-0.0696,-0.0972,-0.0974,-0.0767,-0.0651,-1.9213
15min rolling5 bw0.5,H1,3.5614,508,478.7500,0.4563,0.4703,0.5044,0.4931,0.0988,-0.0658,-0.1090,-0.0798,-0.0604,-0.0279,-0.9829
15min rolling5 bw0.5,H2,3.5614,683,653.9500,0.4714,0.4596,0.4659,0.4859,-0.2171,-0.0724,-0.0884,-0.1103,-0.0888,-0.0922,-1.6904
15min rolling10 bw0.5,all,4.9825,1365,1270.5000,0.4699,0.4647,0.4992,0.4841,-0.0869,-0.0792,-0.0852,-0.0960,-0.0420,-0.0492,-1.1174
15min rolling10 bw0.5,H1,4.9825,573,526.5000,0.5009,0.4670,0.5394,0.4864,0.1139,-0.0601,-0.0175,-0.0858,0.0841,-0.0480,1.4112
15min rolling10 bw0.5,H2,4.9825,792,744.0000,0.4475,0.4630,0.4703,0.4824,-0.2322,-0.0928,-0.1342,-0.1031,-0.1333,-0.0500,-2.7706
15min rolling20 bw0.5,all,6.7135,1623,1508.9000,0.4701,0.4578,0.5014,0.4881,-0.0625,-0.0468,-0.0834,-0.1077,-0.0353,-0.0679,-1.0194
15min rolling20 bw0.5,H1,6.7135,791,731.7500,0.4810,0.4648,0.5194,0.4948,-0.0040,-0.0065,-0.0556,-0.0871,0.0004,-0.0537,0.0074
15min rolling20 bw0.5,H2,6.7135,832,777.1500,0.4597,0.4511,0.4845,0.4820,-0.1183,-0.0846,-0.1098,-0.1272,-0.0692,-0.0812,-1.4433
15min rolling60 bw0.5,all,12.0877,1578,1449.0000,0.4762,0.4733,0.4979,0.4998,0.0242,0.0462,-0.0701,-0.0756,-0.0203,-0.0379,-0.5770
15min rolling60 bw0.5,H1,12.0877,945,888.3500,0.4841,0.4780,0.5018,0.5063,-0.0133,0.0619,-0.0492,-0.0613,0.0223,-0.0250,0.4860
15min rolling60 bw0.5,H2,12.0877,633,560.6500,0.4645,0.4658,0.4921,0.4895,0.0802,0.0214,-0.1014,-0.0982,-0.0838,-0.0583,-1.5293
15min expanding bw0.5,all,22.9064,1809,1802.4000,0.4809,0.4683,0.4963,0.4930,0.0161,-0.0023,-0.0594,-0.0851,-0.0177,-0.0479,-0.5389
15min expanding bw0.5,H1,22.9064,1039,1045.5500,0.4875,0.4742,0.4989,0.5015,0.0559,0.0147,-0.0412,-0.0682,0.0161,-0.0290,0.3703
15min expanding bw0.5,H2,22.9064,770,756.8500,0.4720,0.4601,0.4926,0.4812,-0.0378,-0.0258,-0.0839,-0.1085,-0.0633,-0.0741,-1.2703
15min fixed bw0.5,all,23.0000,268,253.0000,0.5336,0.4798,0.5504,0.4890,0.3142,-0.0903,0.0406,-0.0663,0.1166,-0.0062,1.3288
15min fixed bw0.5,H1,23.0000,0,0.0000,,,,,,,,,,,
15min fixed bw0.5,H2,23.0000,268,253.0000,0.5336,0.4798,0.5504,0.4890,0.3142,-0.0903,0.0406,-0.0663,0.1166,-0.0062,1.3288
1h rolling5 bw0.5,all,1.3860,506,408.3500,0.5000,0.4788,0.5265,0.4946,0.0423,0.0263,-0.0221,-0.0655,0.0791,-0.0239,1.2503
1h rolling5 bw0.5,H1,1.3860,230,179.5000,0.4760,0.4678,0.4808,0.4831,-0.0454,0.0555,-0.0651,-0.0826,0.0468,-0.0487,0.4998
1h rolling5 bw0.5,H2,1.3860,276,228.8500,0.5200,0.4875,0.5656,0.5038,0.1153,0.0033,0.0137,-0.0520,0.1060,-0.0044,1.2334
1h rolling10 bw0.5,all,2.6199,644,515.7000,0.4704,0.4714,0.5137,0.5001,0.1477,0.0376,-0.0821,-0.0807,0.0337,-0.0408,0.6030
1h rolling10 bw0.5,H1,2.6199,234,212.6500,0.4506,0.4661,0.5092,0.4990,0.1684,-0.0103,-0.1148,-0.0854,0.0652,-0.0354,0.6982
1h rolling10 bw0.5,H2,2.6199,410,303.0500,0.4817,0.4751,0.5165,0.5008,0.1358,0.0713,-0.0635,-0.0773,0.0157,-0.0446,0.2248
1h rolling20 bw0.5,all,3.5263,742,592.4500,0.4708,0.4565,0.4807,0.4992,-0.0973,0.0059,-0.0813,-0.1107,-0.0842,-0.0526,-1.6696
1h rolling20 bw0.5,H1,3.5263,303,267.8000,0.5000,0.4628,0.5018,0.5192,0.0982,0.1044,-0.0156,-0.0919,-0.0001,-0.0096,-0.0017
1h rolling20 bw0.5,H2,3.5263,439,324.6500,0.4508,0.4513,0.4656,0.4827,-0.2322,-0.0754,-0.1266,-0.1262,-0.1422,-0.0881,-2.2072
1h rolling60 bw0.5,all,6.0409,711,686.4000,0.4754,0.4619,0.4719,0.4943,-0.0903,0.0120,-0.0740,-0.0989,-0.0587,-0.0510,-1.1326
1h rolling60 bw0.5,H1,6.0409,358,400.6500,0.4888,0.4692,0.4815,0.5041,0.0333,0.0801,-0.0426,-0.0796,-0.0055,-0.0371,-0.0751
1h rolling60 bw0.5,H2,6.0409,353,285.7500,0.4618,0.4516,0.4620,0.4806,-0.2156,-0.0834,-0.1058,-0.1260,-0.1127,-0.0704,-1.5459
1h expanding bw0.5,all,9.7953,831,821.7500,0.5018,0.4720,0.4932,0.4955,0.0951,0.0596,-0.0196,-0.0783,0.0155,-0.0381,0.3171
1h expanding bw0.5,H1,9.7953,476,459.8000,0.5084,0.4729,0.4896,0.5009,0.1579,0.0587,-0.0029,-0.0719,0.0704,-0.0401,1.0768
1h expanding bw0.5,H2,9.7953,355,361.9500,0.4929,0.4708,0.4984,0.4886,0.0110,0.0608,-0.0420,-0.0864,-0.0581,-0.0357,-0.7906
1h fixed bw0.5,all,11.0000,186,201.0000,0.5430,0.4883,0.5092,0.4932,-0.0490,0.1102,0.0605,-0.0507,0.1028,-0.0104,0.9753
1h fixed bw0.5,H1,11.0000,0,0.0000,,,,,,,,,,,
1h fixed bw0.5,H2,11.0000,186,201.0000,0.5430,0.4883,0.5092,0.4932,-0.0490,0.1102,0.0605,-0.0507,0.1028,-0.0104,0.9753
15min rolling20 bw0.25,all,16.0760,3400,3356.9000,0.4674,0.4672,0.4969,0.4851,-0.0157,-0.0434,-0.0885,-0.0885,-0.0312,-0.0614,-1.3039
15min rolling20 bw0.25,H1,16.0760,1594,1556.2500,0.4780,0.4742,0.5192,0.4999,0.1477,0.0472,-0.0604,-0.0678,0.0238,-0.0305,0.6707
15min rolling20 bw0.25,H2,16.0760,1806,1800.6500,0.4581,0.4612,0.4770,0.4725,-0.1599,-0.1217,-0.1132,-0.1064,-0.0796,-0.0880,-2.4634
15min rolling20 bw1.0,all,2.7368,656,537.4000,0.4595,0.4654,0.4885,0.4948,-0.1036,0.0116,-0.1029,-0.0917,-0.0453,-0.0420,-0.8349
15min rolling20 bw1.0,H1,2.7368,315,232.6500,0.4682,0.4660,0.5365,0.5121,-0.0027,0.1158,-0.0785,-0.0827,0.0202,-0.0223,0.2531
15min rolling20 bw1.0,H2,2.7368,341,304.7500,0.4516,0.4650,0.4437,0.4815,-0.1968,-0.0679,-0.1253,-0.0985,-0.1057,-0.0570,-1.4308
