setup,t,entry_time,exit_time,side,kind,R_usd,pnl_R,exit_mid,pnl_mid,z20,z50,z100,bbw_pct,bbw_chg5,close_outside,er5,er10,er20,er40,er80,er5_20,er10_40,er20_80,er_short_long,trend_atr,mid_dist_R,tv_e,hour,tf
2026-07-03 09:30:00,9934,2026-07-03 09:45:00,2026-07-03 13:45:00,1,star,13.801714285715207,0.24344801887961023,2026-07-03 10:00:00,0.49058088022191926,2.231883216077766,-0.6269550124326166,-1.1597529863517861,0.152,-0.5330375983674798,1,0.734349482852433,0.46252587991719424,0.4600729631130793,0.35507985049269103,0.2393513619921761,1.5961587437859077,1.3025968082261399,1.922165636676503,0.22317451792501813,5.713451658103759,0.23026125119030452,0.993380577836617,9,M15
2026-07-06 02:45:00,9983,2026-07-06 03:00:00,2026-07-06 04:45:00,-1,star,25.00300000000061,-1.0051993760748708,2026-07-06 04:45:00,-1.0051993760748708,2.4556608898837173,3.0375899167264455,1.5414763497325272,0.688,0.6086026929127608,1,0.8825688073394738,0.9002026342451758,0.4043746494671938,0.13086382268104116,0.26909335314301625,2.1825522655842824,6.8789266261865984,1.5027299810422259,0.6311092811021595,5.920817369093196,0.059652841659002954,0.7992518703241895,2,M15
2026-07-06 17:45:00,10043,2026-07-06 18:00:00,2026-07-06 20:45:00,1,engulf,10.718214285713657,1.9878711139248937,2026-07-06 18:15:00,0.7132718003399682,2.018043588548208,2.254841309953891,2.2458073198590944,0.484,0.23644105072971566,1,0.465080583269367,0.4489583333333406,0.12021787057450871,0.1966965982827596,0.11238083598142257,3.868647656515585,2.2824916000222037,1.0697363969990548,0.33657749735191805,3.1420310805927922,0.7254006864150746,1.6373937677053825,17,M15
2026-07-07 04:30:00,10082,2026-07-07 04:45:00,2026-07-07 06:45:00,1,engulf,17.16650000000027,-1.0075728890571751,2026-07-07 06:45:00,-1.0075728890571751,2.824425875490578,1.9173567587438338,1.8510237896844808,0.598,2.4335607348167483,1,0.7568703524086529,0.758215399376354,0.5217391304347704,0.03321627158325961,0.10092131737795278,1.450668175449952,22.826625723956344,5.169761394224024,0.6572940819984012,6.041047416843645,0.9022514781696993,1.5237831347557034,4,M15
2026-07-07 22:30:00,10154,2026-07-07 22:45:00,2026-07-08 03:45:00,1,engulf,23.568571428571886,-0.1535943750757931,2026-07-08 03:45:00,-0.1535943750757931,2.7493482347846054,2.4712679828469457,2.634111633418067,0.806,0.6765180228449088,1,0.9892775082971643,0.8273868845923891,0.5905648128110786,0.08246619298648153,0.16074504737295603,1.6751379134632487,10.033043294820466,3.6739222916203893,0.666641837219433,7.988586030664271,0.9754515698872309,1.6209023616496299,22,M15
2026-07-09 06:30:00,10274,2026-07-09 06:45:00,2026-07-09 08:45:00,1,engulf,10.096785714285488,1.987124615330197,2026-07-09 08:00:00,0.93896218740056,2.2072907869142013,0.5970347317381284,0.8043168665991017,0.43,0.9196054058040257,1,0.8378378378378512,0.3526244952893671,0.2112824568340552,0.08871943839264324,0.1721222369851423,3.965487009155252,3.9746024284866004,1.2275140071081763,0.1805022583042248,3.7484722746133254,0.9518375720703635,0.9229588276343336,6,M15
2026-07-09 21:00:00,10332,2026-07-09 21:15:00,2026-07-10 02:15:00,-1,engulf,11.098785714285441,0.46401472490554446,2026-07-09 21:30:00,0.48828700694417226,2.029181977287431,1.656508643317883,1.784673325136038,0.02,-0.5129996257686036,1,0.2041811846689542,0.3182515337423043,0.4474097331240265,0.2133454380390373,0.2019948409286326,0.45636285836533896,1.491719423051697,2.2149562388185062,0.11625669281367171,5.124956001407951,-0.06919675897621151,0.8409394391642447,21,M15
2026-07-13 01:00:00,10436,2026-07-13 01:15:00,2026-07-13 05:15:00,-1,engulf,40.80571428571466,0.3281403164822864,2026-07-13 05:15:00,0.3281403164822864,2.4520089132672522,2.7109506794260003,0.8493730923495986,0.578,0.7371982528419683,1,0.9143763213530277,0.6363636363636613,0.1201982651796757,0.08513498375714534,0.024274155164205065,7.607233931256767,7.474760765550173,4.951697159657337,0.6120894811994563,5.765297741273006,-0.5945858423190042,0.4918444165621079,1,M15
2026-07-14 05:30:00,10546,2026-07-14 05:45:00,2026-07-14 07:30:00,-1,star,9.42085714285713,-1.0137991690170747,2026-07-14 07:30:00,-1.0137991690170747,2.4233338129989415,0.6066510478255754,-0.5846457444240644,0.446,1.126830275478877,1,1.0,0.363360762234733,0.27635415068282754,0.011210762331835804,0.12749596531755378,3.6185452526374497,32.411779991346165,2.167552126018366,0.23586479691717924,3.548958035969147,0.818449943893456,0.9203070081055879,5,M15
2026-07-15 05:30:00,10638,2026-07-15 05:45:00,2026-07-15 06:30:00,1,engulf,13.42357142857145,-1.0096844569786623,2026-07-15 06:30:00,-1.0096844569786623,2.246570787655178,1.9643323647800082,0.31031896656173263,0.522,1.6593694896373825,1,1.0,0.4691183404054755,0.31547049441786884,0.35484313860095085,0.02839756592292144,3.169868554094985,1.322044276395143,11.109068124857595,0.4407207744825541,4.5482724580454015,0.5456074070132539,0.9269391159299416,5,M15
2026-07-15 11:15:00,10661,2026-07-15 11:30:00,2026-07-15 15:30:00,1,engulf,10.247214285714108,1.987313625305832,2026-07-15 11:45:00,0.48731362530583205,2.5089540361602496,1.9099105907071017,1.2599625053957475,0.2,0.12587045574838163,1,0.8116025272831836,0.3118336886993678,0.24572649572650304,0.2373422312490988,0.013298083278255731,3.3028694153784226,1.31385673362145,18.478339365516007,0.29853560542111207,2.3735952570569037,0.15618878998469393,1.0749870711946217,11,M15
2026-07-15 16:00:00,10680,2026-07-15 16:15:00,2026-07-15 19:15:00,-1,engulf,13.105142857143164,1.9900802302258658,2026-07-15 19:15:00,1.9132183657451352,2.0041817666178914,2.528986088256763,0.7877850730292136,0.786,1.687181845012077,1,0.6441144114411519,0.6165322580645249,0.5453753267770501,0.1899897154610911,0.004408060453399709,1.1810479495792563,3.245082274944443,123.72228841744453,0.6121241976111252,7.036018452803402,1.9231381355192694,1.5956691208315288,16,M15
2026-07-16 16:15:00,10773,2026-07-16 16:30:00,2026-07-16 20:30:00,1,star,33.709642857142626,-0.7356945342049159,2026-07-16 20:30:00,-0.7356945342049159,2.476112575385242,3.7909076599287608,3.133844595746497,0.882,2.6771016485901273,1,1.0,0.5927969793784477,0.37685393258427313,0.2554406964091424,0.14978045210603336,2.6535480023851874,2.320683382529453,2.516042162280888,0.4430165272724143,5.709048316251824,0.5703709197241279,1.66618728028124,16,M15
2026-07-17 06:45:00,10827,2026-07-17 07:00:00,2026-07-17 11:00:00,-1,star,18.93992857142848,-0.1441399311356541,2026-07-17 07:30:00,0.4931361937554328,2.496414513910952,1.5957862287863116,-0.2368161090419876,0.544,0.16177608981691094,1,0.5521003818876177,0.18838208222540345,0.29258469556977473,0.10398534127347854,0.08320536882215832,1.8869762849778122,1.8116215220178375,3.5164160643905094,0.10517671340324514,4.115536920568382,0.23672211767278425,1.2341669873028087,6,M15
2026-07-17 16:00:00,10864,2026-07-17 16:30:00,2026-07-17 18:00:00,1,engulf,16.993071428571056,1.9923498232472896,2026-07-17 16:45:00,0.8467274477413593,2.0537449712134697,2.335347384155383,1.5717705460701354,0.714,2.9921080543076752,1,0.748051138135329,0.545341098169719,0.36441213653603355,0.1261052917970338,0.07394970524587698,2.052761319219566,4.32449019702872,4.927837579938848,0.471391392923842,5.535064215097402,0.8543776244940696,1.3365445916271161,16,M15
2026-07-20 17:15:00,10961,2026-07-20 17:30:00,2026-07-20 21:30:00,1,engulf,9.372857142857356,-0.05014479500077647,2026-07-20 18:00:00,0.951417466849509,2.1504271367790695,2.118099186005238,0.7907226115195624,0.58,0.3960073267595332,1,0.4921956295525448,0.7701622115604386,0.3039634595550291,0.17885282067444033,0.050433820733518694,1.6192592039617788,4.306122814592555,6.0269766425412366,0.71972839082692,4.85990180032733,0.9652873037646131,1.400749063670412,17,M15
2026-07-21 04:30:00,11002,2026-07-21 04:45:00,2026-07-21 05:30:00,-1,star,13.482571428571191,-1.0096420776028314,2026-07-21 05:30:00,-1.0096420776028314,2.034001278876056,3.0114650493174433,1.9033625205568407,0.636,1.6000245356396734,1,0.9154046997389095,0.944728761514845,0.28683914510686914,0.20772290676239716,0.012046134130714122,3.191352070854389,4.548023981753097,23.811717684224778,0.9326826273841309,4.609163928441002,0.8248055690945063,1.2677880571909168,4,M15
2026-07-22 17:15:00,11145,2026-07-22 17:45:00,2026-07-22 18:45:00,-1,star,19.99842857142903,-1.0065005107544163,2026-07-22 18:45:00,-1.0065005107544163,2.459013651746656,3.278552858822419,2.067409274780357,0.876,1.6479357068963605,1,1.0,0.5104308110109894,0.34681677792169413,0.17682162678283703,0.27998177498616916,2.883366848606686,2.8866989875501687,1.2387119766592898,0.23044903602482025,5.459210345302046,0.8830443820585576,1.6222511951325511,17,M15
2026-07-24 16:30:00,11326,2026-07-24 16:45:00,2026-07-24 18:15:00,1,star,12.636714285714334,1.9897125156855875,2026-07-24 17:00:00,0.4897125156855874,2.5852965009162654,-0.2778256054471092,0.03727690583000818,0.152,-0.06359277182733414,1,0.5452488687782784,0.35430349118562804,0.020815986677768777,0.1490063192600065,0.009544205968619305,26.193755656108177,2.3777749356212947,2.181007696838303,0.3447592852170087,2.920600391559715,-0.02651005573333291,1.2838570813603098,16,M15
2026-07-24 18:30:00,11334,2026-07-24 18:45:00,2026-07-24 22:45:00,-1,engulf,11.313142857142793,1.5893019496919083,2026-07-24 21:15:00,1.0082520961713903,2.110489997867261,1.8704781013109404,2.5381068409601055,0.546,0.5457481567195401,1,0.5850832729905904,0.28192124105011895,0.1422644393492766,0.3144808039165188,0.11756090040086357,4.112645968780289,0.8964656587591178,1.2101339719598776,0.16436034064925537,3.65833566043006,1.0197431558743908,1.6528626775721051,18,M15
2026-07-27 10:30:00,11394,2026-07-27 10:45:00,2026-07-27 14:45:00,-1,star,10.633714285714632,0.17397495835348092,2026-07-27 11:00:00,0.487774732656242,2.1445277318384806,0.9604437183339575,1.5083020012782415,0.168,-0.2751802549898842,1,0.6395348837208791,0.3885542168674504,0.002016129032256216,0.2472269411411986,0.11785397660651364,317.20930232584686,1.571649979059263,0.01710700894707686,0.27070024026093675,3.956121912769357,0.2586114245795389,1.1112529637060005,10,M15
2026-07-28 19:15:00,11521,2026-07-28 19:30:00,2026-07-28 20:30:00,-1,star,5.8893571428570795,1.9779262834895874,2026-07-28 20:30:00,1.7760851899916752,2.567377407505168,0.9243821917570267,-0.3601796536090518,0.56,0.6591501630376346,1,1.0,0.45057833859095936,0.3029225297665039,0.006943396226415691,0.13477283332626458,3.3011740684022786,64.8930759383663,2.247652752340484,0.31580550526469475,4.0800262920056,1.7981589065020878,1.1861128725428027,19,M15
2026-07-29 05:45:00,11559,2026-07-29 06:00:00,2026-07-29 08:30:00,-1,star,9.415571428571639,-1.0138069155957454,2026-07-29 06:45:00,0.5794656268491047,2.1451318087044826,1.010330786881843,0.0735345859641043,0.338,0.2631111408603728,1,0.8321678321678484,0.32950367647059514,0.068294020844762,0.05518839584584885,0.02649727767694994,12.185075968208627,5.970524626063754,2.577397635990778,0.3030063987936452,3.4124844830643264,0.5932725424448501,1.1743033330731403,5,M15
2026-07-30 06:45:00,11655,2026-07-30 07:00:00,2026-07-30 07:30:00,1,star,10.06535714285701,-1.0129155874108509,2026-07-30 07:30:00,-1.0129155874108509,2.065450800636291,0.21781497335854436,-0.2998560005843872,0.852,0.614242022795114,1,1.0,0.5113161942430258,0.3063987308302444,0.1094435180038294,0.021752837326607495,3.2637210907836134,4.671964165343579,14.08546049555869,0.4895633569164183,5.033707865168507,1.5933860838093654,1.0266443361753959,6,M15
2026-08-03 22:45:00,11903,2026-08-03 23:00:00,2026-08-03 23:30:00,-1,engulf,4.54549999999972,-1.0285997140028618,2026-08-03 23:30:00,-1.0285997140028618,2.483037407581887,0.8422540381959355,0.11244752601038371,0.464,1.6790371100584003,1,1.0,0.6407924650860777,0.38592657342658987,0.004767790923538468,0.06544579940081728,2.5911664779160843,134.40028628824743,5.896888371139225,0.5753466656852604,5.363542739443881,2.716532834671911,0.8561637315564017,22,M15
2026-08-04 03:30:00,11918,2026-08-04 03:45:00,2026-08-04 07:45:00,-1,star,14.167285714285754,-0.5886801585140827,2026-08-04 04:00:00,0.4908239303828741,2.2102889014206153,2.072311269497008,0.9286919184711899,0.124,-0.4651133312750416,1,0.7951719092904047,0.37040714995034335,0.6304108987035735,0.2936873156342215,0.0027957284935153977,1.2613549526596999,1.26122964878631,225.49074424279442,0.36761142145682796,7.174945329584393,0.1688749735305628,1.2255278310940498,3,M15
2026-08-05 02:45:00,12007,2026-08-05 03:00:00,2026-08-05 04:30:00,1,star,8.623214285714312,1.9849244149927523,2026-08-05 03:15:00,0.4960447297577419,2.156470627196191,0.884945250585989,0.023790841403687354,0.252,-0.2926960179340663,1,0.4062370062369947,0.361675126903546,0.41361256544501684,0.005933309600094806,0.03571183297850412,0.9821679517881993,60.95672588832495,11.581947241240208,0.32596329392504186,6.158410220014127,0.5111203147649896,0.7989206476114331,2,M15
2026-08-05 15:30:00,12058,2026-08-05 15:45:00,2026-08-05 17:00:00,-1,engulf,21.622428571428827,-1.006012275613285,2026-08-05 17:00:00,-1.006012275613285,2.4858341461615456,1.817422024776659,2.2773146679944607,0.888,1.1574222190507988,1,1.0,0.7359900373599093,0.44232221862524396,0.4806765567419522,0.35832439451250453,2.2607953159306398,1.5311544260624725,1.234418380102246,0.3776656428474048,6.573994359507211,1.0379500122227556,1.4125776261698593,15,M15
2026-08-06 12:30:00,12138,2026-08-06 12:45:00,2026-08-06 16:00:00,-1,engulf,13.740928571429322,1.9905392128833055,2026-08-06 13:30:00,0.4905392128833054,2.218965863773451,1.1713527523944796,1.0908280391671508,0.484,0.9176938676325519,1,0.8727272727272507,0.5951912568305916,0.32793996951577287,0.08900382280188825,0.18509027926068206,2.661240939968055,6.6872549750522,1.771783860425758,0.41010097756990954,4.513023295796408,0.48588419372775277,0.8296567651509118,12,M15
2026-08-07 03:00:00,12192,2026-08-07 03:15:00,2026-08-07 04:30:00,-1,engulf,10.525928571429176,-1.0123504543202833,2026-08-07 03:30:00,0.4876495456797168,2.028267844926371,0.17851545473127214,-0.4595715346457599,0.148,0.14123645070538715,1,0.9714928732183625,0.3198405397117113,0.06642636457260499,0.010700585503734664,0.06806092529645444,14.625109765814544,29.890003645135323,0.9759838598031139,0.25177961441525687,2.9855225615555714,0.04488915127947709,0.7991144637586094,3,M15
2026-08-07 10:00:00,12220,2026-08-07 10:15:00,2026-08-07 11:00:00,-1,engulf,9.31135714285756,-1.0139614449328387,2026-08-07 11:00:00,-1.0139614449328387,2.2042117552438647,2.8504741298614658,2.790181145972407,0.852,0.5506524723567818,1,0.794887588543271,0.6947255113024955,0.5141659255494947,0.2959833455792324,0.0632778998012759,1.5459748478932478,2.3471777100935665,8.125521345749963,0.6314476115012195,5.922944503647873,2.193020811758208,1.1467146714671468,10,M15
2026-08-10 04:45:00,12291,2026-08-10 05:00:00,2026-08-10 08:45:00,1,star,11.61700000000019,1.9888095033141089,2026-08-10 07:15:00,1.0469570457088202,2.2332388325888006,2.2323902549018815,-0.17842008753533403,0.584,1.1837454883980518,1,0.9147005444646424,0.544773323342064,0.38488798886216646,0.15254430451877868,0.1185802277662074,2.3765369950066404,3.5712465638138635,3.245802408315584,0.42619309557585655,4.549591598599792,1.0581475423947115,1.2142357603543399,4,M15
2026-08-11 21:30:00,12450,2026-08-11 21:45:00,2026-08-12 02:45:00,1,star,12.285285714285237,-0.030117329674292134,2026-08-12 02:45:00,-0.030117329674292134,2.2867618795096063,1.3695359717731357,1.2513270958882956,0.44,0.34481433746778944,1,0.9790732436472307,0.31341746072624505,0.338437288898892,0.007402985074625723,0.07931400993938652,2.8929236693529017,42.33663279972109,4.267055582708945,0.2341034507868585,5.521286150529928,0.7549274974709075,1.2835164835164836,21,M15
2026-08-12 20:15:00,12537,2026-08-12 20:30:00,2026-08-13 01:30:00,1,star,14.292571428571136,-0.6905685271070027,2026-08-13 01:30:00,-0.6905685271070027,2.445931015741994,0.8559855205323171,-0.23369406520856958,0.496,0.30353026613687195,1,0.6096296296296104,0.5963266120982158,0.09235269536147066,0.009640863731183415,0.09834190966266317,6.601102731690781,61.85406502214058,0.9390980476000824,0.49798470243555265,3.893848462115487,0.7734787302095356,1.4300981079187105,20,M15
2026-08-13 03:45:00,12563,2026-08-13 04:00:00,2026-08-13 08:00:00,-1,engulf,26.4350000000004,0.7346321165121872,2026-08-13 04:45:00,0.4954605636466634,2.948527067587609,2.4640891788853216,2.264241671923295,0.592,0.9144455684733432,1,1.0,0.8280725319005982,0.4058769513314943,0.14999999999999886,0.12302558398220093,2.4638009049773903,5.52048354600403,3.299126394638498,0.7050469479183972,6.472955974842762,0.43625874787214225,1.4240703425535812,3,M15
2026-08-17 03:00:00,12744,2026-08-17 03:15:00,2026-08-17 04:00:00,1,star,12.891928571428252,1.9906918503825757,2026-08-17 03:30:00,0.49069185038254054,2.3365702179976027,0.7937262844250356,-0.4753547199804293,0.016,0.1954560588538099,1,0.2114522249051517,0.13019891500903882,0.17779045445902905,0.031572821184345796,0.1678920262830789,1.1893339580493612,4.12376563528612,1.058957107106806,-0.03769311127404007,3.096868995139604,-0.2753660928487428,0.9160261337432744,3,M15
2026-08-17 04:30:00,12750,2026-08-17 04:45:00,2026-08-17 08:45:00,-1,star,19.686214285714414,0.13867572304043382,2026-08-17 08:45:00,0.13867572304043382,2.0737012112530326,2.7575045210804965,1.8385367736829503,0.854,1.7240638141360436,1,0.8658088235293856,0.34947299077734134,0.3642351793120212,0.11433731592108942,0.27009127154107404,2.3770598577675894,3.056508611926243,1.3485633105941754,0.0793817192362673,5.749728872945733,0.725202915745964,1.5154823529411765,4,M15
2026-08-17 21:45:00,12819,2026-08-17 22:00:00,2026-08-18 03:00:00,1,engulf,10.031357142857814,1.9880375109478143,2026-08-17 22:30:00,1.0283254651484606,2.3534720984677495,0.2927191241862088,-0.38212101464415305,0.342,-0.5155733966450666,1,0.9092516205068241,0.9410864575363755,0.1857415355269482,0.03391517886772883,0.07179970222721967,4.895251985116198,27.748238073774207,2.5869401928596374,0.8692867553091559,4.513051682566249,1.040287954200646,1.1843344003012615,21,M15
2026-08-19 09:15:00,12953,2026-08-19 09:45:00,2026-08-19 13:45:00,1,star,13.829928571428354,1.3615399315149939,2026-08-19 10:15:00,0.49132316559838446,2.114405419139134,1.1991276971812588,1.4110275733982551,0.462,0.09430719041558477,1,0.40425531914894897,0.5279350233817659,0.032323746500381716,0.12783915460097314,0.19099635882158097,12.506449991623807,4.129681747580542,0.16923750117444336,0.33693866456018495,4.082259984846787,0.1379255135085089,1.1919191919191918,9,M15
2026-08-20 18:30:00,13082,2026-08-20 19:15:00,2026-08-20 23:15:00,-1,star,32.313071428570765,-0.33794373351782214,2026-08-20 23:15:00,-0.33794373351782214,2.202122725882264,3.2073714174807346,2.5691552558173782,0.964,1.04155297301349,1,0.9178135297537989,0.73651929465882,0.30065359477123627,0.24994921795652716,0.16027151351957714,3.0527276098333442,2.946675731495669,1.875901638219143,0.5762477811392429,6.345429905134767,0.7009701956086227,1.6480875979013003,18,M15
2026-08-25 06:00:00,13308,2026-08-25 06:15:00,2026-08-25 10:15:00,1,engulf,21.25521428571392,-0.17125209612429307,2026-08-25 10:15:00,-0.17125209612429307,2.0997584349535914,1.7425625624335161,1.3508222363266367,0.942,0.38037114603321553,1,0.5853033323839468,0.49661781285232276,0.14303529118344321,0.07733691997310038,0.02335341782672064,4.0920204205638555,6.421484240968715,6.1248118902657716,0.47326439502560214,4.9425494525300735,1.2812620768685683,1.3032310950201516,6,M15
2026-08-26 18:30:00,13450,2026-08-26 18:45:00,2026-08-26 22:45:00,1,star,23.071785714286307,-0.4616027615671749,2026-08-26 22:45:00,-0.4616027615671749,2.049824571457849,2.4879119130477414,2.471037006581595,0.65,1.0594326552848492,1,0.5322884012539298,0.23744127213588967,0.16114614095299434,0.24610087097428507,0.16039327476875107,3.3031408515652645,0.9648128070245625,1.0046938762571482,0.0770479973671386,3.621965614575348,0.48691506323427974,1.5055063343545583,18,M15
2026-08-27 17:15:00,13537,2026-08-27 17:30:00,2026-08-27 21:30:00,1,star,20.108428571428703,0.9990835399512594,2026-08-27 17:45:00,0.4940323531710455,2.1399293550459833,1.8043575694131218,2.152651311138418,0.35,0.10553025551024553,1,0.6070287539936038,0.4892770285208905,0.3166666666666499,0.3577153633730692,0.06098140463141817,1.9169329073483241,1.367783099689271,5.192839826839613,0.42829562388947234,3.648215059979736,0.10726845175087185,1.7175914196436113,17,M15
2026-08-28 09:00:00,13596,2026-08-28 09:15:00,2026-08-28 09:45:00,1,star,12.545571428571748,1.9904348717247977,2026-08-28 09:45:00,0.4904348717247616,2.2371173654585235,1.936106243968208,1.9334504769981296,0.032,-0.3071858512363004,1,0.4098807495741046,0.24361158432707816,0.21644157369348643,0.19606386929075348,0.0712132744710004,1.8937246785802662,1.2425113571833761,3.0393430901934746,0.17239830985607776,4.590040781283416,-0.1465457361163137,1.2489186667797472,9,M15
2026-08-31 23:15:00,13745,2026-08-31 23:30:00,2026-09-01 03:00:00,-1,star,9.56228571428619,-1.0177781761682791,2026-09-01 03:00:00,-1.0177781761682791,2.1046358755881296,1.0749828779638644,0.6356322121764661,0.334,0.7524162395593521,1,0.7494163424124298,0.3899280575539359,0.20852615341467096,0.007538207352334029,0.027717850107871284,3.593872184090767,51.726894648659915,7.523171984953261,0.3622102074460646,5.078400361500449,1.1167309071352118,0.7233256351039261,23,M15
2026-09-02 05:15:00,13857,2026-09-02 05:30:00,2026-09-02 06:30:00,1,star,20.407285714285536,-1.0058802528508728,2026-09-02 06:30:00,-1.0058802528508728,2.25457370087968,2.215763454698884,1.753335423932694,0.796,1.7442450567887593,1,0.5805687203791113,0.5546379590030888,0.37300177619893105,0.3556734075412321,0.2983643289267335,1.5564770932068692,1.5594023821946579,1.2501553973984791,0.2562736300763553,4.010649627263064,0.7247901659771515,1.173937438630944,5,M15
2026-09-03 16:15:00,13993,2026-09-03 16:30:00,2026-09-03 18:00:00,-1,star,20.12064285714223,-1.005964024154298,2026-09-03 18:00:00,-1.005964024154298,2.2953197685605438,3.155969755947956,2.452127267475063,0.916,2.3751053011891523,1,0.7197363857093324,0.7878986743667181,0.4929090909090973,0.32384584732737526,0.38376583779389034,1.4601807898934995,2.4329435775356187,1.2844006484334978,0.4041328365728278,6.563914820916426,1.671368069040727,1.5865362396980667,16,M15
2026-09-04 04:00:00,14036,2026-09-04 04:15:00,2026-09-04 08:15:00,-1,engulf,13.234571428571144,0.5085166555126569,2026-09-04 04:45:00,0.49093283823751627,2.706467968869714,0.6000864060606718,1.1293401300311214,0.022,0.14032622730524658,1,0.4183673469387811,0.41472303206998085,0.2401372212692818,0.10706875086457028,0.16713380453326698,1.7422011661808896,3.873427388674386,1.4367962360450182,0.24758922753671386,2.846529814271864,-0.1321161028475003,0.8190445552517291,4,M15
2026-09-04 16:00:00,14084,2026-09-04 16:15:00,2026-09-04 20:15:00,1,engulf,30.283000000000357,1.129676716309465,2026-09-04 20:15:00,1.129676716309465,2.2855895683490384,3.7574709153479007,4.354629751782912,0.952,3.5561072982075883,1,0.8076196823281155,0.7796127002850826,0.6694114059164354,0.4142438820330473,0.3152139561342512,1.2064623864938044,1.88201379452814,2.123673120714648,0.4643987441508314,7.894324853229029,2.1485321797708132,1.9326271922208718,16,M15
2026-09-07 04:30:00,14130,2026-09-07 04:45:00,2026-09-07 08:45:00,1,star,24.570071428571282,-0.7875434980420299,2026-09-07 08:45:00,-0.7875434980420299,2.292563886718038,1.615496862751565,1.8275192251450951,0.564,1.39747728246968,1,0.6673839532739447,0.573691157061162,0.5332011892963682,0.17664855944440938,0.17437049900403664,1.2516550350434308,3.2476412990036323,3.0578635281879,0.39932065805712536,5.677435428951082,0.4420622069242214,1.466385011021308,4,M15
2026-09-07 09:15:00,14149,2026-09-07 09:30:00,2026-09-07 13:30:00,1,engulf,13.561499999999796,0.022121446742622664,2026-09-07 10:45:00,0.4911514213029531,2.1116750922073138,1.9741651462283185,1.6282104215768194,0.272,-0.12460863210865769,1,0.18705259881730557,0.20457856399583152,0.08621830209482508,0.2402929928048303,0.1871224470227265,2.169523109044532,0.8513713263457224,0.46075873561205427,0.017456116973105007,4.544841537424019,0.42867676879403394,1.2884346610761706,9,M15
2026-09-07 18:15:00,14185,2026-09-07 18:30:00,2026-09-08 02:00:00,-1,star,8.580357142856883,0.060603537981309505,2026-09-08 02:00:00,0.060603537981309505,2.0598389472383483,1.6845249196673138,0.1516613310693158,0.586,0.3166276220887345,1,0.8872651356994365,0.8503067484663258,0.16199376947040667,0.1086669070801768,0.0016088255573424243,5.477155933836849,7.824891416472828,100.6906987094361,0.8486979229089834,6.306143943826911,1.3038501560874485,1.2036297640653357,18,M15
2026-09-11 07:00:00,14498,2026-09-11 07:15:00,2026-09-11 11:15:00,1,engulf,25.300285714285565,1.050976273559877,2026-09-11 08:00:00,0.4952569705593387,2.1417704379614615,1.5805313030929022,1.6004279817314753,0.5,0.43315429641479497,1,0.661333333333365,0.6066481994460003,0.21227246036406996,0.41611807913520044,0.36310272536687604,3.1154928538497533,1.4578751317577217,0.5846071801019714,0.2435454740791243,3.5339199183881966,-0.13883242425268416,0.9834955564959796,7,M15
2026-09-11 15:15:00,14531,2026-09-11 15:30:00,2026-09-11 15:30:00,1,engulf,19.215428571427765,-1.0062449817111252,2026-09-11 15:30:00,-1.0062449817111252,2.368443699019715,0.5880620774486446,0.7319924659188326,0.328,0.435330556905726,1,0.9017608897127438,0.5502459592410166,0.43602071005915616,0.018050098231830125,0.10470739169051597,2.068160683446434,30.484374775905383,4.164182709735567,0.44553856755050064,4.341126868531937,-0.030782555684397694,1.0086555912327237,15,M15
2026-09-14 01:15:00,14567,2026-09-14 01:30:00,2026-09-14 05:30:00,1,engulf,13.897214285713744,0.6569661956918652,2026-09-14 04:45:00,1.0451375147126742,2.4364108214346087,1.4541499952489576,0.5915495222515019,0.572,0.040709250232712435,1,0.8045248868778444,0.45999434549053064,0.3598962631144568,0.03173156226939397,0.005974323121902479,2.2354355110988844,14.496429188871321,60.24050855151111,0.45402002236862815,6.394341633562794,1.0537723387524358,1.0427535113443434,1,M15
2026-09-14 16:15:00,14627,2026-09-14 16:30:00,2026-09-14 20:30:00,1,engulf,25.2173571428566,1.2733293111604072,2026-09-14 18:30:00,0.4952413728639467,2.145942770152411,2.1783900641279415,2.412555509580153,0.744,-0.015749583687160174,1,0.5765690376568999,0.5277671390271977,0.47443928066275826,0.37664086166273925,0.26868458274398793,1.215264125793871,1.4012476944144834,1.7657852781036587,0.2590825562832098,5.909072485306965,0.4670989086315184,1.1192924100393105,16,M15
2026-09-15 06:00:00,14678,2026-09-15 06:15:00,2026-09-15 08:30:00,-1,engulf,8.230928571428194,1.985420842987685,2026-09-15 08:15:00,1.3939496498400579,2.000001060380767,1.508095264067347,0.44363070693037354,0.506,0.760040963939318,1,1.0,0.8063915606577764,0.34321096859795314,0.2005575344587194,0.06994647260479914,2.913659793814538,4.020749271943983,4.906765928528109,0.7364450880529773,4.676243525847874,1.4085288068523727,0.8642360840034351,6,M15
2026-09-16 06:30:00,14772,2026-09-16 06:45:00,2026-09-16 10:45:00,-1,star,16.10971428571429,-0.2160187287174027,2026-09-16 10:45:00,-0.2160187287174027,2.18076020021772,3.118398418548844,2.987382968247359,0.97,2.207726134083069,1,0.7961321514907185,0.6739345887016706,0.31498006455286737,0.23997883317899124,0.13787051482059456,2.5275636177828416,2.8083084652678845,2.284607879811999,0.536064073881076,6.4939162422185195,1.8447875283767907,1.224872965291534,6,M15
2026-09-17 04:45:00,14857,2026-09-17 05:00:00,2026-09-17 09:00:00,-1,star,21.239214285713388,-0.6624538841563475,2026-09-17 05:45:00,0.967290961126522,2.132230062090315,-0.004603102526575482,-0.21767922699605227,0.88,0.6638156459848439,1,0.572391354868678,0.671224989203972,0.3613930840967204,0.11004380003020438,0.02866743673212116,1.5838470077515032,6.099616598297558,12.60639684927911,0.6425575524718509,4.995020212080388,0.9729408876438471,1.3579182895500124,4,M15
2026-09-21 15:15:00,15083,2026-09-21 15:30:00,2026-09-21 19:30:00,-1,engulf,24.07621428571383,0.3115107678889158,2026-09-21 17:00:00,0.4950158277137968,2.159147294429112,1.071577751085473,0.23332658916030558,0.422,1.0355429978744954,1,1.0,0.4611464968152796,0.1968446601941722,0.0025105803027068332,0.06084110154415607,5.080147965474788,183.68123748843448,3.235389485039322,0.4003053952711235,4.102979657297322,-0.05565659052944862,1.1258323964369108,15,M15
2026-09-23 14:45:00,15265,2026-09-23 15:00:00,2026-09-23 16:30:00,1,engulf,15.759999999999309,-1.0076142131979697,2026-09-23 15:15:00,0.49238578680205897,2.2274438799995986,1.8012553450741595,2.015907617290841,0.126,-0.21089382651634103,1,1.0,0.6909173068233118,0.6749425287356388,0.38792102206737755,0.06104186641099365,1.4816076294277785,1.7810772490264968,11.057042787506928,0.6298754404123181,7.412280701754454,0.4247779187817773,1.2549396747683161,14,M15
2026-09-23 17:30:00,15276,2026-09-23 17:45:00,2026-09-23 20:00:00,1,engulf,14.609571428571144,-1.0082137933057587,2026-09-23 20:00:00,-1.0082137933057587,2.141375280466168,2.495627365595791,2.699531937596718,0.796,1.3757333491228585,1,0.5219371853272583,0.364415322580635,0.3521372492003418,0.4048391119980035,0.20782792665726663,1.4821981670854483,0.9001485078408931,1.6943692547203182,0.1565873959233684,3.5761153224804665,0.9329500229790902,1.6546599055778983,17,M15
2026-09-25 04:45:00,15409,2026-09-25 05:30:00,2026-09-25 07:45:00,-1,star,9.958571428571304,1.9879500788982927,2026-09-25 06:30:00,1.1290776072299245,2.2054326133299447,2.4438555022323363,1.482016429325202,0.608,2.0533073437974076,1,0.9133663366336475,0.44624652455978414,0.2643511117570047,0.23487752582677696,0.019374163533235175,3.4551257627137457,1.899911551728847,13.644517416379127,0.42687236102654896,5.077829099307115,1.1411275283316316,0.9223909922164286,4,M15
2026-09-25 08:15:00,15423,2026-09-25 08:30:00,2026-09-25 11:15:00,1,engulf,9.265928571428049,1.9870493281838988,2026-09-25 09:15:00,1.3950031991243965,2.042805378849531,1.8411733101014436,1.3602447408726315,0.828,0.1540182985870331,1,0.6311713455953838,0.7916324856439915,0.12220039292730982,0.09325513196480359,0.06337940480637413,5.165051686624546,8.488889232849619,1.9280773194484149,0.7282530808376173,6.4974655192738995,1.4079538709404977,0.9011365405573719,8,M15
2026-09-25 17:30:00,15460,2026-09-25 17:45:00,2026-09-25 21:45:00,1,star,19.74200000000019,1.0880356600141448,2026-09-25 19:00:00,1.061999797386285,2.2952074765590638,1.2416705330988067,0.7099839471380154,0.974,0.8325914747385084,1,0.967649857278769,0.6627680311890932,0.2822052987235827,0.0034476713609545642,0.011203492664761323,3.4288862103421116,192.23642911416917,25.1890465918018,0.6515645385243319,5.593406593406616,1.068078208894744,1.7146074646074647,17,M15
2026-09-29 14:30:00,15632,2026-09-29 14:45:00,2026-09-29 16:30:00,-1,engulf,10.709714285714654,-1.0112047807064344,2026-09-29 16:30:00,-1.0112047807064344,2.357939013431017,2.357319810163961,1.8652306050808525,0.288,0.7987699844510934,1,1.0,0.9990054699155336,0.4070729872084404,0.3034876606159532,0.05889273356401609,2.4565619223659105,3.2917498783573924,6.912108889731773,0.9401127363515175,4.68951826363177,0.4772769715079098,0.8189065142120944,14,M15
2026-09-30 10:30:00,15708,2026-09-30 10:45:00,2026-09-30 11:30:00,-1,engulf,10.700000000000728,-1.0112149532710273,2026-09-30 11:30:00,-1.0112149532710273,2.305595472567356,2.7815521568793025,1.9977449094925896,0.456,1.0076500491026468,1,0.6568627450979907,0.46036240090597463,0.3206182176915312,0.16766104626025563,0.16180144172435507,2.048738059326256,2.745792246765338,1.9815535280441838,0.29856095918161957,4.623376623376663,0.9781775700933486,1.1172781166766905,10,M15
2026-09-30 16:00:00,15730,2026-09-30 16:15:00,2026-09-30 17:30:00,-1,star,18.4799285714289,1.9935064684078094,2026-09-30 16:30:00,0.5276806110104025,3.191283456186768,3.414396030022535,2.7915275244764777,0.594,0.7276002050619823,1,0.926540284360201,0.5792825302483358,0.3247085584304735,0.2748955563995375,0.22352142426070615,2.8534519965804703,2.107282263254912,1.4526954608688736,0.3557611059876296,4.757044209857944,0.5341741426025931,1.8507106987828752,16,M15
2026-10-01 15:00:00,15818,2026-10-01 15:15:00,2026-10-01 15:30:00,-1,engulf,10.211071428571813,-1.0117519499143082,2026-10-01 15:30:00,-1.0117519499143082,2.048159138703321,1.2767963308637016,1.016627523439428,0.576,-0.25232636806697706,1,0.4593262119966679,0.4568345323740945,0.00929207778522225,0.15202900245585435,0.0656934306569337,49.43202399006625,3.0049169894852694,0.14144607295282888,0.39114110171716077,4.8970042796003845,1.1280892588576628,1.1143774286196992,15,M15
2026-10-02 13:30:00,15904,2026-10-02 13:45:00,2026-10-02 15:30:00,1,star,17.482071428571544,1.9931358248654747,2026-10-02 15:30:00,0.4931358248655005,2.0930624604362382,0.14348318135465937,-0.12011229543940477,0.158,0.5916244161938555,1,0.7147826086956479,0.4213358657803331,0.1927944022629256,0.05948614099480832,0.023062510645544137,3.707486318616527,7.0829248415543615,8.359645019835472,0.39827335513478895,3.735685115996147,0.07264585350708683,1.114179500796601,13,M15
2026-10-02 16:00:00,15914,2026-10-02 16:15:00,2026-10-02 18:45:00,-1,star,31.371214285714814,1.9961748372598176,2026-10-02 16:45:00,0.4961748372598174,3.46285445801391,2.409446786630983,3.2284334914493313,0.696,1.507640341010903,1,0.7558875664725381,0.6285251215559189,0.2898429319371758,0.3182434423813765,0.13793333778638633,2.607921336637523,1.974982160992047,2.101326166601201,0.49059178376953255,4.661684553576408,0.29582852341886595,1.833774483853891,16,M15
2026-10-02 19:00:00,15926,2026-10-02 19:15:00,2026-10-02 23:15:00,1,engulf,13.109071428571042,0.49889117132629346,2026-10-02 23:15:00,0.49889117132629346,2.072058360915036,3.421085067076486,3.275833389916548,1.0,0.9512123157765411,1,1.0,0.8332703689711648,0.3418660730847735,0.2506674577276764,0.1336628344257008,2.925122083559392,3.3242064068660424,2.5576748731511207,0.699607534545464,6.070689132412171,2.8603093822708203,1.3569612681321968,19,M15
2026-10-05 04:15:00,15959,2026-10-05 04:30:00,2026-10-05 05:00:00,-1,engulf,9.207214285714144,-1.0130332580817838,2026-10-05 05:00:00,-1.0130332580817838,2.0085591732615207,0.13878862407078552,-0.3789507595990452,0.334,0.8700279800794126,1,0.7427716849451769,0.47053077173558455,0.153721973094184,0.20385087549267072,0.07759626604433992,4.831916153522748,2.3082106986217092,1.9810485855897302,0.39293450569124466,4.716621573932471,0.6626868682167764,0.9544582933844679,4,M15
2026-10-05 17:00:00,16010,2026-10-05 17:45:00,2026-10-05 18:15:00,1,engulf,16.00300000000061,-1.0074985940136223,2026-10-05 18:15:00,-1.0074985940136223,2.659895319962222,1.5232848998264283,1.0223738958298483,0.558,0.9379445079054538,1,0.9489872468116826,0.6186724443569023,0.42586750788643335,0.04392165952022714,0.011025358324148119,2.2283626462170725,14.085816681675848,38.626182965290454,0.6076470860327542,4.346545866364586,0.5814847216146427,1.4503916449086163,17,M15
2026-10-06 04:15:00,16051,2026-10-06 04:30:00,2026-10-06 08:30:00,-1,star,17.304357142857043,0.7813061120031936,2026-10-06 05:15:00,0.49306533036683575,2.113967578484694,1.0173041547390025,0.2538946220657836,0.11,0.5500336712478435,1,0.650452001721884,0.14215148188804821,0.17410897173290388,0.06374355195283811,0.051525011620838314,3.7358902028307064,2.2300527274228727,3.379115622799565,0.09062647026720991,3.384381723832482,-0.30561666962489065,1.0987763787905658,4,M15
2026-07-01 21:55:00,764,2026-07-01 22:00:00,2026-07-01 22:20:00,1,engulf,4.953500000000531,-1.0262440698495985,2026-07-01 22:05:00,0.8203290602603054,2.240955734938565,1.9501742199941903,0.006806302134169352,0.386,0.4671479286013249,1,0.2848484848484988,0.5270451497541455,0.37434402332361744,0.2705979608707681,0.12722118509299507,0.7609270272822001,1.947705548327658,2.9424660920269106,0.39982396466115044,4.587706146926585,0.8465731301099038,0.7896180628824646,21,M5
2026-07-02 14:10:00,947,2026-07-02 14:15:00,2026-07-02 15:30:00,1,engulf,6.2709285714286125,1.9792694178351349,2026-07-02 14:30:00,0.4792694178350988,2.137757678634782,1.859889105837579,1.2803255867195096,0.082,-0.0423756307814146,1,0.363892806770081,0.3165208440555915,0.2349344978166055,0.14454443194601072,0.03408707391157611,1.5489117611588186,2.189782337474032,6.892187297332693,0.2824337701440154,3.9009938121133625,0.23290011732144705,0.9934673366834171,14,M5
2026-07-02 14:50:00,955,2026-07-02 14:55:00,2026-07-02 15:00:00,-1,engulf,3.040142857142655,1.9572388515577248,2026-07-02 15:00:00,1.3606268502419996,2.120196668456587,0.598949115949812,0.7371419419483805,0.198,0.5824861747737107,1,0.9237844940867388,0.22330097087378192,0.18494795836670436,0.057552892439708396,0.07016967706623028,4.994834775386442,3.879926123742762,2.6357248044926807,0.15313129380755164,3.7061763655837328,1.4033879986842748,1.0205740411480824,14,M5
2026-07-03 07:05:00,1138,2026-07-03 07:10:00,2026-07-03 08:30:00,1,engulf,5.227499999999964,0.08417025346735944,2026-07-03 07:15:00,0.47513151602095544,2.021081369863314,-0.2722624437203286,-1.0444865162895305,0.12,0.3224937016295417,1,0.9393019726856766,0.6860465116277717,0.12817298652459097,0.3077917879081627,0.2540556630450862,7.328392652421065,2.2289305256983356,0.5045074964609021,0.43199084858268555,4.28976377952763,0.43452893352460037,0.7962913907284768,7,M5
2026-07-03 14:25:00,1226,2026-07-03 14:30:00,2026-07-03 15:15:00,-1,engulf,3.3002857142855646,1.9606094710414665,2026-07-03 14:55:00,1.2721625833260621,2.0101617205116646,1.6079459580923459,1.668687248253574,0.208,0.016761736067846034,1,1.0,0.6606990622336136,0.4467040673211921,0.025669957686877642,0.04567192730750372,2.23861852433274,25.73822171009498,9.780714186059768,0.6150271349261099,5.920417124039822,1.3115531122845956,0.8203254732646961,14,M5
2026-07-08 09:25:00,1946,2026-07-08 09:30:00,2026-07-08 10:05:00,-1,engulf,4.665785714285448,1.9721375974035897,2026-07-08 09:35:00,0.47805453070220333,2.0789486106260577,1.7960817572766463,1.5195134607674643,0.232,0.5189714327297741,1,0.28978007761969354,0.20517560073940058,0.17292513752692462,0.08839333691563517,0.1710804551404717,1.6757545014216022,2.321165914747911,1.0107825431311734,0.03409514559892887,2.662168379082846,0.5059169332986134,1.0090972708187544,9,M5
2026-07-09 02:50:00,2143,2026-07-09 02:55:00,2026-07-09 03:15:00,1,engulf,5.516714285714443,1.9764352487246555,2026-07-09 03:00:00,0.47643524872465565,2.5168695060688093,1.376144587946501,-0.38227238769568,0.016,-0.015151301930166006,1,0.3401129943502932,0.2993920972644348,0.19563522992984883,0.22375611159044942,0.18526374546469648,1.738505863551526,1.3380286917589326,1.0559822670060868,0.11412835179973829,3.089037284362837,-0.19694694046669026,0.6346269857229037,2,M5
2026-07-09 08:15:00,2208,2026-07-09 08:20:00,2026-07-09 08:35:00,-1,engulf,8.452428571428754,-1.0153801950411545,2026-07-09 08:35:00,-1.0153801950411545,3.0024535487069612,0.9504975316338614,0.21766918129324156,0.314,0.6874787357878287,1,1.0,0.4930909090909236,0.243610042976704,0.039550374687762124,0.015513064989948918,4.104921077065892,12.467414354066747,15.703540411552558,0.4775778441009747,4.310072623934344,0.589593861443054,1.6506024096385543,8,M5
2026-07-09 11:30:00,2247,2026-07-09 11:45:00,2026-07-09 13:05:00,-1,star,8.06207142857238,0.3869973154718731,2026-07-09 12:05:00,0.48387511185533866,2.759263381634616,1.3908214554733613,2.0860877078408167,0.224,0.049265643819570215,1,0.6049573973663779,0.4613778705636416,0.3216870476665867,0.4556180293114609,0.20992423116921932,1.880577417569474,1.0126418203004062,1.5323959786580124,0.2514536393944223,3.5835045030810173,0.22196528719118955,1.0532092579336674,11,M5
2026-07-09 15:15:00,2292,2026-07-09 15:20:00,2026-07-09 15:35:00,-1,star,12.892857142856883,-1.010083102493075,2026-07-09 15:35:00,-1.010083102493075,2.7774647182437997,2.165681315424445,1.1163066710493041,0.488,0.6783773098387778,1,0.8276481149013905,0.45967386513886704,0.27923866766843775,0.08403851765392684,0.247437439157075,2.963945222243084,5.469799777190477,1.1285222988877406,0.21223642598179204,5.555589123866776,0.21566204986148835,1.4041702370751215,15,M5
2026-07-10 10:50:00,2515,2026-07-10 10:55:00,2026-07-10 11:25:00,1,engulf,4.513642857143168,-1.0288015698438049,2026-07-10 11:25:00,-1.0288015698438049,2.4383979023215128,2.817582185505237,2.5665681187396054,0.462,0.3810529687462203,1,0.8225508317929794,0.4232972628899128,0.32135627530364297,0.1766885152465183,0.13194444444444842,2.5596227458628835,2.395725960452622,2.435542297038063,0.2913528184454644,4.5890667220951835,0.9142282920036129,0.959604766056379,10,M5
2026-07-10 11:10:00,2519,2026-07-10 11:15:00,2026-07-10 11:25:00,1,star,3.7442857142859793,-1.0347195726821798,2026-07-10 11:25:00,-1.0347195726821798,2.0089626989547265,2.4237223167697066,2.3050371906537763,0.41,-0.02013732662802581,1,0.4559659090909166,0.2837647058823531,0.3333333333333333,0.1828556263269613,0.10916365021908789,1.36789772727275,1.551851105609175,3.0535194880745027,0.1746010556632652,3.2301526717557305,0.8953643647464499,1.2943911653589073,11,M5
2026-07-10 22:05:00,2650,2026-07-10 22:15:00,2026-07-10 23:00:00,1,engulf,4.90099999999984,1.973474801061007,2026-07-10 22:45:00,0.4734748010610071,2.1138846324502376,1.4216580729101442,1.100974849282053,0.12,0.11484554403886693,1,0.28414442700153536,0.5281249999999384,0.3461538461538274,0.16528272044284764,0.04850305826805382,0.82086167800448,3.1952825956937003,7.136742682096379,0.47962194173188466,3.597609561752853,-0.04794939808195884,0.7315680166147456,22,M5
2026-07-13 21:20:00,2917,2026-07-13 21:25:00,2026-07-13 22:45:00,1,engulf,8.641428571428605,0.23260042982309562,2026-07-13 21:35:00,0.4849561911059417,2.1304689923363553,1.6992119730232818,1.5698980039085066,0.33,-0.16904797224784918,1,0.5221518987341753,0.5444730077120948,0.18839928057554386,0.3032547699214398,0.3743392124895059,2.771517476813316,1.7954309765783545,0.5032849199062345,0.17013379522258892,3.699337748344346,0.07116878822943387,1.0123260437375745,21,M5
2026-07-14 07:40:00,3029,2026-07-14 07:45:00,2026-07-14 08:10:00,-1,engulf,3.1142857142854155,-1.0417431192660591,2026-07-14 07:50:00,1.2675458715598598,2.5325805169495026,1.588355727293879,2.166321234493271,0.148,0.0988339517005079,1,0.8351063829787521,0.47799696509863754,0.39868204283359787,0.266460326392803,0.13507301243915595,2.094667663091385,1.7938766778886153,2.9516039927900874,0.3429239526594816,4.477083333333124,1.3092889908259189,0.7554085008908119,7,M5
2026-07-14 11:15:00,3072,2026-07-14 11:25:00,2026-07-14 12:00:00,1,star,6.80657142857126,-1.0190991898585404,2026-07-14 12:00:00,-1.0190991898585404,2.739012302382372,1.6110897876846997,-0.07149940933402614,0.356,0.9700227053642014,1,0.6787290379523209,0.5924369747899134,0.1852044803334197,0.02690948627344398,0.12685522262671511,3.6647549601954514,22.015915457091744,1.4599673273082612,0.4655817521631983,3.8555475504323002,0.4126894177895702,1.251569290197972,11,M5
2026-07-14 12:35:00,3088,2026-07-14 12:40:00,2026-07-14 12:45:00,1,engulf,2.9750714285710274,1.9563035701423677,2026-07-14 12:45:00,0.7028402679409946,2.34594250301733,2.015331894518541,0.5947663947540618,0.078,-0.2442551852764936,1,1.0,0.3210332103320957,0.3307692307692286,0.2379471228615837,0.025817555938039163,3.0232558139535084,1.349178785905489,12.811794871794143,0.29521565439405656,3.2788104089219283,0.746536697798627,1.0139416983523448,12,M5
2026-07-16 14:30:00,3663,2026-07-16 14:35:00,2026-07-16 15:15:00,1,engulf,9.307428571428318,-1.0139673379174858,2026-07-16 14:40:00,0.4860326620825144,2.083740552745183,1.9077479204122525,2.0733174101706644,0.484,0.5928871835137957,1,0.7084745762712794,0.5895816890292619,0.2749742533470885,0.06987280013940383,0.08170385395537809,2.576512410334656,8.437928462191042,3.365499178254964,0.5078778350738838,4.741224122412244,0.02976117387033949,1.1421924978191336,14,M5
2026-07-16 21:40:00,3749,2026-07-16 21:45:00,2026-07-16 22:30:00,1,star,7.400500000000193,-1.0175663806499555,2026-07-16 22:30:00,-1.0175663806499555,2.2568475729521165,1.569193371226767,1.3681160177731144,0.378,-0.20017483943759373,1,0.5414320193081341,0.3061420345489608,0.3271934076587621,0.2114321477000155,0.1953056234718839,1.654776675307611,1.4479445906368114,1.6752892305011622,0.11083641107707687,4.092384519350867,0.194649010201968,1.0218599481289365,21,M5
2026-07-17 21:50:00,4027,2026-07-17 21:55:00,2026-07-17 22:05:00,1,star,4.137571428571391,-1.0314193971618966,2026-07-17 22:05:00,-1.0314193971618966,2.048032828955071,0.8076195707028854,-0.49642934262220084,0.116,-0.14409178238367537,1,0.4016172506738734,0.14610778443114655,0.3069427527405737,0.07370595069059359,0.06817534291180105,1.308443503187443,1.9823064903468228,4.502254622139089,0.0779324415193455,3.45408379179024,0.300296930566658,0.8672566371681416,21,M5
2026-07-20 03:10:00,4079,2026-07-20 03:15:00,2026-07-20 04:35:00,1,star,16.664428571428743,0.1746234494346344,2026-07-20 03:35:00,0.49219895243076867,2.5828406713547665,1.7810074927561905,2.308208271703345,0.298,0.11145052779880671,1,0.4229965156794566,0.20978260869565807,0.3279132791328006,0.26572769953051695,0.2229518257134138,1.2899645808736784,0.7894645874942594,1.4707808652543,-0.013169217017755724,3.6573404589750953,-0.31498229762280816,1.367497034400949,3,M5
2026-07-20 22:35:00,4312,2026-07-20 22:40:00,2026-07-21 01:00:00,-1,engulf,8.397642857142728,0.18695722439117946,2026-07-21 01:00:00,0.18695722439117946,2.6356085312650013,1.2047738649820472,0.3589014130952411,0.206,0.5323601616157294,1,0.626598465473137,0.4569125852449012,0.30036267721727555,0.0015982951518325752,0.027333049248187857,2.086139567266774,285.8749741692039,10.988992647323796,0.42957953599671334,4.564875196761789,0.23375607100634635,1.124779541446208,22,M5
2026-07-21 02:00:00,4341,2026-07-21 02:05:00,2026-07-21 03:20:00,1,engulf,5.783642857142695,1.9775228168109562,2026-07-21 02:10:00,0.4775228168109564,2.3246410400556403,2.82012855932431,2.273637323081355,0.334,2.2776622901461585,1,1.0,0.4479568234387074,0.35500515995872395,0.10857763300760179,0.09887733887733895,2.8168604651162505,4.1256823438704435,3.5903591661090433,0.34907948456136845,3.519927123662109,0.2500154376257299,0.814663951120163,2,M5
2026-07-21 12:55:00,4472,2026-07-21 13:00:00,2026-07-21 13:35:00,-1,engulf,4.20585714285744,-1.0309092761794754,2026-07-21 13:05:00,0.46909072382047057,2.078659654418527,0.06799171018294649,0.8720598631005624,0.15,-0.15717632193446174,1,0.8177014531043488,0.19726962457340608,0.03506311360448866,0.05170166545980738,0.21591942365531228,23.320845442535642,3.8155371363570967,0.16238980732211677,-0.0186497990819062,3.0301528294093645,0.40443599062529506,1.053112507138778,12,M5
2026-07-22 09:05:00,4702,2026-07-22 09:10:00,2026-07-22 09:25:00,-1,engulf,5.002928571429038,1.9740152196570602,2026-07-22 09:20:00,0.4740152196571514,2.0393411988968246,1.1173334532806363,1.1018171387482245,0.416,0.33239249359634737,1,0.23116883116880355,0.2631098951208249,0.17389927146025178,0.10689170182841433,0.30466787404335777,1.3293260473586395,2.4614623083013174,0.5707830929213885,-0.04155797892253288,3.2365447232330733,0.4496366413958734,1.2622198217661356,9,M5
2026-07-22 14:45:00,4770,2026-07-22 14:50:00,2026-07-22 15:55:00,1,engulf,8.027642857143292,-1.0161940437951,2026-07-22 15:00:00,0.4838059562049,2.054074129045912,0.7559185878991622,0.9800414736627979,0.05,-0.13347896139685367,1,0.7029940119760808,0.2246108228317271,0.045366421093451556,0.033716624439673396,0.09555523382076127,15.495910742616523,6.661723306068383,0.4747664704431376,0.1290555890109658,3.2930065212504083,-0.20311068006076313,1.3913742298419502,14,M5
2026-07-22 21:35:00,4852,2026-07-22 21:40:00,2026-07-22 22:50:00,1,engulf,4.5399285714293,-1.0286348117497082,2026-07-22 22:50:00,-1.0286348117497082,2.1250688593186537,2.0792606652158474,0.37982811496530944,0.446,0.21298892843748685,1,0.8216560509554479,0.44419134396359977,0.3946403385049425,0.32341036688863284,0.06589068825910649,2.0820376702194556,1.3734604373908588,5.989318808646696,0.3783006557044933,4.8667074913248785,1.027108670683669,1.0457310205001127,21,M5
2026-07-24 03:20:00,5185,2026-07-24 03:35:00,2026-07-24 04:00:00,1,star,7.010499999999865,-1.0185436131517014,2026-07-24 04:00:00,-1.0185436131517014,3.4107506180105984,3.5454974304204576,2.2448039582893804,0.214,1.240184403554046,1,0.9690576652602856,0.7011070110701223,0.47103825136610955,0.3094138543516627,0.08351231838281703,2.057280194230119,2.265919903745754,5.640344568173639,0.6175946926873053,3.5585412667945495,-0.04949718279732812,1.0674937965260547,3,M5
2026-07-27 08:15:00,5520,2026-07-27 08:20:00,2026-07-27 08:45:00,-1,star,3.2659285714285033,1.9601950878113852,2026-07-27 08:25:00,0.4601950878114548,2.8181268104388635,-0.17461528843478916,0.3214962937685596,0.1,0.11622065823470851,1,0.9586776859504481,0.7369007803790719,0.2709716354858093,0.24448529411764386,0.018895348837208756,3.5379263376836123,3.014090409971582,14.34065270878786,0.7180054315418631,3.276415379957557,0.3836581151718513,0.8967800180559735,8,M5
2026-07-28 08:40:00,5801,2026-07-28 08:45:00,2026-07-28 10:05:00,1,star,7.218571428571067,1.1345735206808631,2026-07-28 08:55:00,0.48199089649716104,2.128804073707701,2.80978222834707,1.4963325955495228,0.348,0.032827877488151636,1,0.6657824933686609,0.5197934595524568,0.4033808418959034,0.21116168612704864,0.30117531831537525,1.6505059839715268,2.461589832351098,1.3393555758559996,0.21861814123708156,4.776851851851801,0.2314169800118469,1.4355458036204058,8,M5
2026-07-30 16:05:00,6442,2026-07-30 16:10:00,2026-07-30 16:45:00,1,engulf,12.098428571428485,1.9892548028669603,2026-07-30 16:20:00,0.4892548028669602,2.261878933629448,0.9842911216331717,-0.5322670548993419,0.324,0.6725857527033121,1,1.0,0.4592720970537508,0.3161659513591058,0.028869642460582007,0.15689672749516084,3.1628959276015958,15.908478869484828,2.0151213884869414,0.30237536955859,3.007953867568098,-0.049014629999198756,1.4965694682675814,16,M5
2026-07-30 22:00:00,6513,2026-07-30 22:05:00,2026-07-30 22:25:00,1,star,5.027857142857101,1.9741440545532032,2026-07-30 22:15:00,0.4741440545532034,2.119911086147836,0.9095756781049062,-0.3505949460129479,0.06,0.052879812184399855,1,0.4003590664273459,0.3727945361411855,0.15025380710660222,0.004528985507242273,0.07569750916299024,2.6645518948035627,82.31303358004836,1.9849240585060595,0.2970970269781953,3.233093525179672,-0.026850404887101456,0.786498901537847,22,M5
2026-07-31 14:30:00,6699,2026-07-31 14:35:00,2026-07-31 15:55:00,-1,star,7.875428571428529,1.5973733855754013,2026-07-31 15:25:00,0.48349296183427654,2.6586162592899445,0.14147068956164083,-0.7737593414388273,0.05,0.10520443682050584,1,0.8890469416784378,0.45322580645158417,0.2603207096553964,0.03848413631022813,0.13030069390902344,3.4151986711135183,11.776951489778607,1.9978459196629723,0.32292511254256073,2.765583845478466,-0.2761119576259005,1.0559152442613302,14,M5
2026-07-31 22:50:00,6799,2026-07-31 22:55:00,2026-08-03 01:00:00,-1,star,4.898285714285976,-5.940853943070197,2026-07-31 23:05:00,0.47346010265987054,2.706700718388036,1.9173469906439253,1.280081249935281,0.032,0.08149986288992905,1,0.815384615384543,0.3502109704641454,0.13658146964856044,0.13486188842751778,0.1157601115760127,5.969950517318489,2.596812001875297,1.1798664305785125,0.23445085888813272,3.455696202531549,0.09605401306577044,0.8556792873051225,22,M5
2026-08-03 03:05:00,6838,2026-08-03 03:10:00,2026-08-03 03:35:00,-1,engulf,6.3289999999997235,1.9794596302733438,2026-08-03 03:20:00,0.6181071259283524,2.3509323356992615,1.7426609868611764,2.445357717241677,0.444,0.06780699825579872,1,0.8783351120597348,0.6384180790960292,0.40702875399359767,0.2476757547268327,0.2089434111594772,2.1579190743697447,2.577636554696907,1.9480334495110292,0.429474667936552,4.512893982808011,0.6386474956550083,1.5218723878517693,3,M5
2026-08-04 09:40:00,7193,2026-08-04 09:45:00,2026-08-04 11:00:00,1,star,4.718357142857258,1.9724480373011193,2026-08-04 09:50:00,0.47244803730116763,2.005062269049464,0.9066201872889951,0.07122970963070589,0.262,0.26480312795400596,1,0.8311111111110712,0.24026363091672234,0.20208152645273533,0.05359974627339181,0.020632737276478345,4.112751549832829,4.482551646629621,9.794217982076065,0.219630893640244,3.669784642158037,0.25241836595681877,0.9031838856400259,9,M5
2026-08-06 14:55:00,7808,2026-08-06 15:00:00,2026-08-06 15:15:00,1,star,9.72628571428504,-1.0133658421949368,2026-08-06 15:15:00,-1.0133658421949368,2.0874539752507264,1.8972791759848917,1.1390327419954844,0.336,0.5627980914874946,1,0.8368246968025211,0.529775033083293,0.33147066294128547,0.19804287045665483,0.01607004322287229,2.5245814799325115,2.6750522846983453,20.626619253239312,0.5137049898604207,4.293213828425218,0.22927560072848283,1.1912004345464422,14,M5
2026-08-06 22:45:00,7902,2026-08-06 22:50:00,2026-08-07 01:10:00,1,engulf,6.50935714285788,-0.05991375053497095,2026-08-06 22:55:00,0.599291130350738,2.077399414591967,1.0749929128021471,1.3074282049125996,0.288,0.6781159782828838,1,0.8489096573208343,0.3014799154333514,0.2716678805535253,0.12890025575447958,0.06772575250836035,3.1248068619344127,2.3388620423499376,4.011293643728647,0.23375416292499104,4.450881172570334,0.6192623805290505,0.9126748622297584,22,M5
2026-08-07 03:00:00,7941,2026-08-07 03:10:00,2026-08-07 03:35:00,-1,star,5.967785714285128,1.978216376018861,2026-08-07 03:15:00,0.4782163760188611,2.1615366033634715,2.239201784633842,0.8974779806207647,0.218,0.25819623713329265,1,0.7095435684648775,0.6895127993394661,0.4789915966386548,0.22899220329194697,0.1713841788826648,1.481327800830185,3.0110754402427915,2.794841389452804,0.5181286204568013,5.351293678314481,0.43156710433401263,0.8758489540885629,3,M5
2026-08-10 03:00:00,8217,2026-08-10 03:05:00,2026-08-10 03:55:00,1,engulf,9.056428571429024,-1.0143544443568098,2026-08-10 03:10:00,0.48564555564314005,2.849577979190946,2.626916177324028,1.6680855695754495,0.196,0.20114732781073252,1,0.7667584940311676,0.6368960468521104,0.1679049034175454,0.1779626346652125,0.05846114355387657,4.56662359719415,3.5788189360662943,2.8720769593363795,0.5784349032982339,4.37338262476897,0.23971922075865304,1.1128703913141824,3,M5
2026-08-10 14:20:00,8353,2026-08-10 14:25:00,2026-08-10 15:15:00,1,engulf,5.13778571428611,-1.0253027290800631,2026-08-10 14:30:00,0.9031127917807992,2.297183362363933,2.2168883272093853,1.1885476290948163,0.388,0.3601574395810614,1,1.0,0.9492803289924729,0.5115207373272318,0.445159047453541,0.027027027027026373,1.954954954954791,2.1324520627462804,18.926267281108036,0.9222533019654465,5.514032142000798,0.9284155208608623,1.0076663600122662,14,M5
2026-08-12 12:25:00,8882,2026-08-12 12:30:00,2026-08-12 13:50:00,-1,engulf,11.424857142857036,0.20831770325355936,2026-08-12 13:50:00,0.20831770325355936,3.2614028562902875,2.6572048763353804,3.033744957391586,0.466,1.2314919632371306,1,1.0,0.6785848701543304,0.40187864940342455,0.48581560283689795,0.1165336080350284,2.48831332912178,1.3967951341862328,3.448607283167834,0.562051262119302,5.4018595041323385,0.4004426438593217,1.496077248038624,12,M5
2026-08-13 08:30:00,9111,2026-08-13 08:40:00,2026-08-13 10:00:00,-1,engulf,14.225428571429802,0.962361164112436,2026-08-13 08:45:00,0.4915644017754933,2.2237695809185523,0.029870325019299638,-0.3187588465673522,0.21,-0.3116725077082979,1,0.6596230725299508,0.35426008968610995,0.02223308086979667,0.08191167574107057,0.02507349126750893,29.668541053437156,4.324903458280535,0.8867165977243481,0.32918659841860104,3.5734908136482235,-0.3346120629054474,0.9572698594780614,8,M5
2026-08-17 02:00:00,9585,2026-08-17 02:10:00,2026-08-17 02:35:00,-1,engulf,6.552500000000691,1.9816863792445651,2026-08-17 02:20:00,0.5433040824111417,2.7962258499641903,3.2309601552727387,0.7556097239200833,0.356,1.167208585634011,1,0.8374760994264628,0.5259921743991681,0.44155393687132843,0.056277056277059825,0.0021519088228296643,1.896656397994043,9.346476329707706,205.19174984872484,0.5238402655763384,3.6049689440995847,0.5616177031665767,0.7225806451612903,2,M5
2026-08-18 13:50:00,10003,2026-08-18 14:00:00,2026-08-18 14:25:00,-1,engulf,3.36200000000008,1.964306960142773,2026-08-18 14:05:00,0.845776323616827,2.0072537386189704,1.0220716019424516,1.1668185580587933,0.382,0.6532155377036988,1,1.0,0.3854671280276906,0.20885522866297954,0.05298844801607531,0.05155471799703768,4.788005578800499,7.274550255005582,4.051137059366328,0.3339124100306529,4.625000000000092,0.8814693634740539,0.7833383278393767,13,M5
2026-08-20 02:40:00,10421,2026-08-20 02:45:00,2026-08-20 02:50:00,1,engulf,2.0140000000001237,-1.059582919563055,2026-08-20 02:50:00,-1.059582919563055,2.0293486565674623,-0.16956008528332714,-0.9507878986041396,0.096,0.5608741006285809,1,0.8999999999998153,0.3985074626864939,0.32955082742314257,0.13902175590187146,0.1302681992337177,2.7309899569580423,2.866511504629394,2.529787234042335,0.26823926345277616,4.4703947368421115,1.79220456802351,0.42741457633813945,2,M5
2026-08-25 14:20:00,11389,2026-08-25 14:25:00,2026-08-25 14:45:00,-1,engulf,4.798857142856832,-1.025005953798525,2026-08-25 14:45:00,-1.025005953798525,2.1147342067451613,1.7999392896485986,1.1227728613872403,0.064,-0.16879663464715045,1,0.4161676646705458,0.7245762711863705,0.37300275482093376,0.10765179677819514,0.07519135524538371,1.1157227642201573,6.7307401536388785,4.960713284175495,0.6493849159409868,3.9061604584527574,0.5105382233865158,0.8851022395326192,14,M5
2026-08-25 15:25:00,11402,2026-08-25 15:30:00,2026-08-25 15:35:00,1,engulf,6.105642857142811,-1.0196539500930055,2026-08-25 15:35:00,-1.0196539500930055,2.2208362962425476,0.5183511999966003,0.5407657314724297,0.088,0.002189658977487685,1,0.6321506154960334,0.36911707506809327,0.10075187969925539,0.07221940071101764,0.024379129642289114,6.274330735893012,5.111051482483177,4.132710280373863,0.34473794542580416,3.1813501985585417,0.48635337334318895,1.0644850818094322,15,M5
2026-08-26 08:35:00,11596,2026-08-26 08:40:00,2026-08-26 10:00:00,-1,engulf,11.26549999999952,-0.047933957658345905,2026-08-26 09:15:00,0.4893480094092579,2.005384970395531,-0.42826564204585393,-0.7342509535728013,0.008,-0.23513577560120968,1,0.0,0.3856000000000328,0.069790628115643,0.24014574362372687,0.18331849619940588,0.0,1.6056915862069636,0.38070696390465586,0.20228150380062693,3.0689170182841514,-0.34392614619849576,1.7290575916230366,8,M5
2026-08-26 08:50:00,11599,2026-08-26 09:00:00,2026-08-26 09:15:00,1,engulf,5.2767142857137515,-1.022741424587814,2026-08-26 09:15:00,-1.022741424587814,2.0571850394464506,1.3535951908508022,1.4247520746970534,0.018,0.5111497129178089,1,0.5785582255083537,0.15683147262098923,0.2387299098392994,0.32590103848504703,0.20941051372366568,2.4234844552901187,0.48122421870768284,1.1400091886232755,-0.052579041102676444,3.371614672608985,0.27128624414557734,1.4864948773672773,8,M5
2026-08-26 09:30:00,11607,2026-08-26 09:35:00,2026-08-26 10:55:00,1,engulf,6.726428571428187,-0.31517468408199745,2026-08-26 10:00:00,1.1765530423701969,2.4677086927642424,2.1206433128134563,2.1298045401163623,0.444,1.4322452707318725,1,1.0,0.6888063167672771,0.35758224124098487,0.40835226279923886,0.18782316442605526,2.7965594614808387,1.6867944162854311,1.9038239630009142,0.5009831523412218,4.792531120332119,1.1943931188276684,1.2019527235354575,9,M5
2026-08-26 12:30:00,11643,2026-08-26 12:40:00,2026-08-26 13:25:00,1,engulf,6.368428571428012,-1.0188429529599154,2026-08-26 13:25:00,-1.0188429529599154,2.649884964403134,2.3685710789517764,2.0919592779301204,0.19,0.5671993678474416,1,0.8771593090212044,0.7994825355757502,0.4940711462450794,0.29511228533685374,0.3596182085168914,1.7753704414588454,2.709079138007375,1.3738768909468961,0.4398643270588588,4.465764657646537,0.5495861279975358,0.9968119022316685,12,M5
2026-08-26 15:10:00,11675,2026-08-26 15:15:00,2026-08-26 15:25:00,-1,star,4.995071428571464,-1.0240236804850493,2026-08-26 15:25:00,-1.0240236804850493,2.0267987868366757,1.1293757932737252,-0.3439382980759939,0.146,0.334287350543939,1,0.8665254237287976,0.23968474733426715,0.2729705619982101,0.01268684838588411,0.10318422563971771,3.174428104575172,18.892378945818404,2.6454679511898007,0.13650052169454943,3.934335002782331,0.7532424818749494,1.1662158100390743,15,M5
2026-08-27 21:10:00,12023,2026-08-27 21:15:00,2026-08-27 21:25:00,1,star,4.62021428571461,-1.0259728212977117,2026-08-27 21:25:00,-1.0259728212977117,2.5057411713681175,-0.2439118648468287,-0.7786108946953658,0.236,0.041860267348174274,1,1.0,0.4724252491694396,0.10009296560273748,0.09156739079653212,0.035098847658311366,9.990712074302358,5.1593175808535925,2.8517450651698413,0.4373264015111282,4.011501090620661,0.7690119505897203,1.2108813928182807,21,M5
2026-08-27 22:15:00,12036,2026-08-27 22:20:00,2026-08-27 23:40:00,-1,star,8.843714285714668,0.6388718379477754,2026-08-27 22:25:00,0.4864310406099576,2.351961807037785,1.6727469920864133,1.7129280577936425,0.424,0.3646466878949697,1,1.0,0.42379182156134254,0.1858653311074067,0.16344418664604288,0.11218082879865636,5.380239520957925,2.5928840312877712,1.656836850804519,0.31161099276268617,4.687745483110889,0.20183827092686396,1.021113243761996,22,M5
2026-08-28 14:10:00,12215,2026-08-28 14:15:00,2026-08-28 14:35:00,1,engulf,4.063357142857967,-1.029532230562337,2026-08-28 14:35:00,-1.029532230562337,2.307901462360875,2.3680842987115724,-0.11540370569474609,0.296,0.6433216849311969,1,0.6584440227703627,0.4525080042689254,0.17731343283580414,0.23332789825532502,0.06536791456401915,3.7134469297658645,1.9393651923001378,2.7125453522331555,0.38714008970490627,4.580075104925895,1.1164413662168269,1.2276108301100863,14,M5
2026-08-28 22:45:00,12318,2026-08-28 22:50:00,2026-08-31 01:10:00,-1,star,12.600071428571937,-0.3214267492814768,2026-08-31 01:00:00,0.4904762444656986,2.043004977522702,-0.4661501587546688,-1.131090726549236,0.436,-0.33352365981898324,1,0.8648148148147409,0.5422680412371156,0.054484803558185635,0.0898889538281735,0.2929222903442466,15.872587553540214,6.03264381376252,0.1860042931323331,0.24934575089286898,3.5340124107247735,-0.2626969234868495,0.7021110242376857,22,M5
2026-08-31 21:40:00,12581,2026-08-31 21:45:00,2026-08-31 22:20:00,1,star,4.35742857142759,1.9724608222411586,2026-08-31 21:50:00,0.5690282604421265,2.1048614672043344,1.3991580139785262,1.0430887557134854,0.138,0.3820847200710815,1,0.3583489681049821,0.44281524926684157,0.16933402168301434,0.09455167358904905,0.12068718682891778,2.1162254610346127,4.683314768086012,1.4030820183343633,0.3221280624379238,4.49210037174724,0.5965674382009681,0.8804822282269799,21,M5
2026-09-01 22:45:00,12870,2026-09-01 22:50:00,2026-09-02 01:10:00,1,star,7.018285714286321,-0.05129457743047998,2026-09-02 01:00:00,0.48290180752320616,2.4068886859161966,1.7562843823457772,2.0455113641031195,0.444,-0.005880484345679116,1,0.9360313315927166,0.3279816513761458,0.38827196571206546,0.38197792778312406,0.12320662623872078,2.4107620798120104,0.8586403232240274,3.1513886676822356,0.20477502513742504,4.296284224250476,0.4531733431037458,0.8789906327662015,22,M5
2026-09-03 03:15:00,13188,2026-09-03 03:30:00,2026-09-03 03:50:00,-1,engulf,7.56478571428579,-1.015862974118802,2026-09-03 03:50:00,-1.015862974118802,2.276523510573717,1.302000631121273,1.4315634386962686,0.07,-0.07004072294128239,1,0.2957983193276778,0.42656524283203706,0.07421737601124107,0.05415968732551237,0.16914033798676936,3.9855669281931467,7.876065463012744,0.43879169744266777,0.2574249048452677,3.618334467891904,-0.0008592444316101696,0.9442771084337349,3,M5
2026-09-03 14:20:00,13321,2026-09-03 14:25:00,2026-09-03 14:40:00,-1,engulf,7.429571428571762,-1.0161516718903219,2026-09-03 14:40:00,-1.0161516718903219,2.1268341409287372,0.7081320324806072,0.8487295665771927,0.288,-0.17471180772717898,1,0.6753926701570362,0.6896955503513128,0.047676161919046924,0.06201029773897609,0.020021956192169246,14.166255062725856,11.12227445277706,2.381193998301398,0.6696735941591435,5.192292411601024,0.5445132386024949,1.1944914230490458,14,M5
2026-09-04 04:00:00,13473,2026-09-04 04:05:00,2026-09-04 05:25:00,-1,engulf,9.544857142856927,0.4169784775646298,2026-09-04 04:25:00,0.48742778459604247,2.3267273380460685,3.136040955461135,0.7962874146460398,0.274,0.22752983622231704,1,0.4740391099123541,0.22585227272726957,0.29074198610177876,0.22520880789673264,0.008866279069769327,1.6304460056429873,1.0028571921167133,32.79188302261988,0.21698599365750024,3.3808606294155976,-0.0695662585684446,1.0560852495793607,4,M5
2026-09-04 04:35:00,13480,2026-09-04 04:40:00,2026-09-04 04:45:00,1,star,9.305500000000393,-1.0128955993767121,2026-09-04 04:45:00,-1.0128955993767121,2.1540245601169565,1.5361769599762596,1.2917698619646558,0.432,0.3929080718469926,1,0.804713804713826,0.18451969592261186,0.07765876052026743,0.061516452074386774,0.1406755176446298,10.362176775971221,2.9995178476724798,0.5520417612142479,0.043844178277982065,3.3084274543874947,0.10203643006810667,1.4206393718452046,4,M5
2026-09-08 12:55:00,14102,2026-09-08 13:00:00,2026-09-08 13:05:00,-1,engulf,3.0759285714293583,1.9609873905673183,2026-09-08 13:05:00,1.9519308919484393,2.4770320804718517,0.49948140217633036,-0.6695102552729857,0.31,0.45839793420555597,1,1.0,0.454354669464809,0.3779317697227995,0.028840202995418365,0.14000223289047534,2.645980253878807,15.754211908182098,2.699469586449082,0.31435243657433365,4.613669213297352,1.990943501381121,0.7602591792656588,12,M5
2026-09-08 14:40:00,14123,2026-09-08 14:45:00,2026-09-08 15:10:00,-1,engulf,4.8599285714280995,1.975308279075234,2026-09-08 14:50:00,0.9006305207309062,2.062259425989578,2.1207163145674595,-0.2890736048165745,0.244,0.09869633887713025,1,0.900184842883553,0.3379389752446706,0.04920634920634031,0.15323126947567117,0.1743478017987795,18.29407906505616,2.2054178393289745,0.28223096992717445,0.16359117344589108,4.081198815124807,0.9253222416556723,0.9312221672439387,14,M5
2026-09-09 02:35:00,14254,2026-09-09 02:45:00,2026-09-09 02:55:00,-1,engulf,3.37385714285665,1.9644324003895446,2026-09-09 02:50:00,0.62761993479261,2.402791534866934,-0.27232462937978735,-1.0398545528440128,0.05,-0.14256308918622307,1,0.6257744733580911,0.5880398671095859,0.20422004521478018,0.14677254098360887,0.19928020565553184,3.064216701646296,4.006470578003119,1.024788410584979,0.38875966145405405,4.221442246330099,0.6631875344030653,0.47976596782057535,2,M5
2026-09-09 13:05:00,14380,2026-09-09 13:10:00,2026-09-09 14:25:00,1,engulf,7.280285714285128,1.9835171304108932,2026-09-09 13:35:00,0.5923531258583905,2.147118253758224,2.386241196601824,0.020121326325444448,0.426,0.5188306910425178,1,1.0,0.6968174204355629,0.4183206106870272,0.1800956259961075,0.0877708978328192,2.390510948905085,3.869152382693756,4.766051402183665,0.6090465226027437,5.952755905511675,0.6088359954474976,1.3536231884057972,13,M5
2026-09-14 08:40:00,15155,2026-09-14 08:45:00,2026-09-14 09:00:00,-1,engulf,11.179785714286481,-1.010733658324654,2026-09-14 09:00:00,-1.010733658324654,2.1683268492888277,-0.11819366940371209,-0.29903825008818696,0.136,0.14878083174254053,1,0.3517350157728907,0.41568468102397715,0.1225012813941518,0.1472411981082558,0.011433748975279772,2.8712762166231713,2.8231547037423197,10.714008297628759,0.4042509320486974,3.128479976179969,-0.25447714944703026,1.3939221811985232,8,M5
2026-09-15 08:40:00,15431,2026-09-15 08:45:00,2026-09-15 09:05:00,1,star,8.33600000000024,-1.0143953934740877,2026-09-15 09:05:00,-1.0143953934740877,2.8842106304265642,2.5114372871183357,0.8756691304848031,0.368,1.0955008456345263,1,1.0,0.9050445103857114,0.4324631101021629,0.20803075608713617,0.023637650389243592,2.312335958005216,4.350532235755672,18.295520196836357,0.8814068599964678,5.5846994535520755,0.5648392514394908,1.8591362126245847,8,M5
2026-09-15 15:25:00,15512,2026-09-15 15:30:00,2026-09-15 15:50:00,1,star,7.070642857142047,1.98302841729889,2026-09-15 15:35:00,0.4830284172989541,2.3778569927354303,0.16542582268170256,0.8288473881519823,0.252,-0.1024402574754133,1,0.8885400313971666,0.5244019138756317,0.04663212435232998,0.11652340019101788,0.1427151289220256,19.054247339962128,4.500400031375456,0.3267496915327603,0.38168678495360614,4.0405329330080315,0.4679913929831401,1.2017053024247268,15,M5
2026-09-16 04:00:00,15651,2026-09-16 04:10:00,2026-09-16 05:30:00,1,engulf,9.69707142857169,1.987625129825647,2026-09-16 04:15:00,0.48762512982560036,2.312690960471733,1.9408806996928458,2.224979968386268,0.112,0.3221406292672413,1,0.44605116796434974,0.23976608187129525,0.32150170648463217,0.25957446808510637,0.15624204362216157,1.3873990680844832,0.9236890039303998,2.057715702068748,0.08352403824913368,3.3290523448139666,-0.20377286220440044,1.363436814048291,4,M5
2026-09-16 04:30:00,15657,2026-09-16 04:35:00,2026-09-16 05:10:00,-1,engulf,6.306214285715214,-1.019028849094428,2026-09-16 04:55:00,0.6178033005990312,2.0180021243609674,0.44569898554361986,-0.3395140545751818,0.36,0.5453490702142949,1,1.0,0.4334251606978983,0.2032854209445662,0.07202337472608092,0.0373942470389169,4.919191919191733,6.017840212935031,5.436275284083223,0.3960309136589814,4.063070273731459,0.6368321496934591,1.4148635936030103,4,M5
2026-09-18 01:40:00,16175,2026-09-18 01:45:00,2026-09-18 03:05:00,-1,engulf,5.509714285713926,-0.5081933208877035,2026-09-18 02:05:00,0.478220286247665,2.747497845902936,-0.11179016677747496,-0.8382591232576211,0.03,0.09083037882255018,1,0.4753747323340942,0.5268482490272565,0.10934891485813422,0.20085893624050288,0.03917154434938772,4.347320071267558,2.6229763977064136,2.791539539079812,0.4876767046778687,3.4576457645766707,0.1612606305745841,0.6966824644549763,1,M5
2026-09-18 14:15:00,16326,2026-09-18 14:25:00,2026-09-18 15:20:00,-1,engulf,7.723071428571529,1.9844621403401685,2026-09-18 14:40:00,0.4844621403402272,2.3747463739386205,0.1277208343732782,0.668157843104264,0.176,-0.31104873285737533,1,0.7648979591837214,0.4712250712250882,0.06544573121463437,0.1160361737358396,0.15620560846003992,11.687514907201189,4.061018698340128,0.4189717120904562,0.31501946276504833,3.941823606190786,0.11821721557861281,1.0919881305637982,14,M5
2026-09-18 14:55:00,16334,2026-09-18 15:00:00,2026-09-18 15:05:00,1,engulf,9.722785714285237,-1.0123421418023941,2026-09-18 15:05:00,-1.0123421418023941,2.0751554317960217,1.695717692646793,0.5590350879593393,0.2,0.1712538998971782,1,0.42857142857142855,0.518363939899855,0.15099571464582923,0.18422379032258426,0.0402568015576521,2.8383019317910585,2.813773069114342,3.750812503809748,0.47810713834220286,3.212349615886356,-0.1443002079063498,1.0983783783783785,14,M5
2026-09-23 03:05:00,17020,2026-09-23 03:20:00,2026-09-23 04:15:00,-1,engulf,7.824571428571289,1.984663696779376,2026-09-23 03:35:00,0.48466369677937604,2.533842371750848,1.3800167388101128,1.1803567395203347,0.012,0.5178479642832878,1,0.3294605809128792,0.3271783035199132,0.13110125050424057,0.03895071542130531,0.31561764482575816,2.513023938716912,8.399802159755783,0.41537997844390845,0.011560658694155068,3.2847993168232166,-0.1898506536186118,1.2051948051948052,3,M5
2026-09-23 12:55:00,17138,2026-09-23 13:00:00,2026-09-23 14:20:00,1,star,6.417857142857429,-1.0186978297161928,2026-09-23 13:05:00,0.481302170283878,3.1694665602265584,2.1983029133672227,2.2979374920896447,0.162,0.7995640344209047,1,0.6798418972331693,0.4256880733945157,0.2512629619782068,0.2829866058706402,0.206582200247225,2.7056988100464054,1.5042693348854388,1.2162856319543047,0.2191058731472907,4.247357293868907,0.38330550918195855,1.1838805970149253,12,M5
2026-09-23 22:45:00,17256,2026-09-23 22:50:00,2026-09-24 01:10:00,1,star,6.029571428572126,0.18906816404863183,2026-09-23 23:55:00,0.48009808799496007,2.0874006700435674,0.7700179788930456,0.9264031837779041,0.09,-0.0713144449005303,1,0.326287978864022,0.26627218934911356,0.33850931677018653,0.02496626180837068,0.10921729568393741,0.9638965981120644,10.66528066527917,3.0994112667813574,0.15705489366517617,3.4728238659584383,-0.04461345274483882,0.7142857142857143,22,M5
2026-09-24 04:00:00,17307,2026-09-24 04:05:00,2026-09-24 04:10:00,-1,engulf,9.352214285714581,-1.012831185891805,2026-09-24 04:10:00,-1.012831185891805,2.4811590061639834,2.915052402964603,2.8643693318781436,0.328,0.6487628269239663,1,0.5840707964601528,0.36073997944502034,0.23450586264658926,0.19948372293130043,0.12374091121339678,2.4906447534762632,1.8083679918549267,1.895136057646879,0.23699906823162356,3.52602875557758,-0.02491388593994044,1.1639659434221368,4,M5
2026-09-24 08:10:00,17357,2026-09-24 08:15:00,2026-09-24 09:35:00,-1,star,6.513285714286212,1.9815761191410977,2026-09-24 08:30:00,0.48157611914116744,2.0361286723800003,0.8921005519431308,1.0599100476989176,0.354,0.8383076323473693,1,0.6570898980537138,0.3755993606819584,0.25482625482625776,0.12998921251348425,0.03275652895728243,2.5785800544834836,2.8894656211798817,7.779403463614078,0.342842831724676,5.573877962682683,0.4824753799926343,1.101775956284153,8,M5
2026-09-29 03:25:00,18128,2026-09-29 03:30:00,2026-09-29 04:00:00,1,star,8.622071428571871,-1.0139177691804249,2026-09-29 04:00:00,-1.0139177691804249,2.477935506225221,1.144050568133795,1.3384489864523275,0.172,0.43755574145840637,1,0.5735294117647518,0.5359838953196077,0.1394547163898699,0.07860954853599994,0.10931714719271757,4.112656972901158,6.81830522247751,1.2756893128945466,0.4266667481268901,3.800336511497412,0.12699964377140707,1.1824953445065176,3,M5
2026-09-30 08:25:00,18464,2026-09-30 08:30:00,2026-09-30 09:50:00,1,star,9.704071428571297,1.6508534709290477,2026-09-30 08:35:00,0.48763405639758234,2.0339754485821206,1.6367521895525412,2.047968403434061,0.412,0.2000103747071864,1,0.7698081734780101,0.38440111420611695,0.21187363834422868,0.03677436301550263,0.06775280018798273,3.6333362635105724,10.45296458416067,3.1271569257119585,0.3166483140181342,5.620925887481976,0.12020727676898497,1.366467859509609,8,M5
2026-09-30 20:20:00,18607,2026-09-30 20:25:00,2026-09-30 20:45:00,1,engulf,5.66607142857174,-1.0211786952410955,2026-09-30 20:45:00,-1.0211786952410955,2.1831595588978265,1.297665502567031,1.7669367371500528,0.362,0.47809876149822395,1,0.8731836195509539,0.6206679269061749,0.15212091662602914,0.2653227448584726,0.15963145489607736,5.7400628323688725,2.3392940821460635,0.9529507622734023,0.46103647201009756,3.4727445394112144,0.46513709423245786,0.8717948717948718,20,M5
2026-10-05 03:30:00,19233,2026-10-05 03:35:00,2026-10-05 04:00:00,-1,star,5.984428571428907,-1.0200520398176207,2026-10-05 04:00:00,-1.0200520398176207,2.029041538946666,2.6887367699042315,2.6991907329430034,0.482,0.8006786289372358,1,0.4931880108990759,0.44156396090094047,0.23660294578499866,0.21011004126546381,0.13442721661899532,2.084454228846484,2.1015842852700497,1.760082159966149,0.30713674428194515,5.016525594518279,0.8812871499843392,1.0770408163265306,3,M5
2026-10-05 21:10:00,19445,2026-10-05 21:15:00,2026-10-05 21:50:00,-1,star,6.58350000000064,-1.0182273866484375,2026-10-05 21:50:00,-1.0182273866484375,2.0772997012038394,0.7502997056724158,-0.5191815990274188,0.414,1.2012043309756621,1,0.803048065650797,0.722120658135392,0.36137071651093117,0.026463512429825864,0.15940031018438724,2.222227836843845,27.287407899849356,2.2670640734193896,0.5627203479510047,5.170653907496093,0.5270752639172185,0.80209324452902,21,M5
2026-10-06 09:05:00,19576,2026-10-06 09:10:00,2026-10-06 10:10:00,1,engulf,7.859071428571951,1.98473102056768,2026-10-06 09:15:00,0.48473102056762196,2.5161592252874896,2.232813785114531,1.925819670636387,0.072,-0.24250944854784107,1,0.7349397590361247,0.32641142115513966,0.3350734094616822,0.04685048195472228,0.1458830731558013,2.193369387970399,6.967087797956775,2.296862838252852,0.18052834799933837,4.2369551872313505,0.1596880765630287,1.7031514740765843,9,M5
2026-10-07 03:35:00,19786,2026-10-07 03:40:00,2026-10-07 04:00:00,1,engulf,5.811642857143852,-1.020648206187084,2026-10-07 04:00:00,-1.020648206187084,2.8536095032600928,3.3026524378491944,2.134255490646572,0.298,0.5058322177221093,1,0.3741648106904366,0.40948453608248625,0.17809039209816468,0.22398729150117974,0.008249142645281515,2.1009825756585134,1.828159684141408,21.58895775672298,0.4012353934372047,4.46457916944271,0.6628934527976786,1.1948861864671032,3,M5
2026-10-07 13:35:00,19906,2026-10-07 13:50:00,2026-10-07 15:10:00,1,engulf,7.58714285714359,0.41913010732428463,2026-10-07 14:10:00,0.4841837695348691,2.3818428785613173,2.2023529188516933,2.456018875777606,0.41,0.0003452029254180644,1,0.7510608203677419,0.6897106109325426,0.6394069823051443,0.3525254266505896,0.29568752209262483,1.1746209240006595,1.956484720791952,2.1624415456559185,0.39402308883991777,4.804938271604896,0.3173790246658043,1.271461716937355,13,M5
