a,b,rho,span_is,edge,single_best,synergy,grid_cons,best,worst,b_best_oos,b_worst_oos,score
dist,sig_ratio,0.09012078652389001,0.4821595909728156,-0.14117866497706563,0.0039224807652707624,-0.1451011457423364,-0.33333333333333337,1,6,-0.215339903859057,-0.07416123888199136,0.0
dist,bbw_chg,0.4293729635029412,0.44032367588078014,0.32567737751684017,0.045176631616320476,0.2805007459005197,0.7833333333333333,0,2,0.11645363192289256,-0.2092237455939476,0.1455749148161452
dist,bbw_pct,0.4484159206908959,0.5056603995241189,-0.052825997008315334,0.041468371814936476,-0.09429436882325182,-0.18333333333333335,1,2,-0.17212446741733925,-0.11929847040902392,0.0
dist,er10,0.6257481581251344,0.21962168076513566,0.04085222084445363,-0.01062440693512992,0.05147662777958355,-0.09999999999999999,0,8,-0.0009700991989483917,-0.04182232004340202,0.0
dist,er20,0.593882125179031,0.593704011271884,-0.2985054384636248,-0.004893163240528305,-0.2936122752230965,-0.06666666666666667,1,2,-0.26911112096144474,0.029394317502180082,0.0
dist,er_ratio,-0.16523666293371275,0.3109265128573291,-0.21741246173287193,-0.01062440693512992,-0.206788054797742,-0.3666666666666667,0,1,-0.15457261979239778,0.06283984194047415,0.0
dist,er_leg,0.40319939327812565,0.2565998602882523,-0.7137822911733172,-0.01062440693512992,-0.7031578842381873,-0.65,2,1,-0.4037629191676804,0.3100193720056368,0.0
dist,atr_ratio,0.19529147522219223,0.3614002427604285,-0.29344430988901943,-0.01062440693512992,-0.2828199029538895,0.09999999999999999,1,6,-0.34669797774229894,-0.0532536678532795,0.0
dist,atr_slope,0.1464146689957878,0.22374845679924027,0.0007617880366878604,0.07998596614432472,-0.07922417810763686,0.26666666666666666,1,5,-0.09869947518813126,-0.09946126322481912,0.00017340029158700168
dist,vel,0.22750002681074183,0.2474318072741415,-0.07851237340175324,0.04572985416618172,-0.12424222756793496,-0.48333333333333334,1,6,-0.12281464788448837,-0.04430227448273513,0.0
dist,acc,0.05542716456575095,0.226289460307734,0.07936912310067647,0.021980173814698037,0.05738894928597843,-0.19999999999999998,2,7,0.06822775385021392,-0.011141369250462557,0.0
dist,osc_c,-0.005648111556289324,0.22863802190095567,0.2170927938593574,-0.01062440693512992,0.22771720079448732,0.25,1,7,0.2110096792750574,-0.006083114584299987,0.05396665738539331
dist,wick_out,-0.05593080450946943,0.17633082414919724,-0.2431171424770002,-0.01062440693512992,-0.23249273554187028,-0.33333333333333337,2,7,-0.2691148391675922,-0.025997696690592008,0.0
dist,vol_rel,0.18474660258825265,0.31020518001631436,0.2313121731964543,-0.01062440693512992,0.24193658013158423,0.6,1,6,0.1964626412644025,-0.03484953193205183,0.11314682103666233
dist,htf,0.1507343296460721,0.4058389310944944,-0.2281662837538211,-0.007130500752951456,-0.22103578300086962,-0.26666666666666666,1,8,-0.2752419842954127,-0.04707570054159159,0.0
dist,day_used,-0.003494892380772182,0.1814601443534949,0.39599411587298755,0.13077786906037722,0.26521624681261036,0.016666666666666666,2,7,0.3633199868471585,-0.03267412902582905,0.006576835984243207
dist,day_der,0.26246396675511036,0.280797610873742,0.005229670711451771,0.0453086964229968,-0.04007902571154503,0.43333333333333335,3,8,-0.054309587920908085,-0.05953925863235986,0.0016713972564038186
dist,vwap_side,0.3378562254458827,0.4455059190151486,0.5941788756219182,0.08908500674162678,0.5050938688802914,0.8666666666666667,0,1,0.10207501946852947,-0.4921038561533887,0.34097426433600253
sig_ratio,bbw_chg,0.29579612084440077,0.2606927679255705,-0.0176213817442991,0.045176631616320476,-0.06279801336061958,0.2333333333333333,3,1,-0.005511203480119175,0.012110178264179924,0.0
sig_ratio,bbw_pct,0.06341885531919254,0.30780278965589375,0.0724182915927145,0.041468371814936476,0.030949919777778022,0.21666666666666667,6,2,-0.013312377344233633,-0.08573066893694813,0.014695548061075493
sig_ratio,er10,-0.0696815307894004,0.37085366672684494,0.08519055157609891,0.0039224807652707624,0.08126807081082815,-0.08333333333333334,3,0,-0.02962697277330492,-0.11481752434940383,0.0
sig_ratio,er20,0.046346126313240754,0.3060721253049183,-0.10817422108447786,0.0039224807652707624,-0.11209670184974863,-0.31666666666666665,7,2,-0.1587181877626763,-0.05054396667819844,0.0
sig_ratio,er_ratio,-0.06514461587006427,0.33681033706537994,0.015364105435952152,0.0039224807652707624,0.01144162467068139,-0.31666666666666665,8,1,-0.047203450977052724,-0.06256755641300488,0.0
sig_ratio,er_leg,-0.016062706042076606,0.35557359804917266,-0.1295712441981507,0.0039224807652707624,-0.13349372496342146,-0.35,3,0,-0.10143124113942283,0.02814000305872788,0.0
sig_ratio,atr_ratio,0.7703446940911597,0.2192197250615346,-0.05674120651660367,0.0039224807652707624,-0.060663687281874434,0.016666666666666666,7,1,-0.05140759921922225,0.005333607297381424,0.0
sig_ratio,atr_slope,0.6659944337127021,0.38898319341950743,-0.19868094549767848,0.07998596614432472,-0.2786669116420032,0.11666666666666665,6,0,-0.19239416551164137,0.006286779986037098,0.0
sig_ratio,vel,-0.015733071023502857,0.16698772591002578,-0.02252497071072207,0.04572985416618172,-0.06825482487690379,-0.06666666666666667,4,0,-0.07699880911937894,-0.05447383840865687,0.0
sig_ratio,acc,-0.004618126874815249,0.1721178458354379,-0.004886882166174267,0.021980173814698037,-0.026867055980872304,0.25,5,1,-0.004108725696717768,0.0007781564694564992,0.0
sig_ratio,osc_c,-0.021036689316620942,0.29570601083074094,0.1755360614649094,0.0039224807652707624,0.17161358069963864,0.2833333333333333,1,2,0.07802771676768297,-0.09750834469722643,0.0486889530982025
sig_ratio,wick_out,-0.06390029013381862,0.16560045703260365,-0.0236300868451813,0.0039224807652707624,-0.027552567610452064,-0.43333333333333335,3,0,-0.03966468473006645,-0.01603459788488515,0.0
sig_ratio,vol_rel,0.5720083291031313,0.233442668640293,-0.03270091777141126,0.0039224807652707624,-0.03662339853668202,0.11666666666666665,3,6,0.005792943688613769,0.03849386146002503,0.0
sig_ratio,htf,0.02166440049411985,0.4235887778371608,0.0069222048607214745,0.0039224807652707624,0.002999724095450712,0.3,4,2,-0.05316249901790419,-0.06008470387862566,0.0020316718326949383
sig_ratio,day_used,-0.10447786254575728,0.21940268954434652,0.15110712267835658,0.13077786906037722,0.020329253617979354,0.21666666666666667,8,0,0.02663193623598801,-0.12447518644236856,0.029319284255187844
sig_ratio,day_der,0.11197400621431382,0.538077979252968,0.22076069480137572,0.0453086964229968,0.17545199837837894,0.75,6,2,0.13935111807963235,-0.08140957672174336,0.14703092654235767
sig_ratio,vwap_side,0.05290169920391397,0.38308049364506513,0.16443009873801373,0.08908500674162678,0.07534509199638695,0.7833333333333333,6,2,0.11566208324545477,-0.04876801549255898,0.12198964923969595
bbw_chg,bbw_pct,0.36790922958952504,0.2642798423700895,0.013299914494568441,0.045176631616320476,-0.03187671712175204,0.049999999999999996,1,2,-0.030654529502069146,-0.04395444399663759,0.0004203376599632604
bbw_chg,er10,0.4057275783423539,0.30033201264131093,-0.08269474957252068,0.045176631616320476,-0.12787138118884117,-0.09999999999999999,6,2,-0.16707712271913033,-0.08438237314660965,0.0
bbw_chg,er20,0.21057031868839318,0.21219223933128184,-0.04208480659398008,0.045176631616320476,-0.08726143821030055,0.15,1,5,-0.03358229181028054,0.008502514783699547,0.0
bbw_chg,er_ratio,-0.05600588470717503,0.20088329659541443,-0.01615199097033687,0.045176631616320476,-0.06132862258665735,0.049999999999999996,8,6,-0.09162555319453243,-0.07547356222419556,0.0
bbw_chg,er_leg,0.18456041762224631,0.19491667855598876,0.14216259503661102,0.045176631616320476,0.09698596342029055,0.45,0,7,0.04672606763159414,-0.09543652740501687,0.05216625320687632
bbw_chg,atr_ratio,0.3377848409880942,0.17301234026486298,0.07873220732771434,0.045176631616320476,0.033555575711393865,-0.06666666666666667,1,3,0.07688353589764871,-0.001848671430065633,0.0
bbw_chg,atr_slope,0.45398019111036236,0.14508004703615116,0.04452966364905397,0.07998596614432472,-0.03545630249527076,0.049999999999999996,1,8,-0.049521396466428357,-0.09405106011548232,0.0012157039217788146
bbw_chg,vel,-0.06601424981474836,0.24118531994495787,0.14080832064300358,0.04572985416618172,0.09507846647682186,0.41666666666666663,0,6,0.048762047548378235,-0.09204627309462535,0.05479706874503381
bbw_chg,acc,-0.17788507536053275,0.18141294200432362,0.1198626003970191,0.045176631616320476,0.07468596878069862,0.2333333333333333,0,7,0.05663801572792221,-0.06322458466909689,0.02299286096158005
bbw_chg,osc_c,-0.004782234346678351,0.1671537159612246,-0.14898184116176957,0.045176631616320476,-0.19415847277809006,-0.18333333333333335,0,7,-0.1885674167342425,-0.039585575572472914,0.0
bbw_chg,wick_out,-0.018285138963846533,0.12060527633612023,-0.04231380915440395,0.045176631616320476,-0.08749044077072443,0.0,1,4,-0.037400177656811966,0.004913631497591984,0.0
bbw_chg,vol_rel,0.24676623646575518,0.24684047482806637,0.09351225034303096,0.045176631616320476,0.04833561872671048,0.2333333333333333,4,3,0.02923623648123734,-0.06427601386179362,0.016435202994568788
bbw_chg,htf,-0.01821665723574275,0.2759316995790267,0.10495745660947806,0.045176631616320476,0.05978082499315758,0.26666666666666666,1,8,0.059232508864550636,-0.04572494774492742,0.027478795359490094
bbw_chg,day_used,-0.06783472848535405,0.16909445898817638,-0.016695694913841454,0.13077786906037722,-0.14747356397421868,-0.049999999999999996,1,0,-0.03648048681646183,-0.019784791902620374,0.0
bbw_chg,day_der,0.08083213897502006,0.29850809568947057,-0.0639373425524092,0.0453086964229968,-0.109246038975406,0.0,6,5,-0.06252725420535164,0.0014100883470575594,0.0
bbw_chg,vwap_side,0.07233367910138726,0.23281155899335565,0.11089705217550876,0.08908500674162678,0.021812045433881974,0.6833333333333333,6,7,-0.012313349170744002,-0.12321040134625276,0.0702982312666064
bbw_pct,er10,0.39473396126252064,0.34882440299495454,0.3361650590443532,0.041468371814936476,0.2946966872294167,0.43333333333333335,3,6,-0.025135942493174725,-0.3613010015375279,0.08817002724821482
bbw_pct,er20,0.5862623106751943,0.2136371558354863,-0.25496222318148126,0.041468371814936476,-0.2964305949964177,-0.19999999999999998,6,8,-0.2863035975011306,-0.03134137431964936,0.0
bbw_pct,er_ratio,-0.3422710276736441,0.23328322119153735,0.055118329319716414,0.041468371814936476,0.013649957504779937,-0.06666666666666667,0,6,0.040970343601035686,-0.014147985718680726,0.0
bbw_pct,er_leg,0.06726436678618378,0.3192013650639417,0.137801688451087,0.041468371814936476,0.09633331663615052,0.21666666666666667,1,7,0.08122785281996343,-0.05657383563112358,0.027848718112660827
bbw_pct,atr_ratio,0.05828696454691541,0.2273679806425017,-0.054684704962406024,0.041468371814936476,-0.0961530767773425,-0.09999999999999999,4,8,-0.06976774912516044,-0.01508304416275442,0.0
bbw_pct,atr_slope,0.04421530381898293,0.24337754211684504,-0.043659503055126586,0.07998596614432472,-0.12364546919945131,0.03333333333333333,4,6,-0.07439090995938454,-0.030731406904257953,0.0
bbw_pct,vel,-0.2365248403008983,0.3524729412720222,0.2654648573027317,0.04572985416618172,0.21973500313655,0.09999999999999999,0,6,0.21319668349962267,-0.05226817380310904,0.020267582432370233
bbw_pct,acc,-0.16808809371405273,0.21757139467999165,0.09803112762462526,0.041468371814936476,0.05656275580968879,0.06666666666666667,0,7,0.06579543215948942,-0.03223569546513585,0.005436884150504199
bbw_pct,osc_c,-0.02590005407882701,0.2876350364221464,0.11264150912702346,0.041468371814936476,0.07117313731208699,-0.08333333333333334,1,7,0.08395361114551152,-0.02868789798151194,0.0
bbw_pct,wick_out,0.005696197617169587,0.17127521446820845,0.08300650469760451,0.041468371814936476,0.041538132882668034,-0.016666666666666666,1,6,0.05539668677641344,-0.02760981792119107,0.0
bbw_pct,vol_rel,0.056593143638903894,0.25456506363871434,0.10405004904761891,0.041468371814936476,0.06258167723268243,0.41666666666666663,4,6,-0.007469477809398467,-0.11151952685701738,0.04090063736509667
bbw_pct,htf,0.12987316860347553,0.39019739812177057,0.004263147189151949,0.041468371814936476,-0.03720522462578453,-0.2833333333333333,1,8,-0.030115231212927644,-0.03437837840207959,0.0
bbw_pct,day_used,0.03485786669196581,0.15663718837414653,0.04632085312361018,0.13077786906037722,-0.08445701593676705,0.39999999999999997,5,7,0.014340441955010823,-0.03198041116859936,0.017882482800147696
bbw_pct,day_der,0.15847067452960972,0.311121792336681,0.06003688285792151,0.0453086964229968,0.014728186434924712,0.5499999999999999,3,8,0.013836931292588759,-0.04619995156533275,0.027787538644124338
bbw_pct,vwap_side,0.19439559016408672,0.30633068612765074,0.19144562329929216,0.08908500674162678,0.10236061655766537,0.7666666666666667,0,7,0.1277956062038133,-0.06365001709547884,0.11824256941983272
er10,er20,0.33598848616787513,0.2584402454579642,-0.06138555800330035,-0.004893163240528305,-0.05649239476277205,0.16666666666666669,4,8,-0.08575527225151336,-0.02436971424821301,0.0
er10,er_ratio,-0.02334119855571883,0.26319510687398606,0.03540794353112363,-0.01522316531909177,0.0506311088502154,0.15,5,6,0.0226526819312113,-0.01275526159991233,0.005187221953607098
er10,er_leg,0.3364642643712149,0.2428101965455085,0.05406142735222133,-0.049982491922797655,0.10404391927501899,0.4666666666666666,5,7,-0.0035528668030820557,-0.057614294155303385,0.01674012151807254
er10,atr_ratio,0.0959909209967494,0.2558782441337189,-0.03975487634191567,-0.015934107304001653,-0.023820769037914018,-0.16666666666666669,2,0,-0.1080045799784923,-0.06824970363657663,0.0
er10,atr_slope,0.06762038298401325,0.17768719134314714,0.061829350266519194,0.07998596614432472,-0.01815661587780553,0.03333333333333333,1,8,-0.015632161221716893,-0.07746151148823609,0.0019216141973948152
er10,vel,0.07619251852948922,0.23050896450849345,-0.0131892321688135,0.04572985416618172,-0.05891908633499522,0.09999999999999999,4,6,-0.0788707047125083,-0.0656814725436948,0.0
er10,acc,-0.09145156381598017,0.22453521018938322,-0.08344210651004506,0.021980173814698037,-0.1054222803247431,-0.18333333333333335,3,7,-0.09294945066534273,-0.009507344155297665,0.0
er10,osc_c,-0.016476652619934445,0.25606434459710004,-0.04466565001099336,-0.053807967910584634,0.009142317899591274,-0.11666666666666665,2,7,-0.051558271859241236,-0.00689262184824788,0.0
er10,wick_out,0.010119490013261448,0.16333761430446364,-0.02316530524506931,-0.053807967910584634,0.030642662665515324,-0.5,4,7,-0.04939497718936557,-0.026229671944296262,0.0
er10,vol_rel,0.11585609840405083,0.3533211866738671,0.0776314165563885,-0.036278497572761574,0.11390991412915008,0.19999999999999998,1,0,0.009767301574728326,-0.06786411498166017,0.013727468704117136
er10,htf,-0.009369908184984907,0.3056258737671267,0.007140598707441374,-0.007130500752951456,0.01427109946039283,-0.31666666666666665,4,8,-0.03836815490213088,-0.04550875360957225,0.0
er10,day_used,-0.0014719991299801903,0.25315664281283073,0.012101111154236052,0.13077786906037722,-0.11867675790614117,-0.016666666666666666,0,6,-0.11763926829083,-0.12974037944506606,0.0
er10,day_der,0.09407164604318963,0.2810315512893726,0.0352630743872296,0.0453086964229968,-0.010045622035767199,0.06666666666666667,3,8,-0.029821230712663394,-0.06508430509989299,0.0021297212623386315
er10,vwap_side,0.1281469501738216,0.3316082800437984,0.11540880457936738,0.08908500674162678,0.026323797837740595,0.6166666666666666,3,7,0.023435422809142917,-0.09197338177022446,0.06204870292041083
er20,er_ratio,-0.6536251585415895,0.4759001622397024,0.1741437193540099,-0.004893163240528305,0.1790368825945382,-0.023809523809523815,0,6,0.15449071767710038,-0.01965300167690953,0.0
er20,er_leg,0.04747087314912979,0.2955848060806394,0.14633220764515442,-0.004893163240528305,0.15122537088568272,-0.21666666666666667,1,7,0.07293756523323759,-0.07339464241191684,0.0
er20,atr_ratio,0.11472782911215743,0.2882882138732,-0.08786843749063919,-0.004893163240528305,-0.08297527425011089,-0.6166666666666666,1,3,-0.104631337251706,-0.0167628997610668,0.0
er20,atr_slope,0.12642636268825297,0.253655682810093,-0.005490648016564473,0.07998596614432472,-0.0854766141608892,-0.43333333333333335,0,6,-0.004359971333293768,0.001130676683270705,0.0
er20,vel,-0.13799254409648917,0.3384439740183505,-0.07684741213744728,0.04572985416618172,-0.122577266303629,-0.5833333333333334,0,6,-0.10998437361564219,-0.03313696147819491,0.0
er20,acc,-0.041712161820076976,0.22389760372396184,-0.008973847477206563,0.021980173814698037,-0.0309540212919046,-0.2833333333333333,2,7,-0.013488153930634444,-0.00451430645342788,0.0
er20,osc_c,0.010728691858188493,0.31570071186965754,0.19111521331825995,-0.004893163240528305,0.19600837655878825,-0.16666666666666669,1,7,0.174962271250858,-0.01615294206740194,0.0
er20,wick_out,0.015225317144442821,0.16900538779560426,0.02270417242317813,-0.004893163240528305,0.027597335663706434,-0.13333333333333333,1,6,-0.0004008694681730463,-0.023105041891351177,0.0
er20,vol_rel,0.117146209621022,0.25997134092293833,-0.12235890470310992,-0.004893163240528305,-0.11746574146258162,-0.38333333333333336,4,6,-0.17007504371082766,-0.04771613900771774,0.0
er20,htf,0.1997178681364403,0.36138671064185907,-0.09725009700654752,-0.004893163240528305,-0.09235693376601922,-0.21666666666666667,4,8,-0.1476422420890407,-0.05039214508249318,0.0
er20,day_used,0.045414675023166415,0.256784342278293,0.13518670731363922,0.13077786906037722,0.004408838253261993,-0.03333333333333333,2,7,0.11893395240855406,-0.016252754905085164,0.0
er20,day_der,0.24197224484756097,0.40058814244578766,0.049481332857415614,0.0453086964229968,0.004172636434418814,0.33333333333333337,0,8,-0.024503156510208818,-0.07398448936762443,0.012502741222619128
er20,vwap_side,0.29253260927689717,0.3783767280074784,0.31961305386922106,0.08908500674162678,0.23052804712759428,0.7166666666666667,0,1,0.09937796261259535,-0.22023509125662571,0.1620496661710286
er_ratio,er_leg,0.2899157703171594,0.32184180473726465,0.1551325828069985,-0.01522316531909177,0.17035574812609025,0.26666666666666666,7,1,0.09214302082748918,-0.06298956197950929,0.0293752534829912
er_ratio,atr_ratio,-0.07063115838170428,0.24162852363690007,-0.0754199009744665,-0.01522316531909177,-0.060196735655374735,-0.06666666666666667,7,3,-0.10869370352334766,-0.033273802548881154,0.0
er_ratio,atr_slope,-0.07670655440392428,0.22967836291543198,-0.0060542152529200165,0.07998596614432472,-0.08604018139724474,-0.03333333333333333,6,0,-0.0054107740726111585,0.0006434411803088584,0.0
er_ratio,vel,0.33691122138180435,0.26720237168717276,0.04261553665419546,0.04572985416618172,-0.0031143175119862643,-0.2333333333333333,7,0,-0.0244944019431355,-0.06710993859733096,0.0
er_ratio,acc,0.06610435265988324,0.22782296896539286,-0.07131525952867258,0.021980173814698037,-0.09329543334337062,-0.16666666666666669,6,0,-0.11553562980360857,-0.044220370274935986,0.0
er_ratio,osc_c,-0.04344455224302427,0.2494870191335699,-0.24152690534591964,-0.01522316531909177,-0.22630374002682788,-0.08333333333333334,6,4,-0.23477628683333496,0.006750618512584695,0.0
er_ratio,wick_out,0.010698496181692548,0.18261812074440809,0.01941311030867761,-0.01522316531909177,0.03463627562776938,-0.15,6,0,-0.020634674936877775,-0.040047785245555384,0.0
er_ratio,vol_rel,-0.03319107207055193,0.25744754035049855,-0.07882354355775059,-0.01522316531909177,-0.06360037823865883,-0.09999999999999999,7,3,-0.10629165709903274,-0.027468113541282143,0.0
er_ratio,htf,-0.1871832225586837,0.28219444711945096,-0.023699046711071772,-0.007130500752951456,-0.016568545958120316,-0.3666666666666667,6,5,-0.09175547517358622,-0.06805642846251445,0.0
er_ratio,day_used,-0.039003428002199254,0.2878795138116973,0.0552199042699904,0.13077786906037722,-0.07555796479038682,0.16666666666666669,8,1,0.04901791566414681,-0.006201988605843589,0.008844356451584583
er_ratio,day_der,-0.16644775140718235,0.41688315213717697,0.05445156380312097,0.0453086964229968,0.009142867380124167,0.5833333333333334,6,2,0.013337711400462532,-0.041113852402658434,0.02647646367770061
er_ratio,vwap_side,-0.18145655156231072,0.3500870465640425,0.12054445809090851,0.08908500674162678,0.03145945134928173,0.5666666666666667,6,2,0.08671058253938849,-0.03383387555152002,0.05591349663561136
er_leg,atr_ratio,0.046980908222827945,0.2461500467391899,-0.1304465950690726,-0.015934107304001653,-0.11451248776507095,-0.3666666666666667,1,0,-0.06878990110609186,0.061656693962980756,0.0
er_leg,atr_slope,0.0490315091848886,0.24917045661782306,0.042997865514997055,0.07998596614432472,-0.03698810062932767,-0.13333333333333333,1,5,-0.0982825384756802,-0.14128040399067726,0.0
er_leg,vel,0.5527326491592469,0.2416315479442318,0.041425596457973404,0.04572985416618172,-0.004304257708208317,0.33333333333333337,0,3,-0.0631660963534173,-0.1045916928113907,0.006176105594918617
er_leg,acc,0.2659623038731456,0.15354505931555307,0.07075420457859517,0.021980173814698037,0.048774030763897136,0.2333333333333333,0,5,-0.04113189398304212,-0.1118860985616373,0.012118459108037365
er_leg,osc_c,-0.06139104477780941,0.4701520389200592,0.24425532758251214,-0.049982491922797655,0.2942378195053098,-0.13333333333333333,1,0,-0.02031578298760248,-0.2645711105701146,0.0
er_leg,wick_out,0.009432913813049261,0.19937691718083278,-0.10796684681044252,-0.049982491922797655,-0.05798435488764487,-0.13333333333333333,0,3,-0.12922937762809994,-0.021262530817657412,0.0
er_leg,vol_rel,0.07936310651078814,0.21540451204500544,-0.1855600252588976,-0.036278497572761574,-0.149281527686136,-0.3666666666666667,2,3,-0.3223302185910157,-0.1367701933321181,0.0
er_leg,htf,-0.11844028634411158,0.24511989140016915,0.20362577535995025,-0.007130500752951456,0.2107562761129017,0.08333333333333334,1,5,0.10654641342856631,-0.09707936193138392,0.014959023351606333
er_leg,day_used,-0.03083247060597617,0.1853751757117722,-0.18308779534965036,0.13077786906037722,-0.3138656644100276,-0.31666666666666665,1,2,-0.07919498181424285,0.1038928135354075,0.0
er_leg,day_der,-0.025777437854457543,0.30968705572394883,0.08335957456433579,0.0453086964229968,0.03805087814133899,0.5333333333333333,0,5,0.0035182896130406763,-0.07984128495129511,0.043312415099429125
er_leg,vwap_side,-0.0317291429187249,0.3139392163503895,0.16605934172329334,0.08908500674162678,0.07697433498166656,0.6333333333333333,6,4,0.10032587258526211,-0.06573346913803123,0.10183393338661821
atr_ratio,atr_slope,0.6655856513822944,0.22340205065080304,-0.0789283208081577,0.07998596614432472,-0.15891428695248244,0.016666666666666666,6,0,-0.07117252396953705,0.007755796838620649,0.0
atr_ratio,vel,0.022612880078349024,0.1273682045566043,0.11157859062948428,0.04572985416618172,0.06584873646330255,0.3,5,0,0.008368493600900485,-0.10321009702858379,0.032716643202080564
atr_ratio,acc,-0.03166230159657098,0.14008752020728252,0.004458410770284159,0.021980173814698037,-0.017521763044413878,-0.2333333333333333,5,1,-0.03011407001292607,-0.03457248078321023,0.0
atr_ratio,osc_c,-0.026299267829810607,0.26201745517288216,0.13931043576513444,-0.015934107304001653,0.1552445430691361,0.06666666666666667,1,2,0.058360793792288444,-0.080949641972846,0.00904311155356397
atr_ratio,wick_out,-0.021458724307271432,0.14425733438314675,0.08296644871411483,-0.015934107304001653,0.09890055601811648,0.0,3,2,0.0006781960816969,-0.08228825263241793,0.0
atr_ratio,vol_rel,0.7465939308830033,0.27111483193675195,-0.03612409509882519,-0.015934107304001653,-0.02018998779482354,0.09999999999999999,1,6,-0.015474062215271242,0.020650032883553947,0.0
atr_ratio,htf,0.025233344883007172,0.41929674981592224,-0.04184718046595254,-0.007130500752951456,-0.03471667971300108,0.2833333333333333,4,2,-0.05714245751432324,-0.015295277048370703,0.0
atr_ratio,day_used,-0.13590293873883288,0.19621859429505223,0.11578702189985443,0.13077786906037722,-0.014990847160522791,0.39999999999999997,8,7,0.042027302745243286,-0.07375971915461114,0.04002049014233864
atr_ratio,day_der,0.14753426622296045,0.5443785065894615,0.06679965334145031,0.0453086964229968,0.021490956918453513,0.39999999999999997,3,2,-0.02261407288862279,-0.0894137262300731,0.022777766200708524
atr_ratio,vwap_side,0.06867681310659444,0.40155482083023486,0.13616019165962034,0.08908500674162678,0.04707518491799356,0.7,3,2,0.08911139742446046,-0.047048794235159896,0.08876640053711815
atr_slope,vel,-0.03740210052087085,0.19393804016145655,0.02707599563217128,0.07998596614432472,-0.052909970512153445,0.7666666666666667,4,0,-0.06620244439934762,-0.0932784400315189,0.019981860666739515
atr_slope,acc,-0.028892357330553467,0.10797230566778776,0.06926558658209439,0.07998596614432472,-0.010720379562230334,0.33333333333333337,3,7,-0.040938266969917966,-0.11020385355201236,0.022421446834618042
atr_slope,osc_c,-0.025167196797186885,0.25170073616100297,0.12547528912909733,0.07998596614432472,0.04548932298477261,0.4666666666666666,1,7,0.04963480256869662,-0.07584048656040072,0.05708146632272065
atr_slope,wick_out,-0.013272766689787377,0.11183582797432859,0.12707589698259217,0.07998596614432472,0.047089930838267444,0.5833333333333334,3,6,0.03771590590494481,-0.08935999107764736,0.07314372814586062
atr_slope,vol_rel,0.4898485231754081,0.23711680873498125,0.10835312885238728,0.07998596614432472,0.028367162708062554,0.5166666666666667,4,6,0.027299231052576204,-0.08105389779981108,0.028559529496348844
atr_slope,htf,0.0063013550347866595,0.32161669572000506,0.05428316013201942,0.07998596614432472,-0.025702806012305304,-0.049999999999999996,1,2,0.03806177140458984,-0.016221388727429575,0.0
atr_slope,day_used,-0.1121566785393089,0.2690602133698556,-0.007342338048417801,0.13077786906037722,-0.13812020710879502,-0.31666666666666665,1,7,-0.0843731684548029,-0.0770308304063851,0.0
atr_slope,day_der,0.11225451991908415,0.4632025410770366,-0.02029605880973284,0.07998596614432472,-0.10028202495405757,-0.08333333333333334,3,2,0.0001231942665774927,0.02041925307631033,0.0
atr_slope,vwap_side,0.0324930679565143,0.36626799300492136,0.2302354844958072,0.08908500674162678,0.1411504777541804,0.5499999999999999,3,7,0.1029097564248348,-0.1273257280709724,0.12251493498864614
vel,acc,0.7514077481951085,0.1763649319135865,-0.033897542423334495,0.04572985416618172,-0.07962739658951622,0.33333333333333337,3,1,-0.07900606089296411,-0.04510851846962961,0.0
vel,osc_c,-0.03125884859125497,0.2241134536236544,-0.07945715082854177,0.04572985416618172,-0.1251870049947235,-0.11666666666666665,6,1,-0.17926853241310137,-0.0998113815845596,0.0
vel,wick_out,-0.11108147793675487,0.10073558856717553,0.06300553614231305,0.04572985416618172,0.01727568197613133,0.18333333333333335,6,0,-0.018648683126413573,-0.08165421926872662,0.010267911146061673
vel,vol_rel,0.07345744902281406,0.21774041666191774,0.06641973277519139,0.04572985416618172,0.02068987860900967,0.31666666666666665,7,0,0.0016624507116353453,-0.06475728206355605,0.019487891069570464
vel,htf,-0.1710282865484057,0.2539745402683188,0.02335475095859923,0.04572985416618172,-0.022375103207582493,-0.03333333333333333,4,2,-0.011325009063531928,-0.034679760022131155,0.0
vel,day_used,-0.04577328266689424,0.14336983738643577,0.056334069308043605,0.13077786906037722,-0.07444379975233362,0.5666666666666667,5,1,0.030286873551896305,-0.026047195756147303,0.03046143528357039
vel,day_der,-0.10570554591453007,0.32152621361685596,0.10237606474721758,0.04572985416618172,0.05664621058103586,0.2333333333333333,6,2,0.03633830399290184,-0.06603776075431575,0.02136268095139072
vel,vwap_side,-0.08868020496682323,0.29074921152942623,0.1962861269730418,0.08908500674162678,0.10720112023141501,0.6166666666666666,3,1,0.00730148358819958,-0.18898464338484222,0.11030898368390592
acc,osc_c,-0.018863400443567397,0.16266227294848662,-0.21260930614595305,0.021980173814698037,-0.2345894799606511,-0.5333333333333333,6,7,-0.1855440480457667,0.02706525810018634,0.0
acc,wick_out,-0.08395465673063632,0.11116991546835978,-0.03861583644915119,0.021980173814698037,-0.060596010263849226,-0.21666666666666667,2,5,-0.09090765515314271,-0.05229181870399152,0.0
acc,vol_rel,0.026503596007679327,0.1846961693995435,0.06494266145368127,0.021980173814698037,0.042962487638983235,0.08333333333333334,7,3,0.01729238683494882,-0.047650274618732454,0.005268453949237452
acc,htf,-0.03842154756710666,0.2568529845089121,-0.11126765719205277,0.021980173814698037,-0.1332478310067508,-0.06666666666666667,0,5,-0.1419848027557528,-0.030717145563700022,0.0
acc,day_used,-0.017422498791674883,0.11251536346615634,0.021426964945639025,0.13077786906037722,-0.10935090411473819,0.19999999999999998,2,1,-0.0084356949139261,-0.029862659859565127,0.004210730734952873
acc,day_der,-0.039511638468095175,0.3734835622882492,-0.026887878765724016,0.0453086964229968,-0.07219657518872082,0.38333333333333336,0,5,-0.03595864136169419,-0.00907076259597017,0.0
acc,vwap_side,-0.020259157597361053,0.29174949605911377,0.036526341556659986,0.08908500674162678,-0.052558665184966796,0.6333333333333333,0,5,0.002753120523755805,-0.03377322103290418,0.022664687476185427
osc_c,wick_out,0.006253683980502099,0.15866722557123417,-0.22242346183711068,-0.054132888842996586,-0.1682905729941141,-0.21666666666666667,2,3,-0.21798052934316534,0.004442932493945337,0.0
osc_c,vol_rel,-0.022445378423839608,0.1964090822652455,0.056853579146380964,-0.036278497572761574,0.09313207671914253,0.11666666666666665,4,5,0.014687469359403014,-0.04216610978697795,0.006484039222230583
osc_c,htf,-0.024747681779918106,0.2885847806337787,0.13385940306592503,-0.007130500752951456,0.1409899038188765,0.13333333333333333,7,5,0.06509141488206409,-0.06876798818386093,0.017406225754079963
osc_c,day_used,0.011943287876019448,0.33969693968937503,-0.2036981537219703,0.13077786906037722,-0.33447602278234756,-0.25,1,4,-0.1916096817362394,0.0120884719857309,0.0
osc_c,day_der,-0.02651620991003078,0.38986518012054816,0.11587149452208889,0.0453086964229968,0.07056279809909209,0.2833333333333333,6,5,0.046895934030586284,-0.06897556049150261,0.031959722801046454
osc_c,vwap_side,-0.013305558075869766,0.3366160553086397,0.1274806165704328,0.08908500674162678,0.03839560982880602,0.31666666666666665,6,4,0.05453561052154736,-0.07294500604888544,0.03983173167731729
wick_out,vol_rel,0.022940785508211648,0.1951965443171968,-0.01950933037308652,-0.036278497572761574,0.016769167199675056,-0.4666666666666666,7,6,-0.07231300866194545,-0.052803678288858936,0.0
wick_out,htf,0.012670558484969018,0.23304253058808688,0.000653187031081498,-0.007130500752951456,0.007783687784032954,0.15,0,5,-0.03814497360108167,-0.03879816063216317,9.67366179903835e-05
wick_out,day_used,0.009801114476936445,0.08185533298633996,0.1389143851975036,0.13077786906037722,0.008136516137126376,0.7666666666666667,5,3,0.028681836283836002,-0.11023254891366759,0.10545719987769538
wick_out,day_der,-0.0061287213322371355,0.3169249667443427,0.0466029331433332,0.0453086964229968,0.0012942367203363989,0.08333333333333334,3,5,0.011460097241536417,-0.03514283590179678,0.003859776396069403
wick_out,vwap_side,-0.0005448694583389829,0.25011244920447384,0.14319112691030872,0.08908500674162678,0.05410612016868194,0.6833333333333333,6,4,0.0505503218881756,-0.09264080502213311,0.09779395606634261
vol_rel,htf,0.025219020255003836,0.5006793495212252,-0.02104522341677291,-0.007130500752951456,-0.013914722663821454,0.06666666666666667,4,2,-0.07731818112997885,-0.05627295771320594,0.0
vol_rel,day_used,-0.030012850290883006,0.17314585443189962,0.12170347948823829,0.13077786906037722,-0.009074389572138936,0.6,8,7,0.04028761172277021,-0.08141586776546807,0.07083048670708694
vol_rel,day_der,0.11468944404115163,0.46591001159157386,0.01876091925871995,0.0453086964229968,-0.02654777716427685,0.38333333333333336,3,2,-0.052733308454462266,-0.07149422771318222,0.0063668752793739625
vol_rel,vwap_side,0.08994797473623861,0.42909322929307847,0.1652706268895039,0.08908500674162678,0.07618562014787711,0.5833333333333334,6,2,0.11594734691263797,-0.04932327997686592,0.08773617341848594
htf,day_used,0.07311318954486062,0.41686191061098277,-0.01189845463746765,0.13077786906037722,-0.1426763236978449,0.31666666666666665,1,7,-0.030550560734827717,-0.018652106097360066,0.0
htf,day_der,0.6337616655387618,0.5261635480366975,0.19551688237289855,0.0453086964229968,0.15020818594990176,-0.06666666666666667,3,6,0.14649351429575264,-0.0490233680771459,0.0
htf,vwap_side,0.7382120201576248,0.5981542195538797,0.27755271998393877,0.08908500674162678,0.18846771324231198,0.5833333333333334,3,7,0.18919324879948876,-0.08835947118444999,0.04238498008753854
day_used,day_der,-0.12458799643846345,0.320171191048533,0.002980220329320822,0.13077786906037722,-0.1277976487310564,0.3,3,5,-0.004608562522062145,-0.007588782851382967,0.000782676194863669
day_used,vwap_side,0.11770512858011767,0.38836612053246045,0.2506137780015142,0.13077786906037722,0.11983590894113696,0.5499999999999999,6,4,0.08628809645641597,-0.16432568154509825,0.12161338807084328
day_der,vwap_side,0.6692717931519786,0.47535361845702573,,0.08908500674162678,,0.4047619047619048,2,7,,-0.016569522108711206,
