tf,x,z,thr,mode,n,R,R_H1,R_H2,fwd1,fwd3,fwd5,fwd10,fwd20,fwd40,t1,t3,t5,t10,t20,t40
5min,log,std,2.0,E0,1417,-0.010187522633108816,-0.040957049868595,0.021597354855485213,-0.013582817963495177,-0.01829703785406027,-0.02178438497664524,0.02743532792892042,-0.1835537043024562,-0.12157898100426731,-0.6968480911703832,-0.4739073900978822,-0.4538473587907542,0.4303143548485082,-1.930250017887097,-0.8084194980313548
5min,log,std,2.0,E1,1026,-0.058408459103407494,-0.08501229643467086,-0.030421222230918418,-0.001986175272689169,-0.054356372935330896,0.005419620255949121,-0.02878673088616977,-0.20695580340360284,-0.09999591749348287,-0.05587214541794537,-1.1130997710528976,0.08990996342863773,-0.3629136671204564,-1.7430423394375896,-0.5338302020674217
5min,log,std,2.0,E2,1168,-0.05969574752875763,-0.045222419385414034,-0.07477634818161212,-0.036482396255655955,-0.050211072085598496,0.010756810955856918,-0.0032526357925901834,-0.17169654682702784,-0.13382896680812045,-1.1689654763634374,-1.151032212743121,0.19843210976414158,-0.04514579086518355,-1.5834158166849794,-0.7862480374978776
5min,log,std,2.5,E0,771,-0.02341999683998924,-0.03834497143493855,-0.008062983506765084,0.02360752811809176,0.040972668246485204,0.024124530655069483,-0.024455498392671523,-0.24501875339861037,-0.21309187127112758,0.8376975499792497,0.6705218293270344,0.33099158433797327,-0.26279483305024187,-1.825105886664047,-1.0638774265852093
5min,log,std,2.5,E1,604,-0.07403490445938198,-0.0890503709022616,-0.05766856560295611,0.009505886140258078,-0.04465499682003231,0.0010207787892106798,-0.09574853953613632,-0.23795304789246283,-0.20220464522792236,0.16598113491491373,-0.6016471605164334,0.011965369260535002,-0.8934271910737743,-1.534835118576097,-0.8709551998584266
5min,log,std,2.5,E2,646,-0.069990230401716,-0.06603079937440728,-0.07425521237646977,-0.036143049405944996,-0.03908481668964172,-0.015987609785627722,-0.06665400354276528,-0.20774772930020563,-0.24915534358652186,-0.6861347830141191,-0.5731415367817817,-0.19949847877840649,-0.6541954071704539,-1.3977563561507937,-1.1288399156514681
5min,log,std,3.0,E0,393,-0.02605045003705505,-0.0115391174977983,-0.0420361960428673,0.016598402699879205,-0.0756417300873149,-0.06250598238286276,-0.10174366487321591,-0.21234443129639488,-0.3269140444654102,0.40012265470302477,-0.7061766098689559,-0.5175200136143708,-0.7269182800201238,-1.095433894852755,-1.1724646485479442
5min,log,std,3.0,E1,328,-0.08270533696854476,-0.05968207187007988,-0.1093638544509778,-0.05395942819995192,-0.10011845826490333,-0.1013601248410808,-0.2702062679904557,-0.2578731072238036,-0.2698865720572688,-0.5354547260493331,-0.7967106183244549,-0.729257539774419,-1.6618530372587281,-1.1605168961522208,-0.8534977315747154
5min,log,std,3.0,E2,344,-0.06715604555929591,-0.027461341102162973,-0.1117513308136058,-0.058461899799067525,-0.08096253050973337,-0.08263015401696593,-0.13890494063365208,-0.12299522012088436,-0.20921508393133292,-0.6078307829379122,-0.6787056198556137,-0.6146400319001089,-0.8535145521213012,-0.5556558750059412,-0.674572087808185
5min,log,raw,2.0,E0,1367,-0.011575077140052662,-0.020715460321308332,-0.0016392713002755027,0.0017429655160708035,-0.003620427262338422,-0.008066259620972793,-0.0031064590213342146,-0.21508851804487641,-0.22102294223379773,0.08700128781988085,-0.09008059995079783,-0.16068796268450983,-0.04643546848819916,-2.081197589087251,-1.4505230572213577
5min,log,raw,2.0,E1,986,-0.04764347382207705,-0.058846324080456376,-0.03578575966550436,0.004543478402835605,-0.033469974940882,-0.007930246094740082,-0.08082825068806727,-0.24400403489207995,-0.15595475665081157,0.11878838371851391,-0.634875742595247,-0.1210840131114439,-0.9414453409395486,-1.9103915928457242,-0.829077745231087
5min,log,raw,2.0,E2,1108,-0.04457851066193251,-0.03611266991096237,-0.0538110690658207,-0.033816464001354234,-0.02673175678131527,0.0014942352122909743,-0.020518732836658386,-0.24126983144105776,-0.2360949330073376,-1.0329345661366156,-0.5736006847186019,0.02546265836873576,-0.2668133793310923,-2.0250769499074135,-1.343308938756734
5min,log,raw,2.5,E0,711,0.010357800134394806,0.0009964550826174398,0.020458198742891436,0.020429224799464078,0.008161433840011063,0.013951781472578455,0.05584306635384582,-0.16407823724419357,-0.20132878667756463,0.683546469426692,0.12503974841346335,0.17650866200830678,0.5677715340300202,-1.1690838209452297,-0.9563402245744952
5min,log,raw,2.5,E1,563,-0.01763333846635778,-0.046394338829586414,0.01335637410213949,0.027060405907828988,-0.02764768802035066,0.004778060959489913,-0.06805332269177569,-0.2731157121017154,-0.35144368946579874,0.4232827473750534,-0.3412522791641275,0.051119654728160005,-0.5765887924071746,-1.6227099730772219,-1.4020399965998307
5min,log,raw,2.5,E2,609,-0.019299848976168262,0.006772241261143878,-0.04779099913240625,-0.014048029006269063,-0.0023913373602389844,0.019021559900799418,0.010458020059046204,-0.18689819415075085,-0.299310388943638,-0.24581158523094312,-0.032365400317472356,0.21887887671321754,0.09415897577939107,-1.1963934001013212,-1.259589949947071
5min,log,raw,3.0,E0,352,-0.07291616376038451,-0.054896939818057974,-0.09357234730402711,-0.0013852650890238875,-0.1657499376357053,-0.13438087235185892,-0.23309782775465965,-0.43434417130454334,-0.5504717388649714,-0.029949493962504105,-1.3881301009585512,-1.0122191829008764,-1.5752363142477575,-2.084588814576519,-1.8164287371981016
5min,log,raw,3.0,E1,289,-0.05001928786591956,-0.005494919037608365,-0.09941858758784147,-0.07206154912000186,-0.15003813217026193,-0.20516885952772643,-0.41833324886160184,-0.4657398185938941,-0.634978953812054,-0.6077396347887865,-1.0611454665535973,-1.3248169704709338,-2.314647192549984,-1.8851483768412753,-1.888898472168493
5min,log,raw,3.0,E2,307,-0.057925829967017305,-0.0007738657838880158,-0.12094957129224895,-0.08319758312434986,-0.12770050284474294,-0.17030324822564513,-0.32464802310889884,-0.3836998223863869,-0.6299388912669961,-0.7714516492558928,-0.9536875203581917,-1.1410211029936104,-1.8127739491364205,-1.6118296631904463,-1.8889442613804086
5min,lin,std,2.0,E0,1401,-0.005879617510168194,-0.042700338719636695,0.032827963497735715,0.018006342662134807,0.04473751106371108,0.029747806004663226,0.09542391970520525,-0.08061940177155881,-0.11857153990595912,0.8768144849425725,1.1209946528585717,0.5933706571365793,1.4688447499394315,-0.8070598452043255,-0.770139887051324
5min,lin,std,2.0,E1,1059,-0.02227398256107971,-0.042429111921438604,-0.0007410611546025125,0.051134931333016796,0.0379610568636568,0.07404597971565588,-0.0019270390130387797,-0.13079430582920917,-0.07384459107194602,2.291192752134939,0.9469091534554103,1.373166666648056,-0.026018570173669667,-1.1201826280361928,-0.4142680139699388
5min,lin,std,2.0,E2,1189,-0.024419524166056628,-0.032506189781774164,-0.015957058254944267,-0.043115529178383634,-0.02512759183980718,0.019938959040457744,0.03320198796537992,-0.12586245524101267,-0.08814885636791905,-1.36965795097527,-0.5693327526788702,0.3595043023620016,0.4528546301999002,-1.1265166779238227,-0.5214337944537735
5min,lin,std,2.5,E0,758,0.00034506851806888664,0.005560101853424142,-0.005240431666246014,0.01922598383337431,-0.006518955319495205,-0.02624267219389435,-0.07834823446050762,-0.3150038468339646,-0.28567371602176844,0.6513457223428722,-0.10402710306588964,-0.3552895293334815,-0.8456673964885845,-2.3942157691434285,-1.4581383713763776
5min,lin,std,2.5,E1,619,-0.07146382022269969,-0.09448220507194205,-0.046668848623347976,0.04273197233632153,0.009100498533974665,0.024273555782835462,-0.16818855652368633,-0.301771255531113,-0.16691378553595845,1.4041155876893427,0.16603259602708045,0.34830623758610796,-1.6760754881861688,-2.0482630411626435,-0.7882205291378863
5min,lin,std,2.5,E2,659,-0.06575431221170945,-0.045102261540690095,-0.08803507350347166,-0.06376860276797786,-0.07559462107171304,-0.046871377098629964,-0.13458024626583415,-0.30302522714663416,-0.1854734705336486,-1.2154866752637186,-1.1108898780628986,-0.5864750166372773,-1.2800887199219508,-2.0900097237213027,-0.8894180550530911
5min,lin,std,3.0,E0,405,-0.05338061710386337,-0.02698137791150808,-0.08266727308288252,0.010404920186592578,-0.08085617751892721,-0.08688689571734343,-0.13366272392176673,-0.2959052175217749,-0.3560684003387468,0.24418096998548253,-0.7655127406875614,-0.7335983958972248,-0.9773882405012426,-1.5926583689167255,-1.3337027210751438
5min,lin,std,3.0,E1,346,-0.07867949074117096,-0.08186966131868752,-0.07497091744480794,0.055565427620216955,-0.03551007107086764,-0.005223444630681266,-0.24183158451842057,-0.22728132903518186,-0.27418301814826573,1.3018558847741548,-0.44702738301044037,-0.05310234723038856,-1.8087445549265884,-1.1478596854554832,-1.0103299005629818
5min,lin,std,3.0,E2,356,-0.07617804893056444,-0.022444264253374282,-0.13699053578079762,-0.056084858585084,-0.1108995222208679,-0.09874872294435608,-0.21330373075008321,-0.2867805040579074,-0.33478215772297243,-0.6097621478734998,-0.9757558845644466,-0.774553897434922,-1.3723235548820891,-1.3965024689053656,-1.2159084223693912
5min,lin,raw,2.0,E0,1351,-0.00875469910218703,-0.028109573658910085,0.012118788688986595,0.018485096479312516,0.040871754628190544,0.029076633873415657,0.0938961626346291,-0.128300403591911,-0.07658691158282149,0.8904463206638743,0.9856826828844952,0.5531456547739847,1.3772059552544063,-1.2257706586582242,-0.5122905370083066
5min,lin,raw,2.0,E1,1011,-0.05103887150152417,-0.07711230130345816,-0.022984503501085975,0.033112242813537855,0.013048030143853494,0.05461407566021409,-0.06427560549277711,-0.2231786239051141,-0.16038104092523878,1.4172199285015248,0.30220214076328866,0.9345202732070649,-0.7996099975636491,-1.7784815650990287,-0.8803512736412317
5min,lin,raw,2.0,E2,1136,-0.03829644045417781,-0.04171682175752751,-0.034665001139369135,-0.034470521579915724,-0.016282509313160602,0.030308407768082433,0.0024277583539189227,-0.21079784195537882,-0.15195834223139476,-1.0509111271034786,-0.3506107832211868,0.5135942704885605,0.03124022838048037,-1.774106988901195,-0.9016170918863163
5min,lin,raw,2.5,E0,684,-0.03178435866852429,-0.05525205874494006,-0.004932601527797796,0.0016641739760797636,-0.017422530282273092,-0.05102097658110055,-0.01797730779071599,-0.27509891540293696,-0.36589398069800916,0.05182938099409661,-0.2533591800378487,-0.62160256913787,-0.17741723356187747,-1.9032783104593534,-1.6655293366971702
5min,lin,raw,2.5,E1,556,-0.04664160095374708,-0.0542976281367628,-0.03805048648120268,0.05106478934392054,0.005611716959015935,0.03028487448254892,-0.09234544827636636,-0.22702153604595388,-0.3190738636022713,1.5166783541218456,0.09227106352201309,0.3863901967513734,-0.8574864688784349,-1.4089177528813859,-1.3068519391289164
5min,lin,raw,2.5,E2,592,-0.0504756939391472,-0.031325749351420705,-0.07225270673746431,-0.020530372414907974,-0.06357700719223533,-0.015296216364569166,-0.06527450444525557,-0.25665261295005065,-0.3388568596653251,-0.3415916133860995,-0.8228165534347626,-0.16764180010099508,-0.5619564579551972,-1.6113565655962638,-1.4245894093774214
5min,lin,raw,3.0,E0,373,-0.025888117690940828,0.006788940851975182,-0.06533261439363235,0.03444384782673038,-0.10177578089380933,-0.07873640477222658,-0.1600765702448359,-0.25979261405034837,-0.5499022098915387,0.7584362467100123,-0.8996162341910836,-0.6225329156971388,-1.1291455646982405,-1.3226373612059457,-1.8162682232033422
5min,lin,raw,3.0,E1,309,-0.07187552743419413,-0.015246795240482886,-0.13934805940967984,0.060535713448181275,-0.012125105479655438,-0.04967926470261418,-0.23848007699855414,-0.23368949915633333,-0.40544755658087706,1.2737510270600194,-0.13748705094745062,-0.45031149153909616,-1.6123825985958111,-1.0614741588804713,-1.2542387664685282
5min,lin,raw,3.0,E2,321,-0.06466886190346609,0.02878742955609682,-0.17529059465152014,-0.06731303621579476,-0.10896384836662022,-0.14725715822004715,-0.2751178015969569,-0.36742253906832645,-0.6730163384360077,-0.6561074034690203,-0.8598583679565549,-1.043220437564373,-1.6276360947232769,-1.6275053828328252,-2.0434603183835227
15min,log,std,2.0,E0,465,0.016890597381342094,-0.06946661505126937,0.10436933205333812,-0.0017985712195067718,0.013108237884629085,-0.09001033460171365,-0.15160672549846455,-0.052345194436126875,0.020324985525473134,-0.05597972447865162,0.20359674777265194,-1.0021023632847126,-1.2033991760427585,-0.3071132265856348,0.07823711086438206
15min,log,std,2.0,E1,330,0.04435569388727417,0.02963423338842924,0.059622393663854086,-0.025924824435192215,0.007395714961027518,-0.008868701212140158,0.122781182150372,0.22335940225162476,0.15495326827572298,-0.6344118159570797,0.09388093589131974,-0.08690766801202762,0.9132433359484162,1.1341273449805642,0.5074600809482953
15min,log,std,2.0,E2,389,0.02487247809980935,0.03934599023733942,0.00986852310907138,-0.042712737854393674,-0.026292463154712696,-0.05750432335843106,-0.003359788703324931,0.026962906707479996,0.029376681254106658,-1.0127298612755216,-0.34202710293499594,-0.6028725229835368,-0.026676418417617767,0.14879480167479447,0.10413311664631358
15min,log,std,2.5,E0,269,-0.0036128153528526643,-0.18487089219406472,0.17899793370359232,0.0967084543220885,0.10139353091263342,0.06554412398534597,-0.012633388145430923,0.2853627763872669,0.7488011003227493,2.098807322707937,1.2930067551168796,0.6670515716553079,-0.08954528437871234,1.4632377046520537,2.4604915542897374
15min,log,std,2.5,E1,207,0.011796583971248978,-0.05312985517721078,0.07993720327557308,0.01152747194642738,0.05908224445937318,-0.011610664741524017,0.15460988343810886,0.4331756427909321,0.6909908155462423,0.23334337106040212,0.759268828607182,-0.10217547599335429,0.9192388138779821,1.7675747773232438,1.7635113078219051
15min,log,std,2.5,E2,233,-0.05604066606751664,-0.08812415629438575,-0.02255000521666206,-0.02987951976092789,0.03216133350596109,-0.07257044286909838,0.04408745036937464,0.2927002554645428,0.7247846804191591,-0.6397131502518046,0.44212580762598225,-0.7165202425282438,0.2988486477432621,1.36311056293047,2.1072048819738165
15min,log,std,3.0,E0,137,0.14963394992140183,-0.0962629326221478,0.4301100815726382,0.16437956486551908,0.17117906832743943,0.11315993146944214,0.1491070250799831,0.4347062115815148,0.9972097393166683,2.8344657444937145,1.7681736642051604,0.8581323949621198,0.7531565493821935,1.6592187064789954,2.2587747149013344
15min,log,std,3.0,E1,108,0.05746816445276079,-0.045149201287867355,0.16797917371189877,0.002997282119083041,0.09794842469632822,0.060613855687277764,0.35089925683747275,0.662154133216445,0.9902276020960696,0.043983225424942304,0.875107566916044,0.34771643339270003,1.389723416374796,2.028812141783378,1.6688141956665927
15min,log,std,3.0,E2,121,0.015006647948192613,-0.0419972028928787,0.079010971699571,-0.07397786833352715,0.06308625659080147,0.015358156341304972,0.13662456060760642,0.435874387185197,1.0030720761902996,-1.1849245865235782,0.6005500008399719,0.10043600524339252,0.6109190060841413,1.518370378274143,1.9315841681398325
15min,log,raw,2.0,E0,432,0.027255480062947465,-0.07763796118006619,0.13814283223413332,0.06526692383488618,0.0005170728050552716,-0.07506194176395654,-0.17641637663983317,-0.017157156824370537,-0.07373137422543068,1.6963222111343617,0.007403950124955699,-0.8242109014205998,-1.3456909923696405,-0.0962003317812526,-0.2811598697067677
15min,log,raw,2.0,E1,315,-0.029160372108224777,-0.08979721531829145,0.026669892066897585,-0.0294861927481601,-0.03262691201266833,-0.09243707545187847,-0.03454345509973665,0.20989597469300184,0.1538360744475157,-0.6657382192121037,-0.40217073093694516,-0.8792847762849844,-0.2482030445373738,1.0376315161322485,0.49647569630558785
15min,log,raw,2.0,E2,369,-0.04523539219903968,-0.07772130160751861,-0.01149312165321628,-0.04730970037392442,-0.08316105896258327,-0.1897780406102397,-0.15758662500112244,-0.027757256131463664,-0.031340984168264044,-1.0500046003712176,-1.0635771151573579,-1.9601552834200164,-1.1883730262044618,-0.14610017817912305,-0.10900492059453946
15min,log,raw,2.5,E0,240,0.08265596471836001,-0.12197501542583698,0.2740849461435765,0.08985018196537677,0.10272689593977129,0.08774233298589225,0.07322851507791983,0.4489742400574753,0.8852970146959998,2.0971040697663224,1.337727569183626,0.9359939316099058,0.49453701909437825,2.206984666540333,2.6370074147644327
15min,log,raw,2.5,E1,182,0.056805746679173694,-0.05256471084600121,0.1526458383249455,0.02965170939405713,0.13273416093556864,0.056690901914655534,0.108839544357949,0.682861006762404,0.9344117300539712,0.5329858706767696,1.613616538751226,0.4492057306167286,0.6177228324522424,2.6845503840686766,2.230101558767354
15min,log,raw,2.5,E2,205,-0.004912339544104124,-0.09305155072545984,0.07581329312667028,-0.06414027216374814,0.03721701157896996,-0.06011948699239072,0.02528876717037151,0.43042825402184676,0.8629564801569666,-1.2004189416549156,0.4697211278922826,-0.543922672892883,0.15795537192593317,1.8600878803159222,2.2093554218432803
15min,log,raw,3.0,E0,124,0.2393696851767352,0.002494319222865396,0.47624505113060506,0.1562340084104858,0.266021259130147,0.15762584188788883,0.38554279828528604,0.8949899343345638,1.5738206932983514,2.6826032013683387,2.713637254594144,1.1733996931509687,1.7569287782154188,2.9324466891586196,3.149483162150609
15min,log,raw,3.0,E1,97,0.05660723619421635,-0.13836909927726188,0.2253367572753033,0.028963540468303694,0.06565590476381176,0.0948766339931504,0.41288250999773873,0.9720992734935786,1.5510727426930762,0.3832256226340894,0.6127281758111657,0.5346400885781067,1.5383250799305226,2.5559103499976,2.361145777523937
15min,log,raw,3.0,E2,103,0.03295177658996964,-0.08446698133408408,0.14372418972586937,-0.026231874254597394,0.10544259082224514,-0.00983993972152418,0.37640285826993647,0.86346569447403,1.5800278297110457,-0.3924139021195432,1.0234831446326733,-0.05991515266158546,1.5131739654578267,2.4194497685521843,2.5561375521044303
15min,lin,std,2.0,E0,455,-0.05764417385240518,-0.13438926387287836,0.021499200231207796,0.0081903546447782,-0.04615608230140114,-0.16422105095394748,-0.23132872275228472,-0.15214562464243608,0.02427935648644724,0.22811331084023323,-0.6929000092742216,-1.828259372095477,-1.8840513480248464,-0.8627915196814739,0.09368012811660681
15min,lin,std,2.0,E1,336,-0.03991119184721154,-0.03478160989257147,-0.044920077755860086,-0.035368535573241516,-0.052297653234760114,-0.13246427134771765,0.03680302731328639,0.1929328400140426,0.34522546153132394,-0.874844090052751,-0.7674208288410138,-1.3828433929227462,0.2831582762080967,0.9690939641906902,1.1200464675439519
15min,lin,std,2.0,E2,385,-0.08781984758966041,-0.08828145470847171,-0.08734609291509092,-0.05335236796604712,-0.07903059691457526,-0.15074303058043756,-0.12045495841479273,-0.060205498015024596,0.14030189454372202,-1.2612788784477285,-1.1659472245826241,-1.6482484537579267,-0.9564103173065951,-0.32177362211683097,0.49495472219318887
15min,lin,std,2.5,E0,261,0.06314774131822155,-0.116183899527974,0.2552887850820025,0.1173841248043022,0.14259782731503326,0.02102274320569042,-0.028311557067395215,0.31202051803343234,0.4948979748081772,2.26665233012676,1.8482278233055687,0.20952898916121548,-0.20828991270218464,1.6048030364807047,1.5611008630638843
15min,lin,std,2.5,E1,204,0.014301208379407095,-0.10497185227206042,0.1383451914569333,-0.006731120990939694,-0.02056553624600016,-0.061912459637203536,0.14090449949181957,0.5356765313158177,0.6263981969108434,-0.12435085103292311,-0.23643407860185345,-0.512322377132457,0.8518424770290559,2.251859289719498,1.5912802700789548
15min,lin,std,2.5,E2,226,-0.0091172545871687,-0.10403131734975798,0.09276297791946382,-0.03355587605181438,0.00472572025558113,-0.11556407487719009,-0.011517620738918023,0.2791072157270962,0.4705516123379169,-0.6663040612985209,0.0612179124538366,-1.0304533784143544,-0.07664773650670949,1.3032455129005804,1.3411697118355852
15min,lin,std,3.0,E0,138,0.1402887972358545,-0.10098602386527046,0.3959680852683899,0.21333629793072809,0.16706136173280633,0.045576287774037494,0.09697175094094436,0.7448368986926045,1.5604006177126066,2.629477894706817,1.465524217146433,0.2956914849185094,0.43883238943690384,2.6949221539452575,3.475889318653777
15min,lin,std,3.0,E1,113,0.06201312237239963,-0.06521248648332513,0.18700670300258537,0.007093789815669542,-0.024513415251081194,-0.09253558664501578,0.2899004340230727,0.7172492679406836,1.34628753392794,0.10128548222932278,-0.20663675325422037,-0.4967733091133275,1.1207833675931516,2.13240296098668,2.4508124412989734
15min,lin,std,3.0,E2,120,0.023594478080657882,-0.04631802155089791,0.09587689295396137,-0.0863691977210693,-0.05867817202474438,-0.1666615451905577,0.11358377468908865,0.6474090076215968,1.4045020731202391,-1.238872825654391,-0.5286956054556562,-0.9789115430839094,0.48802001998911765,2.1351056082865583,2.791658771580106
15min,lin,raw,2.0,E0,463,0.043229694281477486,-0.06404466316760551,0.15868191754506455,0.12648209542922606,0.027006172416608402,-0.06515253267415518,-0.107561501793976,0.1105346234236489,0.1584140019825157,3.2881724971643123,0.40499196117102154,-0.7353494057398106,-0.8585669078313467,0.652746240929027,0.6290221989735368
15min,lin,raw,2.0,E1,329,-0.008974123576497316,-0.031785016991994056,0.015119882593621117,-0.02812929419125929,-0.07485183549559586,-0.11500457370487292,0.025569759750776352,0.3492955165993961,0.34449052537413266,-0.643024396689787,-1.034910365168775,-1.1326999638308197,0.18248905213483568,1.7657826669357313,1.1294526836099479
15min,lin,raw,2.0,E2,387,-0.04877235718529584,-0.09336413455065931,-0.002057161850153176,-0.07465267423871007,-0.07403445933009972,-0.1899584934155105,-0.1390756393848351,0.14969930740873894,0.21649962981408244,-1.6789589191648457,-1.0620288261089414,-2.0542485228503438,-1.0607405153144769,0.8223353282505806,0.7651818335658828
15min,lin,raw,2.5,E0,247,0.06804125943118927,-0.16209458275646693,0.30768684716378997,0.11698737310789187,0.134348733484713,-0.004489388309900315,-0.12124107514426642,0.29317118323545494,0.4848135874932907,2.118533391754372,1.5550610684063624,-0.0373294154845257,-0.6745028187278463,1.2463251729825457,1.2834545909702462
15min,lin,raw,2.5,E1,183,0.006111775882597323,-0.11555388429921813,0.140363538841842,-0.005461785479114561,-0.047780118203842745,-0.06799254500897102,0.08910491752262047,0.5111499139126713,0.3940261687047202,-0.09333314881763481,-0.5071428534995147,-0.459212779951407,0.43863374049771886,1.8634654214647968,0.9002207240973861
15min,lin,raw,2.5,E2,209,-0.01988483944976748,-0.15289310955317548,0.11964344389400357,-0.050543207968976205,-0.03868892465339995,-0.16141719872071433,-0.10384395663594669,0.2928219883348978,0.332155444181701,-0.9505147049700319,-0.4617206286995683,-1.2284975495314112,-0.5695203957899854,1.1380344073917406,0.7992533476937721
15min,lin,raw,3.0,E0,134,0.1857204021706356,-0.060570874539872414,0.38541603193591234,0.19520589044590725,0.2000010849693935,0.03102559158491841,0.24240767413787723,0.8993782207587009,1.730606495504858,2.3858239784522137,1.6028260605476843,0.185142447011471,1.0840755322038056,3.0693177894352144,3.7030863739352977
15min,lin,raw,3.0,E1,99,0.014844012720397844,-0.19605559095320318,0.19059368244839878,-0.10079025250021773,-0.11659617032641695,-0.16280182961528214,0.32200273568330234,0.9565271544051099,1.464899540735039,-1.303359477087358,-0.9218360321304848,-0.7801428090368528,1.165309781304703,2.607741818648698,2.3692699401964763
15min,lin,raw,3.0,E2,110,-0.06089520333588666,-0.255051870740909,0.09506670982552472,-0.1286725671783709,-0.0876136710018194,-0.2206490370430457,0.1835143938639132,0.8847076780227993,1.6001066660683956,-1.6865330964305556,-0.7811065590240788,-1.1994949555553738,0.7599037879462647,2.746798025147027,2.8837612271659303
1h,log,std,2.0,E0,116,-0.11965179429729335,-0.08275412781173343,-0.1552986924274105,0.02626875882920202,0.009111860953800026,0.009773113426322259,-0.2924814522976488,-0.21888816767018057,-0.16945996068463012,0.3797330785521925,0.07604447365114324,0.06923481833534359,-1.4267089280391538,-0.7469158247738321,-0.3646669543113537
1h,log,std,2.0,E1,81,-0.12056227483373544,-0.10578605000915317,-0.13428305502799037,-0.004531252413511935,0.003973904056312777,-0.06944049774677136,-0.44706754690581363,-0.15340166257610174,-0.015290677813265579,-0.08316950798100012,0.04034088214094192,-0.5231346038430187,-1.9633967072479837,-0.42792973363899767,-0.03026095350272342
1h,log,std,2.0,E2,94,-0.1257433136816407,-0.13693390830156077,-0.11630810645308064,-0.01615306322709831,-0.12401086183677552,-0.1472994548484142,-0.3881704809445905,-0.23397434526722002,-0.059554355261229215,-0.23452187942939468,-1.2169435963683004,-1.2624271437455399,-2.0431563664469663,-0.745958217752437,-0.1335190472933937
1h,log,std,2.5,E0,64,-0.08061147842906954,-0.1920921642510419,0.017753832590317858,0.10332302106969764,0.11330465305124508,0.03560632700576625,-0.32840882550778683,-0.18045837060721956,-0.12159130938227221,1.3599430084384772,0.8957674295735418,0.250872202906109,-1.4232107582417297,-0.4328773461314979,-0.1987976599913306
1h,log,std,2.5,E1,45,-0.2299799222449623,-0.14684481615492234,-0.3338988048575122,0.09288530838972248,-0.08938564528195969,-0.1461184798079478,-0.4215232362737903,-0.12457776116576187,0.6223861493546367,1.2078506281376207,-0.5976774021411219,-0.7959969972744255,-1.4551008565990378,-0.22416482114115996,0.8998393711404985
1h,log,std,2.5,E2,50,-0.18371651781019502,-0.25212880586273284,-0.11530422975765717,0.10201682665599221,-0.1043845537256305,-0.15940439578071874,-0.3296277248305012,0.08814482044823801,0.6696500789149745,1.2693631485686896,-0.7499761739259652,-1.0339391398573188,-1.2689486411930109,0.18297608187275527,1.0573920315886984
1h,log,std,3.0,E0,36,-0.08100088774425147,-0.1955686736765582,0.04704546123891479,0.13144814413110412,0.07135655163180314,-0.004211708222332995,-0.26593555565636673,-0.20026692903705376,0.44612434346022595,1.3816186872218805,0.4313267058199105,-0.020148800389099317,-0.8724317507773052,-0.33798633222876373,0.5227934921863349
1h,log,std,3.0,E1,31,-0.24324952395281957,-0.13681322317258904,-0.39062286349467723,0.1339311678663776,-0.1530090805935606,-0.12233986320822826,-0.4396078879057183,-0.04112700644159295,0.650396368184993,1.3084777540651034,-0.80729248071575,-0.5671024528220016,-1.351553872305196,-0.0642684357835416,0.7255398673859494
1h,log,std,3.0,E2,31,-0.3106845453873326,-0.2641508851766889,-0.3751157672174547,0.07915767897411076,-0.2554167577480896,-0.15908996138212972,-0.4510868985641177,-0.07943801790915461,0.6015988454914163,0.7422019011684982,-1.4025163583597213,-0.8145556994677936,-1.4066520266349527,-0.1254521543086563,0.6686265650046115
1h,log,raw,2.0,E0,106,-0.12778965761298133,-0.11799197807451191,-0.13722446013150744,0.026227645884978994,0.0019640808359181403,-0.023244864714790724,-0.37878034016959666,-0.22996543963406213,-0.47054899855731336,0.3790573548183367,0.014872447567119688,-0.16527942916383187,-1.8084827240104504,-0.729580539021245,-0.9282301705322829
1h,log,raw,2.0,E1,69,-0.20606932586258409,-0.16636663704088223,-0.24040678646513697,-0.1404869661310231,-0.09953876404298234,-0.19468608568356754,-0.4771256832682986,-0.23066386334270123,-0.12073831544276876,-1.7793935259840055,-0.808389381387361,-1.2306337781174939,-1.8985210549164089,-0.5795087904693359,-0.20000148049654137
1h,log,raw,2.0,E2,80,-0.1375798870511356,-0.1816153403039011,-0.10155087984432744,-0.0641062020815124,-0.11094267657828462,-0.18072121121034365,-0.3991352013528829,-0.15461920974706042,-0.09072603504398691,-0.7359579684533201,-0.9789080270670382,-1.3626722991591476,-1.8617181548622603,-0.46608501568543553,-0.17453349863738338
1h,log,raw,2.5,E0,55,-0.0662760094931021,-0.12446925559221977,-0.01778163774383735,0.10280220185426588,0.14687188504916052,0.14040651975158827,-0.10866480346116796,0.05053732342087543,0.03198487124538973,1.4329240303341841,1.1225253991311672,0.9696808026189292,-0.439875284071398,0.11047925112117839,0.05002791869415142
1h,log,raw,2.5,E1,38,-0.18325179859494428,-0.03086190655213819,-0.3356416906377503,0.03208397491059173,0.02087212912291409,-0.19273811484649003,-0.34862155797957056,-0.08305687330088471,-0.010907320505385723,0.3600302665995484,0.14346479566306147,-0.9258758166837205,-1.0445914153767,-0.13887793160402967,-0.013173521655564537
1h,log,raw,2.5,E2,43,-0.12170087416209309,-0.11858065605777032,-0.12417104682801532,0.15561746814699223,0.04891665955632161,-0.09928260085509494,-0.12266319934585106,0.07582601325140093,0.07812316191665318,1.691245662073951,0.3495560228970733,-0.5228137354679087,-0.3931689074109293,0.13970780294006926,0.10404034828970225
1h,log,raw,3.0,E0,31,-0.0874906380503881,-0.301265334791098,0.17209292227761677,0.09467474246080564,-0.021543046598386087,0.04237363798341233,-0.43227330004483305,-0.8155822972402276,-0.272269441768084,0.8733231118513102,-0.10129925107815292,0.1794845407795109,-1.131909253571978,-1.2353588527260366,-0.2633076168898932
1h,log,raw,3.0,E1,22,-0.288763568496646,-0.15472382532366397,-0.5233331190493644,0.08237031302242843,-0.12917648043429059,-0.24451381965233035,-0.821042172617382,-0.8354031574400718,-0.23822086934756567,0.6377366129615265,-0.5662163617281657,-0.8413830476314824,-1.8732140218533415,-1.0454356630394703,-0.1885457423984947
1h,log,raw,3.0,E2,23,-0.19804166229898473,-0.1606938067424289,-0.2561383264980715,0.164858152459016,-0.044781905892895046,-0.15518092333234731,-0.6572944972879117,-0.7663083720814478,-0.19236867163000157,1.3143454128551726,-0.2128042086213886,-0.5853795150640754,-1.5404532072131012,-1.0029337110000045,-0.15745320951427275
1h,lin,std,2.0,E0,112,-0.08054205446920736,-0.13895145152118238,-0.02992057702416236,0.06321539617310233,0.06174435813620748,0.0701086078004077,-0.20849040439956237,-0.08946144069420081,0.07176803925137332,1.0472756147584072,0.5942302807848203,0.5942301233573619,-1.1593149812064247,-0.29387825819213986,0.16730357710384552
1h,lin,std,2.0,E1,81,-0.15669001481361608,-0.15950192775859712,-0.1535081133232428,-0.018076353233474857,-0.029359637917829296,-0.15177095680875816,-0.4751238623952899,-0.2762677355234694,0.3888902558923665,-0.2387862177070785,-0.261138683836942,-1.0103056632520462,-1.8800577264664313,-0.6551702528151178,0.7063156006142153
1h,lin,std,2.0,E2,91,-0.04792799069675538,-0.11428676118620515,0.014195113591240104,-0.005448980589461309,-0.02710435898977975,-0.12312663910350964,-0.3110096014898998,-0.07529768428275525,0.37479519826190555,-0.07034849039790653,-0.25553587902680164,-0.9807533018752529,-1.485914787676865,-0.21214102329732687,0.7797383498170636
1h,lin,std,2.5,E0,58,-0.1866610721015198,-0.3476106825332486,-0.05588951362574015,0.08424980632040927,0.03465089952243066,-0.12113513884155148,-0.36770101498405633,-0.2132170418646705,0.11737136036738313,1.1067575913757746,0.2351752558388939,-0.7445543081750934,-1.437196975444235,-0.4656114578243895,0.18036436351870563
1h,lin,std,2.5,E1,44,-0.3384730019590688,-0.29042367704371747,-0.3910984530568347,-0.020860964678455787,-0.21236056643102735,-0.3143203220416747,-0.5153768166835725,-0.25270460031792924,0.12423977145157505,-0.2266377955439036,-1.3403951330325423,-1.5159368735391954,-1.5015851599846373,-0.4572987666286996,0.15689670760782423
1h,lin,std,2.5,E2,48,-0.24770695799636785,-0.3069751315855811,-0.19318023829429165,0.020349611077752006,-0.180324944726395,-0.2796205202214202,-0.3488540781927217,-0.07445210757218518,0.1804334870263592,0.22056357663962692,-1.213550492635928,-1.5577183274968995,-1.0860069852839607,-0.14671978590256496,0.2462598624484341
1h,lin,std,3.0,E0,36,-0.20796054165086267,-0.3987770823982414,0.030560134283360657,0.13157414791624636,-0.018436040697948446,-0.19219078622000793,-0.5270657378842677,-0.414925939210775,-0.07622731407562928,1.4031051676605109,-0.09822755512460318,-0.8410259421505287,-1.4956065502663334,-0.6609317486541288,-0.08332277595276685
1h,lin,std,3.0,E1,28,-0.42639072322255017,-0.45952305287195067,-0.3667525298536291,-0.02422885401329715,-0.4267795778122881,-0.4778257749289807,-0.5254244488595877,-0.2952432552961942,-0.1949614192810531,-0.18624033968332734,-2.0123649221763182,-1.6070888217630626,-1.0523464817716441,-0.36525858191384736,-0.17512663335292597
1h,lin,std,3.0,E2,29,-0.3900260544787246,-0.4641432239859414,-0.2687434134669155,0.033280311137330085,-0.45299260455175283,-0.45441081119274773,-0.4744673595760041,-0.23481255366969914,-0.16055949972346523,0.28644338015066384,-2.319300413514396,-1.771901495346595,-1.0120847379886952,-0.3173921875597436,-0.15647681526752397
1h,lin,raw,2.0,E0,99,-0.17653762673375706,-0.16622504318811593,-0.18706067116808475,0.0271086030206408,-0.027784881161178138,-0.1565666472820374,-0.3642773337019266,-0.312244592714423,-0.529724970698881,0.44086366019287876,-0.26050118912386927,-1.3328762424429128,-2.0166245607599937,-0.9969074733780308,-1.176108767612869
1h,lin,raw,2.0,E1,74,-0.21803462438624707,-0.33298575387393786,-0.11487335433319139,-0.07555806951295464,-0.11186087223432804,-0.3397919758129645,-0.5919480300712073,-0.45950733060921595,-0.34792773398205695,-1.0042818389171113,-1.0209892666841616,-2.2480643988802504,-2.221900423844648,-1.1159946948490402,-0.5764413826516234
1h,lin,raw,2.0,E2,84,-0.150325750017192,-0.2391215464027021,-0.07336939314974986,-0.014229249963596972,-0.10773036656630806,-0.20752535286093254,-0.3573395301172478,-0.3590471517397512,-0.298732631211491,-0.16913789504505727,-0.9997513613677728,-1.554130812424573,-1.5776020480067205,-0.9986824992889446,-0.5747178389410986
1h,lin,raw,2.5,E0,56,-0.10003949461066321,-0.132210992180993,-0.07409473850555855,0.14163706937889473,0.15556156755009173,0.01935532818626121,-0.38871504726217654,-0.2713455511862367,0.17661730759587085,1.993675391588704,1.0616891787018288,0.11637229703101064,-1.4105046003378332,-0.5697162661910156,0.27187329375879254
1h,lin,raw,2.5,E1,41,-0.2689019888751163,-0.3052322609007452,-0.2375258448529822,-0.013895304186235935,-0.11489476556965131,-0.37423122279527987,-0.6194191764922125,-0.3518013118833757,0.10226918670009603,-0.14507544350941304,-0.7875515689196363,-1.6761618629252626,-1.5009189735772506,-0.5827092888452512,0.11898424478744465
1h,lin,raw,2.5,E2,46,-0.18949263974660258,-0.2362373740539792,-0.15353515181785138,0.05724756033933229,-0.052640616222522106,-0.24405854417475314,-0.3648640041926405,-0.216556567782358,0.11483043056486418,0.6282425405446488,-0.3712783329796283,-1.225711705684742,-1.0019089628956437,-0.40545871830549146,0.15218401127214412
1h,lin,raw,3.0,E0,32,-0.09743382107431112,-0.320685811636061,0.09955322942135045,0.14785232473186272,0.03166800178579444,0.008693235192592427,-0.44411476268560546,-0.7263492599116439,-0.6844497987346404,1.3632541183178062,0.1490972801901497,0.037243064844831066,-1.149584158274714,-1.1239308382440034,-0.7138913817538283
1h,lin,raw,3.0,E1,25,-0.13270668315441736,-0.1500444085671803,-0.11670262892725167,0.021709383033063176,-0.0880004978791378,-0.4015235698013093,-0.5240273557977775,-0.6175811003838749,-0.4203352181590393,0.16252131807961107,-0.4084479220085443,-1.2633289906638248,-0.9950094054120382,-0.7940159917371059,-0.3623764734299823
1h,lin,raw,3.0,E2,26,-0.10345585018465692,-0.1570080266796241,-0.057553984617542187,0.1099198516907811,-0.13006149192410804,-0.28073908306597645,-0.3891080127692849,-0.4548618256841274,-0.3567158178643556,0.919824289873146,-0.634162356207586,-1.1058058030286533,-0.7789822772197056,-0.6330849603870328,-0.32440414244225857
