day,sess,ibh,ibl,rng,atr,ib_atr,z_prev,z_ibmid_prev,tree_z,dev_z,vloc,px,ext_up,ext_dn,first,brk_ret,brk_R,ret_close,close_pos,ppoc_dir,poc_dist,poc_touch,rest_range,final_poc_pos,ib_z,half,ext_max,ext_sum,poc_in_ib,brk_toward_prev,ret_to_mu,az,ret_to_dev,adz,tz_b
2026-01-05,NY,4429.7,4396.29,33.409999999999854,,,2.5524611873586642,2.229813367112466,,0.7324602389594908,overlap,4421.21,0.7815025441484794,0.0,1.0,,0.5782699790482102,,2.1565399580964204,-1.0,,0.0,,1.9458246034121671,,H1,0.7815025441484794,0.7815025441484794,0.0,0.0,,2.5524611873586642,,0.7324602389594908,
2026-01-06,NY,4473.35,4454.31,19.039999999999964,,,2.043029436453259,1.920620935939469,,1.0455831052689812,above_VA,4466.82,1.261554621848717,0.0,1.0,,1.1171218487394732,,3.234243697478994,-1.0,,0.0,,0.07037815126051197,,H1,1.261554621848717,1.261554621848717,1.0,0.0,,2.043029436453259,,1.0455831052689812,
2026-01-07,NY,4454.23,4438.19,16.039999999999964,,,-1.2797261287075135,-1.1858512469850595,-0.39298006214984604,-1.262931897526873,overlap,4444.74,0.8809226932668417,0.9133416458852662,-1.0,,-1.0,,1.1907730673318095,1.0,,1.0,,0.9089775561098367,,H1,0.9133416458852662,1.7942643391521078,1.0,0.0,,1.2797261287075135,,1.262931897526873,中
2026-01-08,NY,4435.61,4419.17,16.4399999999996,,,-2.085017604042216,-2.1184861859224293,-0.8915047766119399,-0.5869274587245795,below_VA,4427.89,2.6709245742093572,0.0,1.0,,2.541362530413727,,6.082725060827509,1.0,,1.0,,0.378345498783535,,H1,2.6709245742093572,2.6709245742093572,1.0,1.0,,2.085017604042216,,0.5869274587245795,LVN薄
2026-01-09,NY,4496.6,4459.17,37.43000000000029,,,3.3573093449475495,2.3079140666912483,,4.491833674980704,above_VA,4494.51,0.5506278386321003,0.0,1.0,,0.34517766497461855,,1.690355329949237,-1.0,,0.0,,-0.39460325941758806,,H1,0.5506278386321003,0.5506278386321003,1.0,0.0,,3.3573093449475495,,4.491833674980704,
2026-01-12,NY,4620.37,4585.08,35.289999999999964,,,6.362648578304032,7.302788071655283,,0.6155349044950226,above_VA,4587.22,0.27939926324736986,0.0,1.0,,-0.6650609237744483,,-0.33012184754892226,-1.0,,0.0,,-0.7495041088127162,,H1,0.27939926324736986,0.27939926324736986,1.0,0.0,,6.362648578304032,,0.6155349044950226,
2026-01-13,NY,4623.66,4601.09,22.56999999999971,,,1.332374797945388,1.0802990731336828,0.7245849466304783,4.187890730193336,overlap,4618.18,0.4891448825875102,1.3898980948161408,1.0,,-1.0,,-2.281346920691203,-1.0,,1.0,,-2.027027027027053,,H1,1.3898980948161408,1.879042977403651,0.0,0.0,,1.332374797945388,,4.187890730193336,HVN厚
2026-01-14,NY,4638.9,4624.41,14.489999999999782,,,3.098268022838254,2.806776929493819,,0.8329256140212933,above_VA,4635.37,0.2808833678399365,1.7273982056590838,-1.0,,-1.0,,-0.7736369910282468,-1.0,,0.0,,0.2546583850932067,,H1,1.7273982056590838,2.00828157349902,1.0,1.0,,3.098268022838254,,0.8329256140212933,
2026-01-15,NY,4606.73,4582.44,24.289999999999964,,,-1.8848466040120277,-2.5991994623737256,-0.9284273966388024,-0.15741010606734,below_VA,4602.71,0.7517496912309694,0.0,1.0,,0.363935776039529,,1.7278715520790955,1.0,,0.0,,1.5574310415809718,,H1,0.7517496912309694,0.7517496912309694,0.0,1.0,,1.8848466040120277,,0.15741010606734,LVN薄
2026-01-16,NY,4609.46,4585.49,23.970000000000255,,,-0.6001123532027973,-0.7709396344844754,0.09259408866295402,-0.6786051945464905,overlap,4599.26,0.4555694618272823,2.033375052148488,1.0,,-1.0,,-0.13558614935335692,1.0,,1.0,,0.33583646224443836,,H1,2.033375052148488,2.4889445139757704,1.0,1.0,,0.6001123532027973,,0.6786051945464905,中
2026-01-19,NY,4673.75,4661.6,12.149999999999636,78.27200000000002,0.15522792313981543,4.885889505492346,4.8595217187897095,,0.24214259723652565,above_VA,4668.07,0.5415637860082407,0.0,1.0,-0.03628372853638779,-0.23374485596709715,0.03628372853638779,0.5325102880658057,-1.0,-0.8504957072771833,0.0,0.20875919869174342,-0.35802469135806536,,H1,0.5415637860082407,0.5415637860082407,1.0,0.0,-0.03628372853638779,4.885889505492346,-0.03628372853638779,0.24214259723652565,
2026-01-20,NY,4750.88,4715.01,35.86999999999989,75.47699999999995,0.4752441141009833,7.874143171021667,6.229767124695652,,1.9759277058450802,above_VA,4750.5,0.42988569835517476,0.0,1.0,0.1628310611179561,0.3426261499860608,0.16786570743405385,1.6852522999721469,-1.0,-1.1261708864952245,0.0,0.5800442518913017,-0.2478394201282254,,H1,0.42988569835517476,0.42988569835517476,1.0,0.0,-0.16786570743405385,7.874143171021667,-0.16786570743405385,1.9759277058450802,
2026-01-21,NY,4880.94,4839.47,41.469999999999345,79.22799999999998,0.5234260614934033,4.662506926641507,4.643703328645038,,0.5845281968001433,above_VA,4860.77,0.0,2.019773330118195,-1.0,0.13429595597516447,0.25657101519171677,-0.4031403039329595,-1.5131420303834335,-1.0,-1.6694855354167777,0.0,1.4758671176856708,0.20713768989631737,,H1,2.019773330118195,2.019773330118195,1.0,1.0,0.4031403039329595,4.662506926641507,0.4031403039329595,0.5845281968001433,
2026-01-22,NY,4830.57,4810.69,19.88000000000011,84.79199999999992,0.2344560807623376,-0.2023689107307333,-0.501668623348255,0.9276258430740747,1.1104290272053448,overlap,4829.55,5.540744466800802,0.0,1.0,1.24575431644495,5.313380281690117,1.2577837531842597,11.62676056338028,1.0,0.41218511180299855,1.0,1.3401028398905583,0.7917505030181848,,H1,5.540744466800802,5.540744466800802,1.0,1.0,1.2577837531842597,0.2023689107307333,-1.2577837531842597,1.1104290272053448,HVN厚
2026-01-23,NY,4947.98,4927.56,20.419999999999163,94.45499999999993,0.2161876025620579,2.2645756886786668,2.2128151023516893,-0.8626800981506992,0.02184645040487081,above_VA,4940.1,2.045053868756216,0.0,1.0,0.41416547562332146,1.9157688540647602,0.4975914456619558,4.831537708129476,-1.0,-1.1815150071462648,0.0,0.6024032608120236,1.4427032321253836,,H1,2.045053868756216,2.045053868756216,0.0,0.0,-0.4975914456619558,2.2645756886786668,-0.4975914456619558,0.02184645040487081,LVN薄
2026-01-26,NY,5082.63,5054.68,27.949999999999818,97.03599999999987,0.28803742940764104,6.021421463112483,5.568734417142533,,0.3345678997145936,above_VA,5078.33,0.8042933810375567,2.3109123434705032,1.0,-0.28803742940764104,-1.0,-0.7179809555216637,-4.293023255814039,-1.0,-1.2967352322849262,0.0,1.1853332783709105,0.9906976744185643,,H1,2.3109123434705032,3.1152057245080598,1.0,0.0,0.7179809555216637,6.021421463112483,0.7179809555216637,0.3345678997145936,
2026-01-27,NY,5085.85,5046.68,39.17000000000007,97.36799999999994,0.40228822611124904,-0.24300239537591115,0.01570759051273408,0.22242488727670814,-0.29431448395904575,overlap,5059.51,2.670666326270091,0.0,1.0,0.9767069263002168,2.4278784784273495,1.2472270150357374,5.855756956854699,1.0,0.2361145345493365,,1.4656766083312807,1.0842481490936755,,H1,2.670666326270091,2.670666326270091,0.0,1.0,1.2472270150357374,0.24300239537591115,1.2472270150357374,0.29431448395904575,中
2026-01-28,NY,5285.46,5248.74,36.720000000000255,109.05,0.33672627235213437,4.863963352549336,5.079026891139785,,0.4190659252316621,above_VA,5259.28,3.5980392156862466,0.3513071895424713,1.0,-0.33672627235213437,-1.0,1.4501604768454868,8.187363834422586,-1.0,-1.5752407152682233,0.0,1.6665749656121025,0.9477124183006272,,H1,3.5980392156862466,3.949346405228718,1.0,0.0,-1.4501604768454868,4.863963352549336,-1.4501604768454868,0.4190659252316621,
2026-01-29,NY,5549.75,5500.49,49.26000000000022,129.433,0.3805830043342905,5.157295417682305,4.797414788267315,,0.6859035105577256,above_VA,5544.04,0.0,8.075111652456313,-1.0,0.9471309480580699,2.48863174989849,-1.2835984640702165,-5.97726349979698,-1.0,-2.005207327343104,1.0,3.420534175982938,-0.06577344701582963,,H1,8.075111652456313,8.075111652456313,1.0,1.0,1.2835984640702165,5.157295417682305,1.2835984640702165,0.6859035105577256,
2026-01-30,NY,5087.3,4992.61,94.69000000000051,173.88199999999998,0.5445647047998098,-2.5478045195284045,-2.797073149616305,,-0.9179923939932976,below_VA,5072.51,0.2752138557397756,3.18132854578095,1.0,-0.5445647047998098,-1.0,-1.0752119253286716,-3.261273629739126,1.0,2.593655467500948,0.0,2.4268756973119694,0.4339423381560875,,H1,3.18132854578095,3.4565424015207253,1.0,1.0,-1.0752119253286716,2.5478045195284045,-1.0752119253286716,0.9179923939932976,
2026-02-02,NY,4741.87,4669.76,72.10999999999967,241.425,0.2986848917883387,-1.963375627508385,-2.052552238182045,-0.9450336695746817,0.4673738985227673,below_VA,4721.5,0.7164054916100414,1.0108168076549806,1.0,-0.2986848917883387,-1.0,-0.2613233923578757,-1.3147968381639403,1.0,1.4041627834731283,0.0,0.8145800973387174,-0.8962695881292652,1.9758940693548213,H1,1.0108168076549806,1.727222299265022,1.0,1.0,-0.2613233923578757,1.963375627508385,0.2613233923578757,0.4673738985227673,LVN薄
2026-02-03,NY,4951.04,4896.46,54.57999999999993,280.19000000000005,0.19479638816517333,2.795617179344719,2.7818436305772885,,1.3404364925930672,above_VA,4924.98,0.7847196775375592,0.28380359105899233,-1.0,-0.19479638816517333,-1.0,0.07662657482422731,0.8318065225357218,-1.0,-0.8975338163389112,0.0,0.40294086155822695,-0.26566507878343754,1.2171061282403521,H1,0.7847196775375592,1.0685232685965516,1.0,1.0,-0.07662657482422731,2.795617179344719,-0.07662657482422731,1.3404364925930672,
2026-02-04,NY,5063.44,5028.82,34.61999999999989,303.059,0.11423518192827102,2.2178799607832866,2.4247449534847987,,-0.02225021929304038,above_VA,5031.03,0.0,5.041305603697293,-1.0,0.20992611999643596,1.8376660889659182,-0.21721842941473415,-4.675332177931811,-1.0,-0.3779132116188588,1.0,0.6056906410962895,0.4257654534951371,0.2607172590671502,H1,5.041305603697293,5.041305603697293,1.0,1.0,0.21721842941473415,2.2178799607832866,-0.21721842941473415,0.02225021929304038,
2026-02-05,NY,4867.8,4810.37,57.43000000000029,313.55300000000005,0.18315882801312786,-2.437097946101758,-2.3794025151916065,,-1.1171649519799511,below_VA,4835.4,0.6797840849730066,0.8807243600905392,-1.0,-0.18315882801312786,-1.0,-0.18768756797096325,-2.1777816472226896,1.0,0.6955761864820312,0.0,0.4689797259155554,0.8850774856346799,1.163393515988302,H1,0.8807243600905392,1.5605084450635458,1.0,0.0,-0.18768756797096325,2.437097946101758,-0.18768756797096325,1.1171649519799511,
2026-02-06,NY,4938.49,4894.69,43.80000000000018,323.117,0.13555461334439284,0.5343502287643314,0.746549959984881,0.23059879814849998,1.4343699735186708,overlap,4905.19,0.7531963470319554,0.0,1.0,0.08517038719720856,0.6283105022831124,0.18822903158917859,2.256621004566204,-1.0,-0.125929616826102,0.0,0.2276884224599749,1.6853881278538676,0.5328664808376832,H1,0.7531963470319554,0.7531963470319554,0.0,0.0,-0.18822903158917859,0.5343502287643314,-0.18822903158917859,1.4343699735186708,中
2026-02-09,NY,5024.01,4995.17,28.840000000000146,345.736,0.08341624823564843,2.191608075274693,2.048426417767307,,0.4591684204773675,above_VA,5021.05,2.1726768377253656,0.0,1.0,0.10496448156975254,1.258321775312059,0.11352592729712845,3.516643550624118,-1.0,-0.19538029016359357,0.0,0.2095529536987754,0.3404993065187122,-0.2875163222708441,H1,2.1726768377253656,2.1726768377253656,1.0,0.0,-0.11352592729712845,2.191608075274693,-0.11352592729712845,0.4591684204773675,
2026-02-10,NY,5074.64,5037.9,36.74000000000069,345.48699999999997,0.10634264096767952,1.7524076454114859,1.204895759532578,-0.45277606477410226,2.4830307810822836,overlap,5070.36,0.10887316276537629,1.054164398475744,1.0,-0.10634264096767952,-1.0,-0.13737130485372834,-1.8165487207403468,-1.0,-0.161684810137573,1.0,0.23002312677466957,-1.3483941208492092,0.19626191559397055,H1,1.054164398475744,1.1630375612411203,0.0,0.0,0.13737130485372834,1.7524076454114859,0.13737130485372834,2.4830307810822836,中
2026-02-11,NY,5084.77,5019.1,65.67000000000007,336.383,0.19522389657027875,2.366746576587049,1.1590853854290128,-0.8768259269796982,0.35635314441478894,overlap,5071.01,0.214405360134002,0.0,1.0,-0.006034787727086847,-0.03091213643978457,0.034870965536307016,0.9381757271204308,-1.0,-0.11745540054045603,,0.18701896350291414,0.0476625552002314,1.2811732087972678,H1,0.214405360134002,0.214405360134002,1.0,0.0,-0.034870965536307016,2.366746576587049,-0.034870965536307016,0.35635314441478894,LVN薄
2026-02-12,NY,5083.78,5054.96,28.81999999999971,320.37299999999993,0.08995764312223475,-0.2679465190264941,0.1990468134487085,1.3798513349622321,-0.51231680132165,inside_VA,5059.99,0.0,6.118667591950102,-1.0,0.4147665377544304,4.610687022900814,-0.43046698691837293,-10.221374045801628,-1.0,-0.020257637191647807,1.0,0.6125047990935581,-0.546148507980567,-0.48743667299436255,H1,6.118667591950102,6.118667591950102,1.0,0.0,-0.43046698691837293,0.2679465190264941,-0.43046698691837293,0.51231680132165,HVN厚
2026-02-13,NY,5007.8,4967.21,40.590000000000146,292.91700000000003,0.13857167730107894,-0.10835683034911457,-0.34767667274974173,-0.6338463821017418,1.9043785396808703,inside_VA,5002.65,0.9438285291943669,0.058881497905896,1.0,-0.13857167730107894,-1.0,0.13881065284705482,2.7496920423749738,1.0,0.20091015543652418,0.0,0.2775188876029727,-0.5915250061591557,0.19222532447174578,H1,0.9438285291943669,1.002710027100263,1.0,1.0,0.13881065284705482,0.10835683034911457,-0.13881065284705482,1.9043785396808703,LVN薄
2026-02-16,NY,4999.6,4989.85,9.75,232.75900000000001,0.04188882062562564,0.42574593329100546,0.49815696890500005,0.08696703684507122,-0.8057587214024786,inside_VA,4992.35,0.0,2.124102564102568,-1.0,-0.01490812385342498,-0.3558974358973687,0.004167400616085071,-0.2882051282052625,-1.0,-0.07239247461967255,1.0,0.12274498515631922,0.15897435897428436,-2.852627504715088,H1,2.124102564102568,2.124102564102568,1.0,1.0,-0.004167400616085071,0.42574593329100546,0.004167400616085071,0.8057587214024786,中
2026-02-17,NY,4924.46,4842.2,82.26000000000022,193.079,0.4260432258298428,-6.156132353662267,-7.044400472564618,,-1.1971043313537935,below_VA,4898.27,0.0,0.0,,,,-0.10420605037316746,-0.12594213469487667,1.0,0.503576256351025,0.0,0.31764200146054167,-0.020179917335276562,1.5514875937123567,H1,0.0,0.0,1.0,,-0.10420605037316746,6.156132353662267,-0.10420605037316746,1.1971043313537935,
2026-02-18,NY,4969.03,4949.13,19.899999999999636,175.39800000000005,0.11345625377712192,1.4242133019076888,1.3731352017424683,0.424170715890955,1.9495559027068876,above_VA,4960.91,2.1065326633166253,0.0,1.0,0.041790670361121135,0.36834170854271664,0.08808538295761532,1.7366834170854333,-1.0,-0.4470404451590088,0.0,0.31499789051186433,-3.87738693467343,-1.2635781823935563,H1,2.1065326633166253,2.1065326633166253,0.0,0.0,-0.08808538295761532,1.4242133019076888,-0.08808538295761532,1.9495559027068876,中
2026-02-19,NY,4998.58,4971.94,26.640000000000327,167.304,0.15923110027255968,0.9347777284491177,1.0978078395654824,0.7879873893644488,-0.5624999287797182,overlap,4978.34,0.8896396396396219,0.29917417417414593,-1.0,-0.15923110027255968,-1.0,0.10734949552909695,0.8288288288288159,-1.0,-0.34571797446564423,0.0,0.34852723186534385,-0.057057057057072744,-0.6256722629355161,H1,0.8896396396396219,1.1888138138137678,1.0,1.0,-0.10734949552909695,0.9347777284491177,0.10734949552909695,0.5624999287797182,HVN厚
2026-02-20,NY,5048.81,5018.38,30.43000000000029,147.06000000000003,0.20692234462124495,3.4524019318006425,2.9165777935877064,,2.0924788543958823,above_VA,5041.61,1.9477489319749905,0.9323036477160571,1.0,-0.20692234462124495,-1.0,0.4519923840609292,4.895497863949981,-1.0,-0.38834489324085175,0.0,0.8028695770433815,-0.33486690765693106,-0.4233337498368222,H1,1.9477489319749905,2.8800525796910477,1.0,0.0,-0.4519923840609292,3.4524019318006425,-0.4519923840609292,2.0924788543958823,
2026-02-23,NY,5165.49,5141.5,23.98999999999978,128.0660000000001,0.18732528539971394,4.647601208511906,4.237175957278507,,1.142382455007931,above_VA,5165.4,3.0162567736557415,0.0,1.0,0.48748301656958326,2.602334305960853,0.48818577920759915,6.204668611921706,-1.0,-1.0689800571580244,0.0,0.568925397841742,0.25052105043769374,-0.9289262635778757,H1,3.0162567736557415,3.0162567736557415,1.0,0.0,-0.48818577920759915,4.647601208511906,-0.48818577920759915,1.142382455007931,
2026-02-24,NY,5158.72,5093.83,64.89000000000033,129.77000000000007,0.5000385297064059,-1.7313914688739585,-1.3698641850210664,-0.9657522528641665,-2.703610589195656,overlap,5115.61,0.2231468639235551,0.0,1.0,-0.10680434615088676,-0.21359223300971664,0.22539878246127754,0.5728155339805807,1.0,0.31509593896894744,,0.48732372659320145,1.4247187548158462,0.9722176152743666,H1,0.2231468639235551,0.2231468639235551,0.0,1.0,0.22539878246127754,1.7313914688739585,0.22539878246127754,2.703610589195656,LVN薄
2026-02-25,NY,5191.41,5174.93,16.479999999999563,136.28600000000006,0.12092217836020983,0.38976849565249183,0.5694955877064858,1.711002423471052,0.1464685706536262,overlap,5177.84,1.5891990291262865,1.756067961165126,-1.0,-0.12092217836020983,-1.0,-0.06361621883392328,-1.6990291262136372,-1.0,-0.039182307793905045,1.0,0.5254391500227503,0.1614077669902867,-1.6211854373132788,H1,1.756067961165126,3.3452669902914125,1.0,1.0,0.06361621883392328,0.38976849565249183,0.06361621883392328,0.1464685706536262,HVN厚
2026-02-26,NY,5177.36,5160.35,17.00999999999931,135.8800000000001,0.12518398586988,-0.48098467518588256,-0.5654204112581621,0.13792715919208265,-1.035445970906462,overlap,5170.45,1.3938859494415639,1.7589653145209458,-1.0,-0.12518398586988,-1.0,0.10634383279364003,1.8865373309818607,1.0,0.10340005887547962,1.0,0.5198704739475961,1.8395061728396322,-1.3998926562902092,H1,1.7589653145209458,3.1528512639625097,0.0,0.0,0.10634383279364003,0.48098467518588256,0.10634383279364003,1.035445970906462,中
2026-02-27,NY,5236.22,5207.84,28.38000000000011,121.25300000000007,0.23405606459221703,3.8911573819189744,3.201261561945663,,3.1394352940002674,above_VA,5231.69,1.5849189570119588,0.0,1.0,0.36263020296404475,1.5493305144467644,0.3999901033376491,4.098661028893497,-1.0,-0.3891862469382166,0.0,0.5555326466149261,-2.5038759689922845,-0.4047138248247836,H1,1.5849189570119588,1.5849189570119588,0.0,0.0,-0.3999901033376491,3.8911573819189744,-0.3999901033376491,3.1394352940002674,
2026-03-02,NY,5416.47,5306.97,109.5,116.87000000000008,0.9369384786514925,4.252826583043271,5.223723061208253,,-1.13370534800646,above_VA,5333.66,0.0,0.42082191780821854,-1.0,-0.13228373406348956,-0.14118721461187247,-0.09608967228544157,-0.717625570776255,-1.0,-1.2591768631813105,0.0,0.8126123042696952,-0.5336986301369909,2.0893523101166367,H1,0.42082191780821854,0.42082191780821854,1.0,1.0,0.09608967228544157,4.252826583043271,-0.09608967228544157,1.13370534800646,
2026-03-03,NY,5186.0,5125.26,60.73999999999978,124.13199999999998,0.489317822962651,-5.673376007460482,-5.405727068204002,,-1.4103691459877525,below_VA,5146.03,0.0,2.125782021731978,-1.0,0.28155511874456085,0.5754033585775427,-0.4488770019011968,-2.1508067171550853,1.0,1.5021912158025352,0.0,1.2294976315535069,-0.9591702337833459,0.9364437722305202,H1,2.125782021731978,2.125782021731978,1.0,0.0,-0.4488770019011968,5.673376007460482,-0.4488770019011968,1.4103691459877525,
2026-03-04,NY,5192.98,5160.29,32.6899999999996,146.6419999999999,0.22292385537567422,-0.2786942858689664,-0.18008261467844647,0.08784062302041555,0.2689155371704249,inside_VA,5166.35,0.0,1.565922300397682,-1.0,0.14347867595913844,0.6436219027225519,-0.18480380791315162,-2.2872438054451316,-1.0,-0.27175024890550037,1.0,0.5184053681755539,-1.0483328234934493,-0.11329017512407544,H1,1.565922300397682,1.565922300397682,0.0,0.0,-0.18480380791315162,0.2786942858689664,0.18480380791315162,0.2689155371704249,中
2026-03-05,NY,5137.99,5102.96,35.029999999999745,143.11499999999995,0.24476819341089165,-1.4579956398038694,-1.453921608348696,-0.44444690296001993,-1.7921301607840605,overlap,5120.38,0.0,1.4804453325720826,-1.0,0.13737204346155094,0.5612332286611476,-0.25909233832931516,-2.122466457322321,1.0,0.2733466093700863,0.0,0.5082625860322105,2.3422780473879494,0.006816845501959249,H1,1.4804453325720826,1.4804453325720826,0.0,0.0,-0.25909233832931516,1.4579956398038694,-0.25909233832931516,1.7921301607840605,中
2026-03-06,NY,5131.18,5073.96,57.220000000000255,151.33999999999986,0.3780890709660388,-0.525865336621343,-0.5710281321133339,-0.542265849085398,0.13329023509266885,overlap,5104.44,0.7656413841314103,0.0,1.0,0.28809303554909144,0.7619713386927518,0.46478128716796757,2.5239426773855196,1.0,0.3770318488172357,1.0,0.5989163472974726,-0.49178608878013447,0.8833215102027123,H1,0.7656413841314103,0.7656413841314103,1.0,1.0,0.46478128716796757,0.525865336621343,-0.46478128716796757,0.13329023509266885,LVN薄
2026-03-09,NY,5112.2,5084.61,27.590000000000146,149.90699999999987,0.18404744274783813,-0.7632690343519778,-0.6350667045243784,0.9951099948726042,-0.08589028378145723,inside_VA,5094.79,1.30010873504892,0.8633562885103148,-1.0,-0.18404744274783813,-1.0,0.28437631331425584,2.828198622689389,-1.0,-0.041959348129173214,,0.5822276478083066,-0.06560347952154698,-0.3739723234505174,H1,1.30010873504892,2.163465023559235,1.0,0.0,0.28437631331425584,0.7632690343519778,0.28437631331425584,0.08589028378145723,HVN厚
2026-03-10,NY,5228.82,5178.59,50.22999999999956,154.38799999999983,0.32534912039795594,3.9715577011225336,3.3887140185673927,,3.2230049991543144,above_VA,5221.66,0.19350985466853154,0.3503882142146231,1.0,-0.32534912039795594,-1.0,-0.1871259424307553,-0.43539717300416425,-1.0,-0.8042075809000698,0.0,0.5023058786952371,-1.0035835158272006,0.6323143914585606,H1,0.3503882142146231,0.5438980688831546,0.0,0.0,0.1871259424307553,3.9715577011225336,0.1871259424307553,3.2230049991543144,
2026-03-11,NY,5196.49,5162.38,34.10999999999967,150.86799999999985,0.22609168279555444,0.03245212139943894,-0.04217271799809393,1.5932185177312075,-1.4271017024514603,inside_VA,5181.5,0.0,0.381999413661679,-1.0,-0.0982315666675486,-0.4344766930518866,-0.028501736617441646,-0.13104661389620018,-1.0,-0.019884932523795654,,0.31073521223850814,0.47288185282911677,-0.040733517829763574,H1,0.381999413661679,0.381999413661679,1.0,1.0,0.028501736617441646,0.03245212139943894,-0.028501736617441646,1.4271017024514603,HVN厚
2026-03-12,NY,5186.16,5159.34,26.81999999999971,148.64799999999977,0.1804262418599628,-1.142300835680773,-1.0511633244123462,0.5453109989359596,0.7122662558812417,overlap,5171.37,0.0,3.885906040268508,-1.0,0.5351568806845723,2.966070096942619,-0.6160863247403267,-6.932140193885238,1.0,0.10851138259512495,0.0,0.7823852322264704,-1.5846383296047897,-0.39689670391631715,H1,3.885906040268508,3.885906040268508,0.0,0.0,-0.6160863247403267,1.142300835680773,0.6160863247403267,0.7122662558812417,HVN厚
2026-03-13,NY,5121.87,5107.46,14.409999999999854,154.8039999999998,0.09308544998837157,-1.1637646942690831,-0.9773818059564321,-0.8880892340345768,0.8491431708171093,below_VA,5108.96,0.0,6.781401804302654,-1.0,0.5729826102684681,6.155447605829335,-0.5826722823699642,-13.31089521165867,1.0,0.2747991007984291,0.0,0.692036381488852,-3.0763358778626215,-1.4491109590771307,H1,6.781401804302654,6.781401804302654,0.0,0.0,-0.5826722823699642,1.1637646942690831,0.5826722823699642,0.8491431708171093,LVN薄
2026-03-16,NY,5030.19,5012.24,17.949999999999818,155.25899999999984,0.11561326557558554,-1.9154362576355706,-1.923349932935773,-0.6695852888958521,1.1421186686445515,below_VA,5021.45,0.432869080779973,2.1236768802228565,1.0,-0.11561326557558554,-1.0,-0.09661275674840115,-1.645125348189468,1.0,0.45762242446492796,0.0,0.41118389272119626,-0.7481894150418065,-0.9416572274693445,H1,2.1236768802228565,2.5565459610028296,1.0,1.0,-0.09661275674840115,1.9154362576355706,0.09661275674840115,1.1421186686445515,LVN薄
2026-03-17,NY,5023.91,5009.81,14.099999999999454,146.44199999999992,0.09628385299299014,0.5348547605617352,0.8118557042659488,1.4212082361242377,-0.24298938219064128,overlap,5012.79,0.5375886524822852,2.5666666666668023,1.0,-0.09628385299299014,-1.0,-0.06391608964641071,-1.9049645390072072,1.0,0.011676977916171845,,0.39517351579464854,-1.6113475177306413,-1.5041896176765728,H1,2.5666666666668023,3.1042553191490874,0.0,0.0,0.06391608964641071,0.5348547605617352,-0.06391608964641071,0.24298938219064128,HVN厚
2026-03-18,NY,4902.24,4834.29,67.94999999999982,115.16299999999993,0.5900332572093455,-12.365872737935442,-11.805078661327068,,-4.161521463595956,below_VA,4861.45,0.0,0.40191317144960226,-1.0,0.1358943410644013,0.23031640912435142,-0.37173397705859973,-1.4606328182486894,1.0,1.2508357719059098,0.0,0.8012121948889878,3.6272259013981136,1.4659446018738505,H1,0.40191317144960226,0.40191317144960226,0.0,0.0,-0.37173397705859973,12.365872737935442,-0.37173397705859973,4.161521463595956,
2026-03-19,NY,4617.74,4502.62,115.11999999999989,123.96499999999996,0.9286492155043756,-5.453822691138987,-5.709399581235677,,-2.513548815846984,below_VA,4576.38,0.3956740792216837,0.0,1.0,0.32226838220465315,0.34702918693537055,0.6559109426047636,1.694058373870733,1.0,3.3486871294316947,0.0,1.0032670511838013,0.839471855455173,2.231684307699235,H1,0.3956740792216837,0.3956740792216837,1.0,1.0,0.6559109426047636,5.453822691138987,0.6559109426047636,2.513548815846984,
2026-03-20,NY,4682.21,4653.73,28.480000000000473,146.04300000000003,0.19501105838691662,-0.20866739024955416,-0.13009975714417452,-0.05469561802868057,-0.8224813625644717,inside_VA,4660.19,0.0,6.193469101123473,-1.0,1.0659189416815535,5.465941011235835,-1.110152489335327,-11.931882022471639,-1.0,-0.353936854214167,1.0,1.2914689509254098,-0.3841292134830937,-0.30437987795174476,H1,6.193469101123473,6.193469101123473,1.0,0.0,-1.110152489335327,0.20866739024955416,-1.110152489335327,0.8224813625644717,中
2026-03-23,NY,4492.6,4374.51,118.09000000000015,160.68500000000003,0.7349161402744507,-3.2325344050847535,-2.878964283929927,,0.754539373268806,below_VA,4409.55,0.17198746718604002,0.19578287746633807,1.0,-0.7349161402744507,-1.0,-0.016989762578961773,-0.45279024472860613,1.0,1.5741979649625029,0.0,1.005196502473781,-0.4751460750275257,1.9323477812854832,H1,0.19578287746633807,0.3677703446523781,1.0,1.0,-0.016989762578961773,3.2325344050847535,0.016989762578961773,0.754539373268806,
2026-03-24,NY,4406.66,4357.39,49.26999999999953,186.08200000000016,0.26477574402682413,-0.07117242176082468,0.186063463517213,1.4077002899489675,-0.7316485432765988,inside_VA,4357.39,1.5695149177998917,0.11873350923483703,-1.0,-0.26477574402682413,-1.0,0.6415988650164944,3.8463568094175367,1.0,0.2585419331262542,,0.7117829773970599,0.9529125228333911,0.4043306698460078,H1,1.5695149177998917,1.6882484270347287,1.0,0.0,0.6415988650164944,0.07117242176082468,0.6415988650164944,0.7316485432765988,HVN厚
2026-03-25,NY,4571.25,4522.05,49.19999999999982,191.7970000000001,0.2565212177458448,4.996322447583554,4.367462326180592,,0.6137440526638589,above_VA,4568.91,0.16341463414634133,0.7136178861788762,1.0,-0.2565212177458448,-1.0,-0.32925436789939155,-1.662195121951202,-1.0,-0.8519945567448904,0.0,0.48149866786237694,0.31910569105692654,0.4278712782793966,H1,0.7136178861788762,0.8770325203252176,1.0,0.0,0.32925436789939155,4.996322447583554,0.32925436789939155,0.6137440526638589,
2026-03-26,NY,4453.8,4420.28,33.52000000000044,199.06700000000018,0.16838551844354116,-3.5159862097770413,-3.9193428959226533,,-0.6388662039992759,below_VA,4448.29,0.7628281622911508,2.062052505966557,1.0,-0.16838551844354116,-1.0,-0.3388306449587313,-3.3532219570405184,1.0,0.533538959244877,0.0,0.6440545143092523,0.20644391408114507,-0.2264919167912298,H1,2.062052505966557,2.824880668257708,1.0,1.0,-0.3388306449587313,3.5159862097770413,-0.3388306449587313,0.6388662039992759,
2026-03-27,NY,4445.23,4418.64,26.589999999999236,204.7130000000002,0.12988916189982663,-0.5083490699278554,-0.31223406817686494,0.614278197224271,-0.06291225817187734,inside_VA,4422.42,4.142534787514243,0.18127115456941545,-1.0,-0.12988916189982663,-1.0,0.35737837851040133,4.787138021812882,1.0,0.08831876822673651,,0.6915046919345633,0.19292967280937068,-0.6609340299850746,H1,4.142534787514243,4.323805942083658,1.0,0.0,0.35737837851040133,0.5083490699278554,0.35737837851040133,0.06291225817187734,HVN厚
2026-03-30,NY,4578.75,4559.08,19.670000000000073,210.82000000000016,0.09330234323119276,2.4179100276268457,2.4480759962080048,,1.8677816792934054,above_VA,4567.53,0.0,3.3533299440772644,-1.0,0.22744521392657138,2.4377224199288072,-0.2675268001138393,-5.8754448398576145,-1.0,-0.6310122379280886,0.0,0.38350251399298124,-4.109303507880002,-1.133618949049671,H1,3.3533299440772644,3.3533299440772644,0.0,1.0,0.2675268001138393,2.4179100276268457,0.2675268001138393,1.8677816792934054,
2026-03-31,NY,4589.87,4567.98,21.890000000000327,219.8680000000001,0.09955973584150635,1.7596235775331774,1.9210397762844156,-0.6458354911805169,0.6196611355835769,above_VA,4573.13,4.447693010506999,0.0,1.0,0.3563956555751616,3.5797167656463453,0.432532246620697,8.159433531292732,-1.0,-0.20298542762020888,0.0,0.5401877490130418,-0.861123800822214,-0.8650344356855217,H1,4.447693010506999,4.447693010506999,1.0,0.0,-0.432532246620697,1.7596235775331774,-0.432532246620697,0.6196611355835769,LVN薄
2026-04-01,NY,4753.77,4716.32,37.45000000000073,233.22400000000007,0.1605752409700576,3.3326963942138637,3.3092987528306907,,1.2570681829374604,above_VA,4736.13,1.0467289719625916,0.0,1.0,0.013034679106781303,0.0811748998664861,0.08867011971323828,1.1623497997329721,-1.0,-0.7144633485404592,0.0,0.29456659691969866,-0.45634178905206446,0.11520261902626484,H1,1.0467289719625916,1.0467289719625916,1.0,0.0,-0.08867011971323828,3.3326963942138637,-0.08867011971323828,1.2570681829374604,
2026-04-02,NY,4626.95,4580.76,46.1899999999996,225.40500000000003,0.20492003282979346,-3.9463488034779273,-3.7537959299922323,,-1.1249369694348974,below_VA,4597.62,1.5745832431262416,0.0,1.0,0.21636609658171038,1.0558562459406984,0.346487433730398,3.1117124918814163,1.0,0.571770812537433,0.0,0.503848628025113,2.7990907122754276,0.4543183055710315,H1,1.5745832431262416,1.5745832431262416,0.0,1.0,0.346487433730398,3.9463488034779273,0.346487433730398,1.1249369694348974,
2026-04-15,NY,4822.02,4808.43,13.590000000000146,213.56800000000004,0.06363312855858623,2.8694794886424817,2.7507128706068738,,0.29646298059151244,above_VA,4821.81,0.6239882266371944,1.577630610743214,1.0,-0.06363312855858623,-1.0,-0.1433267156128286,-3.535688005886724,-1.0,-0.7178509889121983,0.0,0.2037290230746189,-1.8727005150846545,-1.6046795681261585,H1,1.577630610743214,2.2016188373804084,0.0,0.0,0.1433267156128286,2.8694794886424817,0.1433267156128286,0.29646298059151244,
2026-04-16,NY,4823.0,4811.88,11.11999999999989,205.59099999999998,0.05408797077693037,0.18897502149551065,0.3089711726349853,1.1740280551957767,-0.41583935313922055,inside_VA,4815.64,0.0881294964028393,3.482913669064825,1.0,-0.05408797077693037,-1.0,-0.12432450836855895,-4.920863309352671,-1.0,-0.06391330359792174,1.0,0.24723844915390233,0.5503597122301296,-1.7434806640603293,H1,3.482913669064825,3.571043165467664,1.0,0.0,0.12432450836855895,0.18897502149551065,-0.12432450836855895,0.41583935313922055,HVN厚
2026-04-17,NY,4889.36,4815.34,74.01999999999953,168.37299999999996,0.43961917884696206,2.8360393613320127,2.8874063493081072,,6.5537986566780315,overlap,4851.6,0.0,0.0,,,,-0.11331983156444282,-0.5358011348284262,-1.0,-0.1847089497722341,,0.3256460358846184,-1.5901107808700552,1.2586963471866102,H1,0.0,0.0,0.0,,0.11331983156444282,2.8360393613320127,0.11331983156444282,6.5537986566780315,
2026-04-20,NY,4825.87,4799.13,26.73999999999978,162.7409999999999,0.16431016154503045,-0.010922042699352244,-0.3394637881990152,-0.947264241722946,2.2699915600834206,inside_VA,4824.41,0.06581899775617923,0.2367240089753171,1.0,-0.16431016154503045,-1.0,-0.023288538229456413,0.6073298429319339,-1.0,-0.18993369833047524,1.0,0.21402105185540182,-1.3462976813762264,-0.2753668044714301,H1,0.2367240089753171,0.3025430067314963,0.0,1.0,-0.023288538229456413,0.010922042699352244,0.023288538229456413,2.2699915600834206,LVN薄
2026-04-21,NY,4790.49,4761.28,29.210000000000036,157.63099999999994,0.18530618977231667,-1.059493915840274,-1.0049705695986975,-0.5513346096264923,-1.3443370359977673,overlap,4774.88,0.13248887367339562,3.176309483053736,1.0,-0.18530618977231667,-1.0,-0.3557041444893437,-3.9079082505990925,1.0,0.12446790288712181,0.0,0.798447005982324,0.5213967819239831,-0.129913571113156,H1,3.176309483053736,3.3087983567271317,1.0,1.0,-0.3557041444893437,1.059493915840274,-0.3557041444893437,1.3443370359977673,LVN薄
2026-04-22,NY,4754.35,4736.48,17.8700000000008,154.77399999999997,0.11545866876866143,-0.1832146827729218,-0.29072819609055767,-0.46023772925377787,-0.08470791641815119,inside_VA,4750.07,0.366536094012254,0.7022943480693179,1.0,-0.11545866876866143,-1.0,-0.06861617584348723,-0.6675993284834782,1.0,0.21599235013632972,0.0,0.2388644087508196,1.240626748740855,-0.8459098271042542,H1,0.7022943480693179,1.068830442081572,0.0,1.0,-0.06861617584348723,0.1832146827729218,-0.06861617584348723,0.08470791641815119,中
2026-04-23,NY,4743.15,4724.02,19.1299999999992,142.46400000000003,0.1342795372866071,-1.4735997665359322,-1.0055721655788543,-0.7642432959381747,0.8328327632313874,overlap,4727.54,0.0,3.1244119184528456,-1.0,0.2181603773584964,1.624673288029385,-0.24286837376460269,-4.2493465760587705,1.0,0.2032794249775384,0.0,0.5403470350404281,-3.1453214845793305,-0.7759647152638851,H1,3.1244119184528456,3.1244119184528456,0.0,0.0,-0.24286837376460269,1.4735997665359322,0.24286837376460269,0.8328327632313874,LVN薄
2026-04-24,NY,4711.62,4690.44,21.18000000000029,135.32700000000006,0.1565097874038461,-1.0566686824916414,-0.8206074874825479,0.6371914350036132,0.6755957648995619,overlap,4697.07,1.3545797922568514,0.02880075542963476,-1.0,-0.1565097874038461,-1.0,0.07633362152415943,0.601510859301209,1.0,0.04751453885773193,,0.37302238282087424,-0.5221907459867487,-0.6337097337435419,H1,1.3545797922568514,1.3833805476864862,1.0,0.0,0.07633362152415943,1.0566686824916414,-0.07633362152415943,0.6755957648995619,HVN厚
2026-04-27,NY,4707.89,4693.38,14.510000000000218,123.12400000000017,0.11784867288262402,0.08130741063531374,0.1167919329892356,0.9125667906930529,-0.3202199345634766,inside_VA,4699.98,0.0,1.802205375603043,-1.0,0.10948312270556881,0.9290144727774136,-0.16308761898573715,-2.858028945554827,-1.0,-0.036386082323507665,,0.28686527403268713,-2.7753273604410635,-1.25978012767432,H1,1.802205375603043,1.802205375603043,0.0,1.0,0.16308761898573715,0.08130741063531374,-0.16308761898573715,0.3202199345634766,HVN厚
2026-04-28,NY,4600.07,4570.67,29.399999999999636,116.28700000000018,0.2528227574879358,-7.277381484490057,-7.055924280719341,,-1.299465488115209,below_VA,4581.86,0.051360544217695134,0.4534013605442208,-1.0,-0.2528227574879358,-1.0,0.1257234256623687,0.7557823129251572,1.0,0.8482461496125979,0.0,0.3804380541247062,0.6210884353741648,-0.06812948938942415,H1,0.4534013605442208,0.504761904761916,1.0,0.0,0.1257234256623687,7.277381484490057,0.1257234256623687,1.299465488115209,
2026-04-29,NY,4560.0,4534.62,25.38000000000011,106.30800000000018,0.2387402641381652,-1.963222334809119,-1.7244171504112875,,-3.0712751572041013,overlap,4537.91,0.19424743892830063,0.9602048857367922,-1.0,-0.2387402641381652,-1.0,0.05267712683899946,-0.2994483845547089,1.0,0.5323211799676417,0.0,0.5143545170636283,3.8762805358550274,-0.21260723541060345,H1,0.9602048857367922,1.1544523246650928,0.0,0.0,0.05267712683899946,1.963222334809119,0.05267712683899946,3.0712751572041013,
2026-04-30,NY,4645.93,4624.66,21.270000000000437,98.45300000000024,0.21604217240714232,2.788964154070392,2.8562114562536407,,1.429954358284187,above_VA,4633.63,0.0,0.9045604137282269,-1.0,0.041034808487298034,0.18993888105312087,-0.13214427188607952,-1.3798777621062417,-1.0,-0.3771342671122263,0.0,0.2965882197596797,-1.6732487070991733,-0.5057031377749331,H1,0.9045604137282269,0.9045604137282269,0.0,1.0,0.13214427188607952,2.788964154070392,0.13214427188607952,1.429954358284187,
2026-05-01,NY,4603.27,4586.72,16.550000000000182,102.69200000000028,0.16116153157013338,-0.3254701997882393,-0.13733307279518667,-0.7232565356758874,-0.47867492185210475,inside_VA,4589.24,3.439274924471211,0.009667673716003185,-1.0,-0.16116153157013338,-1.0,0.2566899076851216,2.4900302114802826,1.0,0.27519183578078277,1.0,0.7169984029914599,3.8072507552868706,-0.9583595430550856,H1,3.439274924471211,3.448942598187214,0.0,0.0,0.2566899076851216,0.3254701997882393,0.2566899076851216,0.47867492185210475,LVN薄
2026-05-04,NY,4575.95,4557.44,18.51000000000022,100.52400000000034,0.18413513190879943,-2.0738291512958353,-1.8413225186260402,-1.1340191510973807,-1.2284153216472522,below_VA,4561.09,0.39168017287951995,3.063749324689323,-1.0,-0.18413513190879943,-1.0,-0.3768254347220562,-4.698541329011254,1.0,0.65069038239624,0.0,0.8204010982451949,4.8411669367908985,-0.6293884640485101,H1,3.063749324689323,3.455429497568843,0.0,0.0,-0.3768254347220562,2.0738291512958353,-0.3768254347220562,1.2284153216472522,LVN薄
2026-05-05,NY,4584.88,4561.81,23.06999999999971,104.69200000000028,0.22036067703358087,0.22606036076749067,0.12611378292374567,0.4177690412275427,2.629002407304403,inside_VA,4576.86,0.07455570004335832,0.4421326397919747,1.0,-0.22036067703358087,-1.0,-0.1967676613303729,-1.4811443433030127,1.0,0.33087532953807586,0.0,0.33421846941505173,-1.6337234503684865,-0.054993012800043976,H1,0.4421326397919747,0.516688339835333,0.0,0.0,0.1967676613303729,0.22606036076749067,0.1967676613303729,2.629002407304403,中
2026-05-06,NY,4692.39,4668.86,23.530000000000655,95.53600000000024,0.246294590520857,7.730992009119858,7.467416675998332,,0.7620527369055986,above_VA,4685.18,1.0667233319166491,0.0,1.0,-0.01810835705912398,-0.07352316192097003,0.057360576117898486,0.85295367615806,-1.0,-1.3678613297605087,0.0,0.40330346675598355,0.07437314067148114,0.03267428016901584,H1,1.0667233319166491,1.0667233319166491,1.0,0.0,-0.057360576117898486,7.730992009119858,-0.057360576117898486,0.7620527369055986,
2026-05-07,NY,4752.69,4731.29,21.399999999999636,107.52800000000016,0.1990179302135221,1.850123225539117,1.7751186595722392,,1.42261138281123,above_VA,4745.36,0.5649532710280538,2.0990654205607866,1.0,-0.1990179302135221,-1.0,-0.5295364928204701,-5.006542056074824,-1.0,-0.5938918235250314,0.0,0.7292054162636684,-0.4196261682242858,-0.17259806058153745,H1,2.0990654205607866,2.6640186915888404,1.0,0.0,0.5295364928204701,1.850123225539117,0.5295364928204701,1.42261138281123,
2026-05-08,NY,4732.05,4703.41,28.640000000000327,106.5420000000001,0.2688141765688677,0.3047930497470504,-0.16428699471085462,-0.4754631592605884,1.2215143272565114,overlap,4727.24,0.6057960893854489,0.04888268156423255,1.0,-0.2688141765688677,-1.0,-0.10812637269808635,-0.14036312849157023,1.0,0.09630005068423916,1.0,0.4448011112988246,0.12360335195533634,0.49318312546905807,H1,0.6057960893854489,0.6546787709496815,1.0,0.0,0.10812637269808635,0.3047930497470504,0.10812637269808635,1.2215143272565114,中
2026-05-11,NY,4735.68,4686.31,49.36999999999989,105.53999999999996,0.4677847261701716,1.0131697625600864,-0.3813121056750038,0.12366252356794369,4.049256617767406,overlap,4728.34,0.2600769698197321,0.0,1.0,-0.0050217926852440305,-0.010735264330578408,0.06452529846503215,0.9785294713388247,-1.0,-0.08375971195755305,,0.38326700776957306,-1.3974073323881255,1.7159654424118185,H1,0.2600769698197321,0.2600769698197321,0.0,0.0,-0.06452529846503215,1.0131697625600864,-0.06452529846503215,4.049256617767406,中
2026-05-12,NY,4711.61,4679.43,32.17999999999938,109.29399999999995,0.2944351931487492,-0.11388907667711687,0.0695798374609415,1.6808706907018094,-1.3641300526899063,inside_VA,4690.91,0.24052206339343815,1.2753262896209059,-1.0,-0.2944351931487492,-1.0,0.22114663202005674,1.2156619018023533,-1.0,-0.13184621296685875,1.0,0.740754295752741,0.18520820385330147,0.6663339194986171,H1,1.2753262896209059,1.515848353014344,1.0,0.0,0.22114663202005674,0.11388907667711687,0.22114663202005674,1.3641300526899063,HVN厚
2026-05-13,NY,4694.67,4676.35,18.31999999999971,108.16299999999993,0.16937400035131905,-0.6200594852402829,-0.7334843419952032,0.5912320341435501,-1.5590327761670033,inside_VA,4688.74,0.8340611353711784,0.3750000000000496,-1.0,-0.16937400035131905,-1.0,-0.000554718341757262,0.3460698689956466,1.0,0.09023418359328259,1.0,0.3741575215184516,1.4181222707423569,-0.5635698951459688,H1,0.8340611353711784,1.2090611353712282,0.0,0.0,-0.000554718341757262,0.6200594852402829,-0.000554718341757262,1.5590327761670033,HVN厚
2026-05-14,NY,4710.11,4688.05,22.05999999999949,103.89099999999999,0.21233793110086044,-0.8230330497145838,0.10295071313786307,1.1938113615070205,-0.884479049568033,overlap,4688.3,0.0,1.9791477787851706,-1.0,0.35479492930090756,1.670897552130618,-0.357201297513746,-4.341795104261236,1.0,0.09817982308380725,,0.5443204897440517,-0.5058930190389896,-0.17398780559879531,H1,1.9791477787851706,1.9791477787851706,1.0,0.0,-0.357201297513746,0.8230330497145838,-0.357201297513746,0.884479049568033,HVN厚
2026-05-15,NY,4557.58,4536.44,21.140000000000327,100.58399999999992,0.21017259206235928,-10.616490443965345,-10.749597730537152,,-1.2065549687754982,below_VA,4548.78,0.42100283822135753,1.1655629139072392,-1.0,-0.21017259206235928,-1.0,-0.1009106816193395,-0.7928098391674531,1.0,1.4387974230493952,0.0,0.5436252286645931,0.8032166508987371,-0.39541021892921085,H1,1.1655629139072392,1.5865657521285967,1.0,0.0,-0.1009106816193395,10.616490443965345,-0.1009106816193395,1.2065549687754982,
2026-05-18,NY,4576.85,4550.28,26.57000000000062,105.95299999999989,0.2507715685256731,-0.09320212084640406,-0.32379103814125404,0.35262364249081457,2.24582773219279,inside_VA,4571.98,0.27850959729015673,0.693639442980766,1.0,-0.2507715685256731,-1.0,-0.054741253197165524,0.19683853970641482,-1.0,-0.15554066425678914,,0.4945589081951402,-1.6608957470831762,0.515533619681467,H1,0.693639442980766,0.9721490402709227,0.0,1.0,-0.054741253197165524,0.09320212084640406,0.054741253197165524,2.24582773219279,中
2026-05-19,NY,4547.16,4491.09,56.06999999999971,102.63399999999983,0.5463101896057817,-2.755284164707087,-1.238580715513484,-0.6906692611096932,-3.9493752311740455,overlap,4492.12,0.0,0.46655965757089335,-1.0,0.08905430948808721,0.16301052256109105,-0.09908997018531958,-1.326021045122182,1.0,0.48112711187326024,,0.47937330709121634,0.8694489031567728,3.2328474438404826,H1,0.46655965757089335,0.46655965757089335,1.0,0.0,-0.09908997018531958,2.755284164707087,-0.09908997018531958,3.9493752311740455,LVN薄
2026-05-20,NY,4506.25,4489.41,16.840000000000146,107.77199999999985,0.15625579927996297,-1.4079249023113738,-1.1223046344599583,0.13921525879468066,0.7619331981640037,below_VA,4489.41,2.7612826603325176,1.323634204275521,-1.0,-0.15625579927996297,-1.0,0.5049549047990215,5.463182897862185,1.0,0.501892884979403,1.0,0.7945477489514923,-1.4643705463182686,-1.0299987751378155,H1,2.7612826603325176,4.084916864608038,0.0,0.0,0.5049549047990215,1.4079249023113738,-0.5049549047990215,0.7619331981640037,中
2026-05-21,NY,4518.13,4495.51,22.61999999999989,100.02199999999985,0.2261502469456712,0.23335491786449208,0.48641944688341304,0.5162351600138494,-2.360006428708914,overlap,4500.45,1.822723253757726,0.3037135278514555,-1.0,-0.2261502469456712,-1.0,0.4216072464057921,3.1653404067197486,-1.0,-0.1494671172342069,0.0,0.7070444502209459,2.8894783377542397,-0.14268069545001044,H1,1.822723253757726,2.1264367816091814,0.0,1.0,-0.4216072464057921,0.23335491786449208,0.4216072464057921,2.360006428708914,HVN厚
2026-05-22,NY,4534.35,4515.12,19.230000000000473,100.28399999999984,0.19175541462247722,-0.4307523147372169,-0.2703533824959398,-0.0448816319339661,-0.5087956207230654,inside_VA,4522.05,0.0,1.2085283411336043,-1.0,0.07089864784013088,0.3697347893915495,-0.1400023932033025,-1.7394695787831465,1.0,0.17400582346136817,0.0,0.35848191137170315,0.0795631825272386,-0.6527854394749382,H1,1.2085283411336043,1.2085283411336043,1.0,0.0,-0.1400023932033025,0.4307523147372169,-0.1400023932033025,0.5087956207230654,中
2026-05-25,NY,4571.42,4559.95,11.470000000000255,98.45299999999989,0.1165022904330012,4.0591778881443386,4.446169337526149,,-0.08773678598211755,above_VA,4561.86,0.5562336530078438,0.0,1.0,-0.005687993255669211,-0.048823016564985854,0.09141417732318985,0.9023539668701076,-1.0,-0.3693132763856837,0.0,0.1793749301697244,0.4908456843941494,-2.161250259597127,H1,0.5562336530078438,0.5562336530078438,1.0,0.0,-0.09141417732318985,4.0591778881443386,0.09141417732318985,0.08773678598211755,
2026-05-26,NY,4527.52,4500.72,26.800000000000182,95.61099999999979,0.28030247565656924,-4.977483859633244,-5.950901099323375,,-0.8249137639424211,below_VA,4522.26,0.14514925373132057,0.6764925373134323,1.0,-0.28030247565656924,-1.0,-0.15855916160274328,-0.5238805970149544,1.0,0.4836263609835676,0.0,0.5106107037893111,0.6999999999999356,0.3595462937614761,H1,0.6764925373134323,0.8216417910447529,1.0,1.0,-0.15855916160274328,4.977483859633244,-0.15855916160274328,0.8249137639424211,
2026-05-27,NY,4460.26,4401.46,58.80000000000018,91.8529999999998,0.640153288406479,-6.192158687050054,-4.8761000736609175,,-3.1051217934636335,below_VA,4405.14,0.0,0.0,,,,0.5544729077983245,0.8574829931972465,1.0,1.288580666935211,0.0,0.5908353564935239,0.7020408163265086,2.573545950029846,H1,0.0,0.0,1.0,,0.5544729077983245,6.192158687050054,0.5544729077983245,3.1051217934636335,
2026-05-28,NY,4439.08,4384.08,55.0,99.83999999999969,0.5508814102564119,-1.2545178600032072,-1.7563428527730363,0.30232010895405187,0.8748376993776923,overlap,4428.58,1.4087272727272813,0.0,1.0,0.5737179487179479,1.0414545454545407,0.6788862179487175,3.0829090909090815,1.0,0.22956730769230912,1.0,0.9843750000000097,-0.7665454545454519,1.966463744767018,H1,1.4087272727272813,1.4087272727272813,1.0,1.0,0.6788862179487175,1.2545178600032072,-0.6788862179487175,0.8748376993776923,中
2026-05-29,NY,4529.2,4512.79,16.409999999999854,107.40399999999973,0.1527876056757653,2.3398896872206345,2.175003962097076,,0.986890118708062,above_VA,4528.04,4.029859841560067,0.0,1.0,0.11191389519943826,0.73248019500308,0.12271423783099628,2.46496039000616,-1.0,-1.280585453055755,0.0,0.6784663513463193,-0.7915904936014563,-0.9942037025465736,H1,4.029859841560067,4.029859841560067,1.0,0.0,-0.12271423783099628,2.3398896872206345,-0.12271423783099628,0.986890118708062,
2026-06-01,NY,4510.5,4462.48,48.02000000000044,102.67199999999976,0.46770297646876025,-2.689428937067084,-1.8259542201191348,,-3.44599212120011,overlap,4465.02,0.0,0.306747188671375,-1.0,-0.21018388655135664,-0.4493960849646114,0.1854449119526259,-0.10120783007077715,1.0,0.4819230169861275,0.0,0.46468365279725876,0.5835068721366136,1.3987269178373916,H2,0.306747188671375,0.306747188671375,1.0,0.0,0.1854449119526259,2.689428937067084,0.1854449119526259,3.44599212120011,
2026-06-02,NY,4533.62,4509.97,23.649999999999636,102.11299999999983,0.2316061618011387,0.4202797221737275,0.8657705410930472,0.9607889082334605,0.24138083237830418,inside_VA,4510.68,0.0,1.3205073995772074,-1.0,0.21280346283039878,0.9188160676533111,-0.21975654422062368,-2.837632135306622,-1.0,-0.0996934768344903,1.0,0.3497106147111543,-2.9847780126850414,-0.27595246734792744,H2,1.3205073995772074,1.3205073995772074,0.0,1.0,0.21975654422062368,0.4202797221737275,0.21975654422062368,0.24138083237830418,HVN厚
2026-06-03,NY,4467.26,4445.84,21.420000000000073,97.53399999999984,0.21961572374761734,-2.739418415670942,-2.3446428056045168,,-1.3865437315966374,below_VA,4448.64,0.0,0.9075630252101047,-1.0,0.12149609366990366,0.5532212885154213,-0.15020403141469202,-2.1064425770308426,1.0,0.3881723296491453,0.0,0.34059917567207654,0.18207282913163506,-0.4929109666354929,H2,0.9075630252101047,0.9075630252101047,1.0,0.0,-0.15020403141469202,2.739418415670942,-0.15020403141469202,1.3865437315966374,
2026-06-04,NY,4511.03,4497.07,13.960000000000036,94.6579999999999,0.1474782902660108,2.884003620868532,2.846899879434206,,2.129235668331675,above_VA,4504.63,0.3173352435530286,2.848137535816562,1.0,-0.1474782902660108,-1.0,-0.306471719241905,-4.073065902578698,-1.0,-0.4873333474191316,1.0,0.6143168036510352,-5.236389684813636,-1.402242146959762,H2,2.848137535816562,3.165472779369591,0.0,0.0,0.306471719241905,2.884003620868532,0.306471719241905,2.129235668331675,
2026-06-05,NY,4465.73,4400.07,65.65999999999985,95.59399999999997,0.6868631922505584,-3.7809675065611232,-2.2363164432396125,,-4.416450872812405,overlap,4405.13,0.0,1.3441973804447076,-1.0,0.7543360461953648,1.0982333231800157,-0.8072682385923813,-3.1964666463600313,1.0,0.6524468062849124,0.0,1.0222398895328093,0.9625342674383318,1.893662499073976,H2,1.3441973804447076,1.3441973804447076,1.0,0.0,-0.8072682385923813,3.7809675065611232,-0.8072682385923813,4.416450872812405,
2026-06-08,NY,4339.39,4321.46,17.93000000000029,107.15199999999996,0.16733238763625782,-1.4316349504276884,-1.4474597043560142,-0.05082262977354387,1.098945092906552,below_VA,4331.29,0.40658114891242864,0.3446737311768093,1.0,-0.16733238763625782,-1.0,-0.0132522024787225,-0.06190741773567005,1.0,1.243187248021503,0.0,0.2930416604449806,-0.2147239263803849,-0.8002549195426815,H2,0.40658114891242864,0.7512548800892379,1.0,1.0,-0.0132522024787225,1.4316349504276884,0.0132522024787225,1.098945092906552,中
2026-06-09,NY,4345.49,4330.25,15.239999999999782,108.43600000000006,0.1405437308642865,0.7358143620194062,1.117621050497132,1.6671586612508433,-0.14103505837298938,overlap,4330.9,1.1784776902887333,6.141732283464679,-1.0,-0.1405437308642865,-1.0,-0.65070640746615,-10.174540682414811,-1.0,-0.02213287100224681,1.0,1.1693533512855518,-0.7047244094488146,-1.0350085159039486,H2,6.141732283464679,7.320209973753412,1.0,1.0,0.65070640746615,0.7358143620194062,-0.65070640746615,0.14103505837298938,HVN厚
2026-06-10,NY,4173.88,4133.07,40.8100000000004,111.35900000000011,0.36647240007543497,-4.884490581975903,-4.775149012742858,,-1.5352709423713844,below_VA,4149.91,0.304092134280807,1.615290370007326,1.0,-0.36647240007543497,-1.0,-0.7130990759615278,-4.066405292820365,1.0,1.639651936529602,0.0,1.069873113084706,0.9813771134525577,0.9301061055502704,H2,1.615290370007326,1.919382504288133,1.0,1.0,-0.7130990759615278,4.884490581975903,-0.7130990759615278,1.5352709423713844,
2026-06-11,NY,4086.18,4057.63,28.549999999999727,116.95400000000014,0.24411307009593253,-2.1696648236057356,-2.255223098862088,-0.9357122940216825,-0.05980098393053699,below_VA,4075.45,4.68896672504384,0.16427320490368125,1.0,-0.24411307009593253,-1.0,1.162422832908662,9.771978984238265,1.0,0.8383638011525905,1.0,1.4288523693075905,0.8122591943958225,0.17276450632790247,H2,4.68896672504384,4.853239929947521,1.0,1.0,1.162422832908662,2.1696648236057356,1.162422832908662,0.05980098393053699,LVN薄
2026-06-12,NY,4206.72,4186.6,20.11999999999989,121.56400000000012,0.16550952584646664,2.6605931077217417,2.5067527799453977,-0.7386714741576315,-0.08756812018195272,above_VA,4202.91,1.4348906560636205,0.4681908548707815,1.0,-0.16550952584646664,-1.0,0.12947912210851706,2.1858846918488966,-1.0,-0.982280938435719,0.0,0.48048764436839686,1.7733598409542983,-0.511178163156542,H2,1.4348906560636205,1.9030815109344021,0.0,0.0,-0.12947912210851706,2.6605931077217417,0.12947912210851706,0.08756812018195272,LVN薄
2026-06-15,NY,4355.9,4335.24,20.659999999999854,118.54600000000009,0.1742783392100943,8.820609404819743,8.354331615776783,,1.9961576136913384,above_VA,4353.34,0.6437560503388323,1.3920619554695266,1.0,-0.1742783392100943,-1.0,-0.3759721964469461,-3.562439496611765,-1.0,-1.1711909301030827,0.0,0.5290773201963812,-1.9428848015488722,-0.4555318499975943,H2,1.3920619554695266,2.035818005808359,0.0,0.0,0.3759721964469461,8.820609404819743,0.3759721964469461,1.9961576136913384,
2026-06-16,NY,4354.89,4333.26,21.63000000000011,123.77000000000007,0.1747596348064967,0.5218419840241988,0.9100194332199719,1.572484831869745,0.7549728070092565,overlap,4335.14,0.0,0.923717059639407,-1.0,0.018582855296115218,0.10633379565419188,-0.03377231962511343,-1.2126675913084257,-1.0,-0.07788640219762723,1.0,0.27244081764563494,-0.33055940822937674,-0.3437562583172301,H2,0.923717059639407,0.923717059639407,1.0,1.0,0.03377231962511343,0.5218419840241988,0.03377231962511343,0.7549728070092565,HVN厚
2026-06-17,NY,4338.35,4323.68,14.670000000000073,120.81000000000013,0.12143034517010229,0.47472519800234547,0.09980492486371126,0.32387228351006797,0.733952968474045,inside_VA,4335.48,2.997273346966539,7.128152692569877,1.0,-0.12143034517010229,-1.0,-0.6458074662693439,-10.027948193592355,1.0,0.04155285158513725,1.0,1.350964324145351,-0.0702113156101329,-1.0410755200768311,H2,7.128152692569877,10.125426039536416,1.0,0.0,0.6458074662693439,0.47472519800234547,0.6458074662693439,0.733952968474045,中
2026-06-18,NY,4263.36,4241.11,22.25,130.0960000000001,0.17102754888697566,-1.4533127182808379,-1.7454886431447663,-0.3419573027839244,-1.0236292438350398,below_VA,4263.26,0.6008988764044895,1.7761797752808777,1.0,-0.17102754888697566,-1.0,-0.42361025704095856,-3.9626966292134864,1.0,0.5168490960521441,0.0,0.577573484196281,1.4620224719101418,-0.19769657974991386,H2,1.7761797752808777,2.377078651685367,0.0,1.0,-0.42361025704095856,1.4533127182808379,-0.42361025704095856,1.0236292438350398,中
2026-06-19,NY,4182.95,4147.41,35.539999999999964,133.77900000000008,0.26566202468249833,-3.0303346176030814,-2.9965446724230347,,-0.012610521247127337,below_VA,4164.01,0.0,0.1333708497467582,-1.0,-0.060996120467336795,-0.22960045019695732,-0.06308912460102485,-0.540799099606111,1.0,0.7810642926019757,0.0,0.1894916242459605,-0.7698368036015929,0.7218581256029311,H2,0.1333708497467582,0.1333708497467582,1.0,0.0,-0.06308912460102485,3.0303346176030814,-0.06308912460102485,0.012610521247127337,
2026-06-22,NY,4208.85,4185.45,23.400000000000546,125.95300000000016,0.18578358594079153,1.1929061981514115,1.6953280401833137,0.1260601432967632,0.10318188160421726,above_VA,4186.99,0.08247863247860412,0.6675213675213473,-1.0,-0.18578358594079153,-1.0,0.042476161742875176,-0.41111111111105797,-1.0,-0.2817717720101922,0.0,0.32512127539637614,-0.6538461538461076,-0.15654974413595302,H2,0.6675213675213473,0.7499999999999514,1.0,1.0,-0.042476161742875176,1.1929061981514115,-0.042476161742875176,0.10318188160421726,中
2026-06-23,NY,4122.62,4105.41,17.210000000000036,125.92100000000019,0.13667299338474131,-3.9399578594749016,-4.046181396013934,,-0.8150964615472625,below_VA,4115.93,1.3067983730389154,0.0,1.0,-0.10284225824127666,-0.7524694944799414,-0.049713709389221886,-0.5049389889598299,1.0,0.5842552076301776,0.0,0.29867933069146224,0.9860546194073869,-0.8840917076113571,H2,1.3067983730389154,1.3067983730389154,1.0,1.0,-0.049713709389221886,3.9399578594749016,-0.049713709389221886,0.8150964615472625,
2026-06-24,NY,4020.84,3964.59,56.25,123.9900000000002,0.453665618195015,-6.415893044527347,-5.723502870680458,,-4.36954062019995,below_VA,3975.51,0.3779555555555513,0.09493333333333592,1.0,-0.453665618195015,-1.0,0.20574239858052845,0.29528888888888305,1.0,1.1854988305508474,0.0,0.6681990483103458,3.2634666666666616,1.6052996659645637,H2,0.3779555555555513,0.47288888888888725,0.0,1.0,0.20574239858052845,6.415893044527347,0.20574239858052845,4.36954062019995,
2026-06-25,NY,4034.06,3983.87,50.190000000000055,120.24300000000021,0.41740475537037475,-0.4059276304381138,-0.7214380572319902,-0.2915608476887311,3.1885279426029336,overlap,4022.15,0.20263000597728753,0.0,1.0,-0.06129254925442544,-0.1468420003984834,0.03775687566012122,0.7063159992030241,1.0,0.5185333033939589,0.0,0.37424215962675517,-0.7756525204223998,1.387222874800525,H2,0.20263000597728753,0.20263000597728753,1.0,1.0,0.03775687566012122,0.4059276304381138,-0.03775687566012122,3.1885279426029336,中
2026-06-26,NY,4066.03,4035.88,30.15000000000009,108.6780000000002,0.2774250538287421,2.6154629638529134,2.3167125366842107,,2.0392683917718184,above_VA,4057.15,0.9946932006633548,0.0,1.0,0.20197280038278012,0.728026533996675,0.28368206996816164,2.456053067993365,-1.0,-0.6224810909291666,0.0,0.4690921805701281,-1.9538971807628416,0.3489971095464596,H2,0.9946932006633548,0.9946932006633548,0.0,0.0,-0.28368206996816164,2.6154629638529134,-0.28368206996816164,2.0392683917718184,
2026-06-29,NY,4051.75,4037.65,14.099999999999909,112.3640000000003,0.12548503079277945,-0.13296091936465743,0.09636267773594255,-0.6889684879153656,-1.437325163188168,inside_VA,4038.09,0.0,2.6156028368794573,-1.0,0.18982948275248185,1.512765957446813,-0.19374532768502298,-4.025531914893594,-1.0,-0.14764515325193212,1.0,0.38980456373927647,2.5248226950355033,-1.3378295672761684,H2,2.6156028368794573,2.6156028368794573,0.0,0.0,-0.19374532768502298,0.13296091936465743,-0.19374532768502298,1.437325163188168,LVN薄
2026-06-30,NY,4033.38,4008.71,24.670000000000073,106.0720000000003,0.23257787163436158,-1.1775808859987955,-1.3199706409405643,0.3876494826440905,1.0024003263784675,overlap,4023.76,1.2164572355087018,0.09323064450750608,1.0,-0.23257787163436158,-1.0,-0.15659174900067954,-1.1264693960275591,1.0,0.3652236216909238,1.0,0.5371822912738504,0.6043777867855619,-0.007181264086610628,H2,1.2164572355087018,1.309687880016208,1.0,1.0,-0.15659174900067954,1.1775808859987955,0.15659174900067954,1.0024003263784675,中
2026-07-01,NY,4047.24,4012.91,34.32999999999993,113.2380000000002,0.30316678146911696,1.4178550210320824,0.801107979382207,-0.7093006044723327,2.9191404188351515,inside_VA,4046.75,1.9921351587532907,0.0,1.0,-0.1397057524859118,-0.4608214389746502,-0.13537858316112877,0.07835712205069953,-1.0,-0.1611649799537255,,0.7685582578286445,-3.0046606466647203,0.7009619704773062,H2,1.9921351587532907,1.9921351587532907,0.0,0.0,0.13537858316112877,1.4178550210320824,0.13537858316112877,2.9191404188351515,LVN薄
2026-07-02,NY,4140.53,4064.87,75.65999999999985,112.46300000000019,0.6727545948445242,1.9530075956593842,1.7192023021687803,-1.3095951956573477,4.398811515657821,above_VA,4113.11,0.04639175257732256,0.0,1.0,-0.14733734650506994,-0.21900607983081868,0.09647617438624566,0.5619878403383627,-1.0,-1.1969269893209273,0.0,0.38812765087183837,-0.9569125033042529,2.3337614347343227,H2,0.04639175257732256,0.04639175257732256,1.0,0.0,-0.09647617438624566,1.9530075956593842,-0.09647617438624566,4.398811515657821,LVN薄
2026-07-03,NY,4179.32,4164.55,14.769999999999527,110.96200000000022,0.1331086317838494,2.666885221125187,2.677798505608949,,0.1965932599138003,above_VA,4171.59,0.0,0.6174678402166678,-1.0,-0.09363565905444564,-0.7034529451590894,0.03019051567202689,0.4069058903182404,-1.0,-0.9470809826787544,0.0,0.18934409978190073,0.8889641164523655,-1.240320882631973,H2,0.6174678402166678,0.6174678402166678,1.0,1.0,-0.03019051567202689,2.666885221125187,-0.03019051567202689,0.1965932599138003,
2026-07-06,NY,4148.71,4131.52,17.1899999999996,109.23800000000014,0.1573628224610445,-1.4367887350481188,-1.5606719058628982,-0.8259043319134854,-1.545488248595905,below_VA,4142.32,1.094240837696384,0.17510180337407147,1.0,-0.1573628224610445,-1.0,0.2005712297918291,2.8057009889471023,1.0,0.33120342737875325,0.0,0.35711016313004784,1.7899941826644068,-0.8334844911220778,H2,1.094240837696384,1.2693426410704554,0.0,1.0,0.2005712297918291,1.4367887350481188,0.2005712297918291,1.545488248595905,LVN薄
2026-07-07,NY,4178.32,4160.15,18.170000000000073,108.22900000000004,0.16788476286392803,0.25531962203413644,0.42332008200881194,-0.28101589167005514,2.0159906352706676,overlap,4166.3,0.11722619702807378,3.734727572922367,1.0,-0.16788476286392803,-1.0,-0.5510537841059263,-6.887727022564619,-1.0,-0.09978841160872019,1.0,0.8145691080948713,-4.043478260869513,-0.711040267963692,H2,3.734727572922367,3.8519537699504407,0.0,0.0,0.5510537841059263,0.25531962203413644,0.5510537841059263,2.0159906352706676,中
2026-07-08,NY,4086.44,4065.41,21.0300000000002,106.296,0.19784375705577067,-4.059335870544132,-3.547797524665409,,-0.9942667693067326,below_VA,4066.74,0.24346172135044422,2.0746552543984422,-1.0,-0.19784375705577067,-1.0,0.10085045533228205,0.1459819305753533,1.0,0.6186498080830908,0.0,0.6564687288326911,-0.4208273894436652,-0.4335243141233284,H2,2.0746552543984422,2.3181169757488864,1.0,0.0,0.10085045533228205,4.059335870544132,0.10085045533228205,0.9942667693067326,
2026-07-09,NY,4127.18,4106.78,20.400000000000546,101.94599999999996,0.20010593843800203,1.4981426205952388,1.1878757358893666,1.2223133867573617,2.1774348511180577,above_VA,4126.03,0.5294117647058325,0.0,1.0,-0.031879622545269076,-0.15931372549019182,-0.020599140721553128,0.6813725490196609,-1.0,-0.5348910207364661,0.0,0.23247601671472964,-0.9294117647058147,-0.4375880381456133,H2,0.5294117647058325,0.5294117647058325,1.0,0.0,0.020599140721553128,1.4981426205952388,0.020599140721553128,2.1774348511180577,HVN厚
2026-07-10,NY,4107.05,4085.71,21.340000000000146,102.25699999999988,0.20868986964217776,-0.5122575827822674,-0.13079007262125508,-1.2922327220061252,-2.9377333076233643,inside_VA,4087.37,0.6499531396438517,0.5670103092783424,1.0,-0.20868986964217776,-1.0,0.3176310668218363,2.1996251171508994,1.0,0.1968569388892705,1.0,0.4626578131570455,0.7610121836925806,-0.30328854177887765,H2,0.6499531396438517,1.216963448922194,1.0,1.0,0.3176310668218363,0.5122575827822674,0.3176310668218363,2.9377333076233643,LVN薄
2026-07-13,NY,4067.63,4058.62,9.010000000000218,97.08599999999979,0.09280431782131551,-4.119650716961636,-4.044894981659487,,-0.5146687949271497,below_VA,4062.28,0.0,7.993340732519227,-1.0,0.5831942813587955,6.284128745837793,-0.6208928166780002,-13.568257491675586,1.0,0.4348721751848865,0.0,0.7973343221473794,-1.0266370699222838,-2.174056384794176,H2,7.993340732519227,7.993340732519227,0.0,0.0,-0.6208928166780002,4.119650716961636,-0.6208928166780002,0.5146687949271497,
2026-07-14,NY,4103.23,4029.97,73.25999999999976,101.64799999999983,0.7207224933102461,1.0842772759846382,0.5892266341715436,0.12795043875098347,5.69995533522818,overlap,4081.52,0.0,0.0,,,,-0.28401936093184266,-0.38083538083536467,-1.0,-0.22646781048323647,,0.5666614198016731,-1.1766311766311655,2.2023676573918434,H2,0.0,0.0,0.0,,0.28401936093184266,1.0842772759846382,0.28401936093184266,5.69995533522818,中
2026-07-15,NY,4074.07,4039.52,34.55000000000018,101.55399999999982,0.3402130886031101,0.512720841685517,0.5386490651702065,0.3806469233941882,1.8932931957484642,overlap,4055.99,0.20636758321272408,0.3638205499276439,-1.0,-0.3402130886031101,-1.0,0.039486381629480136,0.18552821997105126,-1.0,-0.3199283140004317,0.0,0.5341985544636361,-1.348480463096958,0.5574252567475487,H2,0.3638205499276439,0.570188133140368,0.0,1.0,-0.039486381629480136,0.512720841685517,-0.039486381629480136,1.8932931957484642,中
2026-07-16,NY,4029.61,3973.73,55.88000000000011,92.38599999999978,0.6048535492390648,-2.7095021385659015,-2.978922302730501,,-2.7091377884722174,overlap,4005.62,0.0,0.07963493199713331,-1.0,-0.029441690299393915,-0.04867573371510012,-0.31574048015933304,-0.9026485325697997,1.0,0.30177732556881104,0.0,0.5155543047647887,1.1392269148174612,1.3480192374083813,H2,0.07963493199713331,0.07963493199713331,0.0,0.0,-0.31574048015933304,2.7095021385659015,-0.31574048015933304,2.7091377884722174,
2026-07-17,NY,3988.32,3959.69,28.63000000000011,90.80499999999975,0.3152910082043961,-1.9505737472776066,-1.715108113597132,,-2.6794779228023557,below_VA,3968.3,1.2375130981487845,0.0,1.0,0.3305985353229455,1.048550471533352,0.5510709762678278,3.097100943066704,1.0,0.71802213534497,0.0,0.6604261879852427,1.501571777855383,0.07166246099371766,H2,1.2375130981487845,1.2375130981487845,0.0,1.0,0.5510709762678278,1.9505737472776066,0.5510709762678278,2.6794779228023557,
2026-07-20,NY,4015.68,4006.6,9.079999999999927,89.78699999999976,0.10112822568968727,1.0810292609882663,1.2649948260680053,0.08070820236720833,-0.34036620325460265,overlap,4008.62,0.4273127753304119,0.9096916299559283,1.0,-0.10112822568968727,-1.0,0.0,-0.5550660792951546,-1.0,-0.1461236036397243,0.0,0.2363371089355904,-0.8017621145374233,-1.8845467996182863,H2,0.9096916299559283,1.3370044052863403,1.0,0.0,-0.0,1.0810292609882663,0.0,0.34036620325460265,中
2026-07-21,NY,4063.77,4050.31,13.460000000000036,88.15399999999981,0.15268734260498748,3.960805696119791,4.572201154752441,,0.24060043486649021,above_VA,4050.97,1.7280832095096699,0.430906389301613,-1.0,-0.15268734260498748,-1.0,0.30458062027815436,3.0876671619613885,-1.0,-0.49311432266261196,0.0,0.48233772715929024,1.8514115898959884,-1.0381815492415316,H2,1.7280832095096699,2.158989598811283,0.0,1.0,-0.30458062027815436,3.960805696119791,-0.30458062027815436,0.24060043486649021,
2026-07-22,NY,4135.0,4106.74,28.26000000000022,88.06099999999984,0.32091391194740315,3.3653186352132245,2.8909220597385157,,1.0948652979324436,above_VA,4131.8,1.099433828733173,0.0,1.0,-0.057460169655130074,-0.17905166312810902,-0.021121722442404532,0.6418966737437819,-1.0,-0.7074641441727927,0.0,0.4284530041675615,-0.026185421089871763,0.15484668933466036,H2,1.099433828733173,1.099433828733173,1.0,0.0,0.021121722442404532,3.3653186352132245,0.021121722442404532,1.0948652979324436,
2026-07-23,NY,4075.02,4040.67,34.34999999999991,85.76399999999981,0.400517699734154,-3.3765315571757135,-3.4303248154231505,,-2.9651631455536505,below_VA,4058.9,0.0,0.014556040756914157,-1.0,-0.09817639102653901,-0.24512372634643653,-0.11438365747866198,-0.5097525473071401,1.0,0.718250081619328,0.0,0.31796557996362157,-0.544104803493466,0.5349848449453903,H2,0.014556040756914157,0.014556040756914157,1.0,0.0,-0.11438365747866198,3.3765315571757135,-0.11438365747866198,2.9651631455536505,
2026-07-24,NY,4059.64,4044.71,14.929999999999836,87.48099999999985,0.17066563025113865,-1.3940697670861177,-1.2169353799068021,1.5377205768635378,0.25117462043926775,inside_VA,4046.42,1.5070328198258705,0.0,1.0,-0.07670236965741187,-0.4494306764902954,0.07441615893736668,0.10113864701937879,1.0,0.023776591488436697,,0.426606920359847,-0.49229738780980875,-0.8125619011201615,H2,1.5070328198258705,1.5070328198258705,1.0,1.0,0.07441615893736668,1.3940697670861177,-0.07441615893736668,0.25117462043926775,HVN厚
2026-07-27,NY,4089.07,4076.04,13.0300000000002,87.37199999999989,0.14913244517694704,1.8356967279347207,2.2944256557743485,-0.9884390909437445,-2.7711031397732704,above_VA,4076.24,0.37375287797389223,0.8173445894090504,-1.0,-0.14913244517694704,-1.0,0.005493750858398787,-0.8956254796623794,-1.0,-0.31749301835828203,0.0,0.3267637229318342,0.9125095932462959,-0.9699670852188637,H2,0.8173445894090504,1.1910974673829426,1.0,1.0,-0.005493750858398787,1.8356967279347207,0.005493750858398787,2.7711031397732704,LVN薄
2026-07-28,NY,4038.17,4026.08,12.090000000000146,80.37399999999984,0.150421778186978,-5.903194132190428,-5.602678034953995,,-1.087506272755481,below_VA,4029.02,0.7361455748552509,1.197684036393701,-1.0,-0.150421778186978,-1.0,-0.00398138701570364,-0.5665839536807511,1.0,0.7400403115435357,0.0,0.44131186702167774,-0.9305210918114032,-1.080626247444051,H2,1.197684036393701,1.9338296112489517,1.0,0.0,-0.00398138701570364,5.903194132190428,-0.00398138701570364,1.087506272755481,
2026-07-29,NY,4026.41,4009.27,17.139999999999873,75.4829999999999,0.22707099611832987,-1.681386804435518,-1.4611548099620333,-1.0187232086453373,-1.721547111438646,overlap,4014.54,5.250875145857682,0.774212368728126,-1.0,-0.22707099611832987,-1.0,0.683200190771435,5.632438739790005,1.0,0.15844627267066824,1.0,1.5951936197554417,1.0105017502917057,-0.43583392674451565,H2,5.250875145857682,6.025087514585808,0.0,0.0,0.683200190771435,1.681386804435518,0.683200190771435,1.721547111438646,LVN薄
2026-07-30,NY,4086.78,4065.17,21.610000000000127,81.14599999999992,0.2663101077070977,1.4118048813584025,1.2526956088059262,-0.341252744417652,0.8803591123666696,above_VA,4080.31,1.5465062471077937,0.0,1.0,0.19865427747516148,0.7459509486348608,0.2783871047248135,2.4919018972697007,-1.0,-0.6631257240036478,0.0,0.5575136174303087,0.048588616381270995,-0.009884277821278724,H2,1.5465062471077937,1.5465062471077937,1.0,0.0,-0.2783871047248135,1.4118048813584025,-0.2783871047248135,0.8803591123666696,中
2026-07-31,NY,4051.58,4034.78,16.799999999999727,80.57299999999995,0.20850657168033632,-1.5717137307588191,-1.5482414013207888,-0.7427805935731739,-1.9778558579136274,below_VA,4042.64,0.2357142857142917,0.8130952380952697,-1.0,-0.20850657168033632,-1.0,0.014520993384881704,0.07499999999996007,1.0,0.42024003077954336,0.0,0.42719024983555404,1.109523809523793,-0.3573667822687919,H2,0.8130952380952697,1.0488095238095614,0.0,0.0,0.014520993384881704,1.5717137307588191,0.014520993384881704,1.9778558579136274,LVN薄
2026-08-03,NY,4053.55,4031.59,21.960000000000036,83.22899999999996,0.2638503406264649,-1.311914232320089,-0.9343318476389224,-0.5633910986100599,-3.5120822347654164,inside_VA,4034.23,0.21220400728596753,0.566939890710394,-1.0,-0.2638503406264649,-1.0,0.2499128909394585,1.1347905282331525,1.0,0.21951483257037802,,0.4694277235098365,1.1775956284152838,0.12180870209959994,H2,0.566939890710394,0.7791438979963615,0.0,0.0,0.2499128909394585,1.311914232320089,0.2499128909394585,3.5120822347654164,LVN薄
2026-08-04,NY,4091.16,4061.36,29.799999999999727,83.96299999999997,0.3549182377952162,1.9057594966288225,1.7243983625904284,-0.9442339709246506,2.5005320995486793,overlap,4078.61,0.5104026845637643,0.0,1.0,-0.1591177066088596,-0.4483221476509998,-0.009647106463560685,0.10335570469798508,-1.0,-0.2752402844109922,0.0,0.3810011552707716,-0.9906040268456613,0.6632002289540017,H2,0.5104026845637643,0.5104026845637643,1.0,0.0,0.009647106463560685,1.9057594966288225,0.009647106463560685,2.5005320995486793,LVN薄
2026-08-05,NY,4208.97,4183.24,25.730000000000473,81.61699999999996,0.3152529497531211,9.118395399911185,9.050223989783925,,1.4788570049391416,above_VA,4197.06,2.2829382044305753,0.0,1.0,0.456522538196691,1.4481150408083414,0.6024480194077114,3.896230081616718,-1.0,-1.660928483036628,0.0,0.9558057757575046,-2.223474543334554,0.34337034843481656,H2,2.2829382044305753,2.2829382044305753,0.0,0.0,-0.6024480194077114,9.118395399911185,-0.6024480194077114,1.4788570049391416,
2026-08-06,NY,4270.77,4230.76,40.01000000000022,92.91300000000001,0.4306178898539517,1.209856340134004,1.2634135930992074,2.3364189487209086,-1.717882514196209,overlap,4247.7,0.11297175706072238,0.1832041989502596,1.0,-0.4306178898539517,-1.0,-0.07996728122005942,-0.5246188452886695,-1.0,-0.8631730758881945,0.0,0.5581565550568776,0.6865783554111271,1.1296450843714865,H2,0.1832041989502596,0.296175956010982,1.0,0.0,0.07996728122005942,1.209856340134004,-0.07996728122005942,1.717882514196209,HVN厚
2026-08-07,NY,4371.83,4310.55,61.279999999999745,90.89399999999996,0.67419191585803,5.539485269699608,4.64256742869092,,2.722492521140955,above_VA,4356.38,0.0,0.0,,,,-0.16568750412568933,0.004242819843315933,-1.0,-1.0108478007349235,0.0,0.4457940018042945,0.042754569190584076,1.7909489329400567,H2,0.0,0.0,1.0,,0.16568750412568933,5.539485269699608,0.16568750412568933,2.722492521140955,
2026-08-10,NY,4337.85,4326.02,11.829999999999927,99.09200000000001,0.11938400678157597,0.7032079310215191,0.6210350335306158,1.7934882004070352,-0.25571942053916297,inside_VA,4335.19,4.849535080304332,0.7836010143702868,1.0,-0.11938400678157597,-1.0,0.5447462963710539,9.676246830092989,1.0,0.07376983005692084,1.0,0.791890364509751,0.602704987320308,-1.127791664828691,H2,4.849535080304332,5.633136094674619,1.0,0.0,-0.5447462963710539,0.7032079310215191,0.5447462963710539,0.25571942053916297,HVN厚
2026-08-11,NY,4401.04,4388.82,12.220000000000255,100.94200000000005,0.12105961839472418,3.025191700949633,2.852312763481076,,0.12411043250867376,above_VA,4398.0,0.26186579378066704,2.331423895253616,1.0,-0.12105961839472418,-1.0,-0.2979929068177757,-4.420621931260173,-1.0,-0.6191674426898612,0.0,0.43500227853618745,-4.1620294599017615,-1.133865450177053,H2,2.331423895253616,2.5932896890342834,0.0,0.0,0.2979929068177757,3.025191700949633,0.2979929068177757,0.12411043250867376,
2026-08-12,NY,4441.2,4383.27,57.92999999999938,101.70499999999997,0.5695885158055101,1.4266395784752504,1.1013362540243536,0.21381030963055392,1.3377288260136715,overlap,4418.51,0.0,0.0,,,,-0.09488225750946903,-0.11651993785606579,-1.0,-0.481883879848584,0.0,0.4271176441669586,-0.1289487312273648,1.8028217104720878,H2,0.0,0.0,1.0,,0.09488225750946903,1.4266395784752504,0.09488225750946903,1.3377288260136715,中
2026-08-13,NY,4402.0,4380.78,21.220000000000255,97.54099999999994,0.21754954326898707,-1.2878010777188655,-0.9219654839702479,-0.5470518456584357,-0.793179620760727,overlap,4385.3,0.0,1.7441093308199276,-1.0,0.3108436452363594,1.4288407163053414,-0.35718313324653395,-3.85768143261064,1.0,0.23784869952122525,0.0,0.47292933228077655,-0.6493873704052154,-0.08927099442359607,H2,1.7441093308199276,1.7441093308199276,1.0,0.0,-0.35718313324653395,1.2878010777188655,-0.35718313324653395,0.793179620760727,LVN薄
2026-08-14,NY,4386.91,4370.28,16.63000000000011,98.96799999999993,0.16803411203621493,-0.1746602135272358,-0.4273349652516867,2.0115934519554184,2.6394859035148666,inside_VA,4384.5,0.6073361395069331,0.0,1.0,-0.11347102093605581,-0.6752856283824107,-0.08911971546358131,-0.3505712567647667,0.0,0.0,,0.26321639317759477,-0.251954299458729,-0.4611183376755835,H2,0.6073361395069331,0.6073361395069331,1.0,1.0,-0.08911971546358131,0.1746602135272358,0.08911971546358131,2.6394859035148666,HVN厚
2026-08-17,NY,4390.34,4377.38,12.960000000000036,98.50099999999993,0.1315722683018451,1.2620023203897528,1.1623862892957701,1.4034331921126098,-0.737068896054855,inside_VA,4386.35,2.9729938271604657,0.0,1.0,0.264667363783106,2.011574074074046,0.3051745667556625,5.023148148148022,-1.0,-0.09999898478188415,0.0,0.44842184343306263,2.1049382716048424,-0.8795258041466082,H2,2.9729938271604657,2.9729938271604657,0.0,0.0,-0.3051745667556625,1.2620023203897528,0.3051745667556625,0.737068896054855,HVN厚
2026-08-18,NY,4398.06,4388.23,9.830000000000837,98.12399999999984,0.10017936488525593,-0.7959555536917625,-0.4992403867370036,0.41739080157360525,-1.0917111565230986,inside_VA,4389.06,0.8677517802643967,6.006103763987277,-1.0,-0.10017936488525593,-1.0,-0.5528718764012891,-11.86876907426146,1.0,0.0860136154253762,,0.7887978476213839,0.47914547304157945,-1.4973731482896078,H2,6.006103763987277,6.873855544251674,1.0,0.0,-0.5528718764012891,0.7959555536917625,-0.5528718764012891,1.0917111565230986,中
2026-08-19,NY,4464.28,4368.67,95.60999999999967,102.44399999999987,0.9332903830385361,2.9268423908747,1.18523747836214,,9.404767075155704,overlap,4458.12,0.6274448279468768,0.0,1.0,0.5734840498223427,0.614475473276856,0.6336144625356286,2.2289509465537023,-1.0,-0.6112607863808517,,0.8013158408496374,-1.2545758811839884,2.8883626971919516,H2,0.6274448279468768,0.6274448279468768,0.0,0.0,-0.6336144625356286,2.9268423908747,-0.6336144625356286,9.404767075155704,
2026-08-20,NY,4484.64,4451.13,33.51000000000022,102.18099999999995,0.32794746577152534,0.9371836858389765,0.876764250998211,-0.8422456295158898,-1.4397284162239863,overlap,4471.76,1.6803939122649694,0.0,1.0,0.33548311329894753,1.022978215458058,0.4615339446668155,3.045956430916116,-1.0,-1.1279983558587239,0.0,0.700228026736871,1.4094300208892645,0.666277472234273,H2,1.6803939122649694,1.6803939122649694,0.0,0.0,-0.4615339446668155,0.9371836858389765,0.4615339446668155,1.4397284162239863,LVN薄
2026-08-21,NY,4587.78,4563.56,24.219999999999345,103.14300000000003,0.23481961936340168,4.445359590829965,4.004067538745607,,1.144046207014439,above_VA,4584.16,1.834847233691235,0.0,1.0,0.151149375139371,0.6436829066887104,0.1862462794372864,2.287365813377421,-1.0,-0.898364406697496,0.0,0.5703731712282938,0.481420313790263,0.15087876356021399,H2,1.834847233691235,1.834847233691235,1.0,0.0,-0.1862462794372864,4.445359590829965,-0.1862462794372864,1.144046207014439,
2026-08-24,NY,4677.97,4645.72,32.25,101.26900000000005,0.31845875835645643,2.9299509812433553,2.6235849393820057,,2.462513500606532,above_VA,4672.34,0.09147286821704863,0.636589147286842,1.0,-0.31845875835645643,-1.0,-0.195815106301039,-0.5789147286821728,-1.0,-0.897016856096141,0.0,0.5503164838203245,-1.1996899224806359,0.5753868016013748,H2,0.636589147286842,0.7280620155038906,0.0,0.0,0.195815106301039,2.9299509812433553,0.195815106301039,2.462513500606532,
2026-08-25,NY,4644.26,4608.98,35.280000000000655,101.70699999999997,0.34687877923840704,-1.7953774890653678,-0.8570653713689595,-0.38646741439594456,-2.034849535881616,overlap,4609.81,0.7023809523809321,0.10459183673468059,-1.0,-0.34687877923840704,-1.0,0.47971132763723223,1.8129251700680205,1.0,0.321413472032403,,0.6268005152054433,0.7868480725623499,0.6569427679638128,H2,0.7023809523809321,0.8069727891156127,1.0,0.0,0.47971132763723223,1.7953774890653678,0.47971132763723223,2.034849535881616,中
2026-08-26,NY,4633.45,4597.99,35.460000000000036,103.01400000000004,0.34422505678839793,-1.8238200515429317,-1.5838427932798749,-0.9192625171021609,-1.921139380170596,overlap,4611.35,0.002538071065993949,0.4190637337845363,1.0,-0.34422505678839793,-1.0,-0.16755004174190122,-1.2199661590524071,1.0,0.28297124662666845,0.0,0.48935096200516276,0.8336153412295905,0.5921862221151735,H2,0.4190637337845363,0.4216018048505303,1.0,1.0,-0.16755004174190122,1.8238200515429317,-0.16755004174190122,1.921139380170596,LVN薄
2026-08-27,NY,4596.72,4579.76,16.960000000000036,104.1960000000001,0.1627701639218398,-1.5705683429251545,-1.658779233824936,-0.12754200919280023,-1.15234269576274,below_VA,4590.24,1.258254716981138,0.8643867924528198,-1.0,-0.1627701639218398,-1.0,0.09914008215286496,1.4540094339622525,1.0,0.38638719336634975,0.0,0.5082728703597066,2.3891509433962472,-0.709481414567868,H2,1.258254716981138,2.122641509433958,0.0,0.0,0.09914008215286496,1.5705683429251545,0.09914008215286496,1.15234269576274,中
2026-08-28,NY,4605.44,4589.1,16.339999999999236,101.3920000000001,0.16115669875334562,-0.01325901111598297,-0.42720328056477996,1.8258809422126256,0.8670392223646517,inside_VA,4604.01,1.5838433292534466,8.790697674419036,1.0,-0.16115669875334562,-1.0,-1.4759547104308073,-17.492044063648404,1.0,0.04428357266845291,1.0,1.833083477986424,0.5177478580171067,-0.743932119270853,H2,8.790697674419036,10.374541003672483,1.0,1.0,-1.4759547104308073,0.01325901111598297,1.4759547104308073,0.8670392223646517,HVN厚
2026-08-31,NY,4450.0,4433.88,16.11999999999989,111.38300000000008,0.144725855830781,-2.118490066493499,-2.191312010181626,-0.8748004826854086,0.26915357615640134,below_VA,4445.8,0.3653846153846382,1.1246898263027438,-1.0,-0.144725855830781,-1.0,0.02361222089546975,0.8052109181141223,1.0,1.3978793891347845,0.0,0.3603781546555605,-0.6749379652606137,-0.7628757387154906,H2,1.1246898263027438,1.4900744416873821,1.0,0.0,0.02361222089546975,2.118490066493499,-0.02361222089546975,0.26915357615640134,LVN薄
2026-09-01,NY,4369.79,4326.25,43.539999999999964,112.78000000000011,0.38606135839687816,-7.0106834149985575,-6.646333703991753,,-2.4818917687839472,below_VA,4343.01,0.13367018833256117,0.07602204869086823,1.0,-0.38606135839687816,-1.0,-0.1253768398652271,-0.879650895728092,1.0,0.8289590352899422,0.0,0.4670154282674235,1.1704180064308491,0.9040635930193142,H2,0.13367018833256117,0.2096922370234294,0.0,1.0,-0.1253768398652271,7.0106834149985575,-0.1253768398652271,2.4818917687839472,
2026-09-02,NY,4358.45,4327.43,31.019999999999527,115.93700000000008,0.26755910537619143,-0.794973735123527,-1.1722982170967875,0.8676483888984015,3.338707451312456,inside_VA,4358.43,1.2646679561573524,0.0,1.0,0.2503946108662439,0.9358478401031654,0.25056711834875195,2.8716956802063014,1.0,0.12998438807283005,1.0,0.3507077119470042,-1.0599613152805132,0.310381312779594,H2,1.2646679561573524,1.2646679561573524,0.0,1.0,0.25056711834875195,0.794973735123527,-0.25056711834875195,3.338707451312456,HVN厚
2026-09-03,NY,4495.98,4446.52,49.45999999999913,107.49099999999999,0.46013154589685773,4.8129625246684276,4.525308024771819,,3.3266172794006788,above_VA,4479.9,0.30024262029924437,0.0,1.0,-0.210715315700846,-0.457945814799839,-0.06112139620991255,0.08410837040032204,-1.0,-1.4270962220092813,0.0,0.5024606711259568,-1.72866963202591,1.0447741225069263,H2,0.30024262029924437,0.30024262029924437,0.0,0.0,0.06112139620991255,4.8129625246684276,0.06112139620991255,3.3266172794006788,
2026-09-04,NY,4473.41,4365.57,107.84000000000015,111.42599999999993,0.96781720603809,-1.015871692680626,-0.8141381462336805,-0.5283580679618077,-10.538879491112864,overlap,4412.64,0.0,0.0,,,,0.16800387701254066,0.22014094955489383,1.0,0.14233661802451567,,0.3920987920234023,0.9831231454005962,2.2464834613404245,H2,0.0,0.0,1.0,,0.16800387701254066,1.015871692680626,0.16800387701254066,10.538879491112864,LVN薄
2026-09-07,NY,4405.06,4392.72,12.340000000000146,111.60899999999992,0.11056456020571956,-1.4081543871859692,-1.5742057314811764,-0.63594404051582,-0.26875982380231334,below_VA,4403.86,1.1823338735817719,0.0,1.0,0.01066222258061268,0.09643435980547697,0.021414043670316275,1.192868719610954,1.0,0.6150041663306756,0.0,0.1660260373267367,1.2333873581846975,-1.1394429922294564,H2,1.1823338735817719,1.1823338735817719,0.0,1.0,0.021414043670316275,1.4081543871859692,0.021414043670316275,0.26875982380231334,LVN薄
2026-09-08,NY,4412.89,4395.34,17.550000000000182,108.39799999999995,0.16190335615048423,-0.6108660930861434,-0.2851608389200705,0.15039762134679038,-0.8925116880480909,inside_VA,4400.4,0.0,2.815954415954391,-1.0,0.3672576984815257,2.268376068376068,-0.4139375265226287,-5.536752136752083,1.0,0.05627410099817678,,0.5848816398826515,-0.9817663817663467,-0.6287276693330881,H2,2.815954415954391,2.815954415954391,1.0,0.0,-0.4139375265226287,0.6108660930861434,-0.4139375265226287,0.8925116880480909,中
2026-09-09,NY,4430.36,4390.93,39.42999999999938,108.95899999999992,0.36187923897979435,1.2487583409915524,0.34141899771437856,-0.23124055878655225,2.3204236093162005,overlap,4429.62,0.09510524980979099,0.4002028911996171,1.0,-0.36187923897979435,-1.0,-0.2651456052276576,-0.5029165609942191,-1.0,-0.31314531153920205,,0.5411209721087756,-0.5653056048694198,0.5497775186327531,H2,0.4002028911996171,0.4953081410094081,1.0,0.0,0.2651456052276576,1.2487583409915524,0.2651456052276576,2.3204236093162005,中
2026-09-10,NY,4372.29,4324.08,48.210000000000036,109.17699999999986,0.44157652252763946,-1.74267232936005,-2.18258570022737,-0.297288069065964,-3.0040495656994963,below_VA,4357.62,0.08442231902094391,0.2138560464633786,1.0,-0.44157652252763946,-1.0,-0.37553697207287295,-1.309479361128379,1.0,0.38359727781492586,0.0,0.5732892459034349,2.6266334785314442,0.9064533756832596,H2,0.2138560464633786,0.2982783654843225,0.0,1.0,-0.37553697207287295,1.74267232936005,-0.37553697207287295,3.0040495656994963,中
2026-09-11,NY,4398.57,4293.12,105.44999999999982,113.48499999999986,0.9291976913248443,0.3230873747837794,-1.1255936663791575,0.23107261556221292,4.045725561598052,overlap,4390.26,0.037458511142728634,0.0,1.0,-0.443935321848704,-0.47776197249881647,-0.37070978543420424,0.0444760550023757,1.0,0.1871612988500666,0.0,0.5261488302418832,0.031389284020875444,2.0249198941983275,H2,0.037458511142728634,0.037458511142728634,1.0,0.0,0.37070978543420424,0.3230873747837794,0.37070978543420424,4.045725561598052,中
2026-09-14,NY,4289.61,4253.6,36.00999999999931,105.83899999999994,0.34023375126370553,-2.9923735625585826,-3.059750318474758,,-2.3292658148342227,below_VA,4273.24,0.7806164954179706,0.0,1.0,0.08522378329349711,0.250485976117762,0.23989266716428104,1.5009719522355494,1.0,0.7016317236557437,0.0,0.5064295769990306,3.326575951124776,0.2255260663705964,H2,0.7806164954179706,0.7806164954179706,0.0,1.0,0.23989266716428104,2.9923735625585826,0.23989266716428104,2.3292658148342227,
2026-09-15,NY,4295.79,4274.79,21.0,108.45899999999992,0.19362155284485397,-0.8313733120872233,-0.9136473685075021,1.0864837035907782,-0.16109815861052776,overlap,4287.35,0.7104761904761939,0.03190476190476537,1.0,-0.19362155284485397,-1.0,0.05670345476170388,0.7819047619047653,1.0,0.40706626467143964,0.0,0.33736250564729686,0.8771428571428606,-0.6375493843605282,H2,0.7104761904761939,0.7423809523809592,1.0,1.0,0.05670345476170388,0.8313733120872233,0.05670345476170388,0.16109815861052776,HVN厚
2026-09-16,NY,4360.44,4335.51,24.92999999999938,100.21399999999994,0.24876763725626555,5.19217618845106,4.8436570425643515,,1.5279070769594665,above_VA,4352.1,0.28399518652230293,4.022864019254009,-1.0,-0.24876763725626555,-1.0,-0.8778214620711707,-6.726434015242867,-1.0,-0.5747699922166604,1.0,1.3201748258726351,-0.11833132771764143,-0.47585903400062357,H2,4.022864019254009,4.306859205776313,1.0,1.0,0.8778214620711707,5.19217618845106,0.8778214620711707,1.5279070769594665,
2026-09-17,NY,4381.11,4359.06,22.049999999999272,101.93199999999997,0.21632068437781343,1.5810124327698376,1.6781439766396675,-1.1292461946402508,2.264054586314931,overlap,4366.96,0.0,0.8385487528345261,-1.0,0.16991719970176808,0.7854875283447251,-0.2474198485264712,-2.5709750566894503,-1.0,-0.20072204999411414,1.0,0.3866303025546429,-0.5972789115646489,-0.6116222467896256,H2,0.8385487528345261,0.8385487528345261,1.0,1.0,0.2474198485264712,1.5810124327698376,0.2474198485264712,2.264054586314931,LVN薄
2026-09-18,NY,4375.61,4358.26,17.349999999999454,101.34200000000001,0.17120246294724253,1.2791606097676598,1.2705677487962839,1.4093486723750537,0.011979457861160584,inside_VA,4367.23,1.2265129682997882,0.892219020172966,-1.0,-0.17120246294724253,-1.0,0.10913540289317754,1.3089337175793465,-1.0,-0.03680606263937521,,0.5339345976988867,-1.2028818443803826,-0.9819177371066561,H2,1.2265129682997882,2.1187319884727542,0.0,1.0,-0.10913540289317754,1.2791606097676598,-0.10913540289317754,0.011979457861160584,HVN厚
2026-09-21,NY,4369.27,4351.36,17.910000000000764,95.34199999999991,0.1878500555893602,-0.2068491857478989,-0.44169969479220317,0.09965538953939365,0.3601474245719033,inside_VA,4364.21,0.0,1.5974316024566417,-1.0,0.08223028675714002,0.4377442769401955,-0.2170082440057857,-1.8754885538804418,-1.0,-0.08086677434918549,,0.4380021396656275,-0.8726968174204551,-0.8808419805654358,H2,1.5974316024566417,1.5974316024566417,1.0,0.0,-0.2170082440057857,0.2068491857478989,0.2170082440057857,0.3601474245719033,中
2026-09-22,NY,4343.95,4329.72,14.229999999999563,96.00199999999995,0.14822607862335754,-2.1415412194368235,-1.6042892852428194,-1.1834377676816517,-0.19077995702872047,overlap,4330.52,1.9114546732256257,1.0351370344343587,-1.0,-0.14822607862335754,-1.0,0.29030645194891674,3.0295151089249406,1.0,0.22895356346742332,1.0,0.5849878127538998,-0.7498243148278566,-1.196062549810863,H2,1.9114546732256257,2.9465917076599846,1.0,0.0,0.29030645194891674,2.1415412194368235,0.29030645194891674,0.19077995702872047,LVN薄
2026-09-23,NY,4312.39,4298.11,14.280000000000655,94.74000000000005,0.1507283090563716,-1.361402615404362,-1.7708395235117218,-0.5441663313089692,-1.1518242386183688,below_VA,4312.39,0.07983193277306481,1.6253501400559505,1.0,-0.1507283090563716,-1.0,-0.2705298712265157,-2.589635854341587,1.0,0.20170994300189637,0.0,0.4077475195271278,-2.7661064425769037,-1.0809550619923045,H2,1.6253501400559505,1.7051820728290152,0.0,1.0,-0.2705298712265157,1.361402615404362,-0.2705298712265157,1.1518242386183688,LVN薄
2026-09-24,NY,4284.99,4264.86,20.13000000000011,94.91100000000014,0.21209343490217233,-1.3887734829786322,-1.4438864461376517,-0.9833820568442458,-0.07646989637241623,overlap,4276.4,0.17337307501240748,0.9985096870342447,-1.0,-0.21209343490217233,-1.0,-0.019070497624084543,-0.033283656234388975,1.0,0.09587929744708569,1.0,0.4606420752072919,-0.7377049180327105,-0.4477370349617953,H2,0.9985096870342447,1.171882762046652,1.0,0.0,-0.019070497624084543,1.3887734829786322,-0.019070497624084543,0.07646989637241623,LVN薄
2026-09-25,NY,4308.89,4277.94,30.950000000000728,88.69600000000018,0.3489447100207525,0.35450916331172083,1.4829392048322672,0.5877049024836446,-0.3620955951013563,overlap,4278.4,0.0,0.7525040387721944,-1.0,-0.09278885180842943,-0.2659127625202029,0.08760259763687675,-0.46817447495959424,-1.0,-0.12289167493460375,1.0,0.5141156309190975,-0.3822294022617011,0.2131824413991205,H2,0.7525040387721944,0.7525040387721944,1.0,1.0,-0.08760259763687675,0.35450916331172083,0.08760259763687675,0.3620955951013563,HVN厚
2026-09-28,NY,4155.81,4141.7,14.110000000000582,83.86400000000012,0.16824859296003722,-11.197883578087332,-10.676725560997882,,-1.2967917588678137,below_VA,4142.17,0.33947554925583034,2.183557760453453,-1.0,-0.16824859296003722,-1.0,-0.3332776876848204,-4.895109851169161,1.0,1.7329247352856973,0.0,0.5927453973099299,0.8143160878808865,-1.0940163501704354,H2,2.183557760453453,2.5230333097092834,1.0,0.0,-0.3332776876848204,11.197883578087332,-0.3332776876848204,1.2967917588678137,
2026-09-29,NY,4159.86,4149.58,10.279999999999745,91.21500000000015,0.1127007619360821,-0.34266401309765726,-0.3505207806292383,2.286905618330401,1.6945760899780085,inside_VA,4155.06,2.4659533073930926,0.7033073929960839,1.0,-0.1127007619360821,-1.0,0.28931645014525437,5.200389105058586,-1.0,-0.0061393411171451985,,0.4698788576440235,-1.9883268482489491,-1.5739070521529352,H2,2.4659533073930926,3.1692607003891764,0.0,1.0,0.28931645014525437,0.34266401309765726,-0.28931645014525437,1.6945760899780085,HVN厚
2026-09-30,NY,4219.29,4191.22,28.06999999999971,92.78200000000015,0.3025371300467727,2.844437027512206,3.5553953000417966,,1.2748065270827336,above_VA,4193.46,0.0,1.556109725685812,-1.0,0.36968377487012705,1.2219451371571264,-0.39382638873919407,-3.4438902743142528,-1.0,-0.5276885602810886,0.0,0.5191739777111939,-1.8350552190951461,0.12831589802020404,H2,1.556109725685812,1.556109725685812,0.0,1.0,0.39382638873919407,2.844437027512206,0.39382638873919407,1.2748065270827336,
2026-10-01,NY,4187.8,4167.34,20.460000000000036,86.72700000000013,0.23591269154934455,-0.7546016879726027,-0.10522352799296004,-0.3624283994965411,0.1365419115624557,inside_VA,4167.34,0.0,0.8435972629521108,-1.0,-0.11046156329631963,-0.46823069403714124,0.11046156329631963,-0.06353861192567302,1.0,0.1402100845180836,,0.4182088622920242,-0.30009775171062597,-0.3452069754080793,H2,0.8435972629521108,0.8435972629521108,1.0,0.0,0.11046156329631963,0.7546016879726027,-0.11046156329631963,0.1365419115624557,中
2026-10-02,NY,4225.39,4184.18,41.210000000000036,79.72100000000019,0.5169277856524622,2.3805336149549325,3.4161367270028293,,1.325811924030413,above_VA,4193.47,0.0,1.4292647415675928,-1.0,0.5579458361034153,1.0793496724096199,-0.6744772393723149,-3.1586993448192175,-1.0,-0.23795486760076026,1.0,0.9626070922341731,-1.1300655180781283,0.8086445149729413,H2,1.4292647415675928,1.4292647415675928,0.0,1.0,0.6744772393723149,2.3805336149549325,0.6744772393723149,1.325811924030413,
2026-10-05,NY,4166.26,4147.09,19.170000000000073,83.21300000000028,0.23037265811832297,-0.819068191814107,-0.6511788604559712,-0.2843590815548435,0.20011007117722096,inside_VA,4152.8,0.0,1.245696400625979,-1.0,0.07847331546753179,0.3406364110589317,-0.14709240142765842,-1.6812728221178634,1.0,0.3448980327593011,0.0,0.3664090947327903,-1.6875326030255733,-0.3609311098098788,H2,1.245696400625979,1.245696400625979,0.0,0.0,-0.14709240142765842,0.819068191814107,0.14709240142765842,0.20011007117722096,中
2026-10-06,NY,4176.83,4161.09,15.739999999999782,81.86700000000027,0.19226306081815298,1.2638035711606235,1.92717443421345,0.27461600959578114,1.5392616501156808,above_VA,4161.34,0.4809402795425549,1.1105463786531586,-1.0,-0.19226306081815298,-1.0,0.029682289567228345,-0.6594663278271502,-1.0,-0.2545592241073946,0.0,0.4982471569741144,-0.566709021601029,-0.7830681669646568,H2,1.1105463786531586,1.5914866581957137,1.0,1.0,-0.029682289567228345,1.2638035711606235,-0.029682289567228345,1.5392616501156808,中
2026-10-07,NY,4098.45,4066.49,31.960000000000036,81.4300000000002,0.3924843423799577,-3.2273138966969164,-3.6599320885856916,,-2.060863433757788,below_VA,4090.16,0.8917396745932405,0.0,1.0,0.1364362028736406,0.34762202753443583,0.23824143436080678,1.6952440550688717,1.0,0.9129313520815419,0.0,0.5468500552621839,1.9418022528160304,0.5473310698258281,H2,0.8917396745932405,0.8917396745932405,0.0,1.0,0.23824143436080678,3.2273138966969164,0.23824143436080678,2.060863433757788,
