rule,n,avg,PF,win,total,maxDD,ret_dd,PF_H1,PF_H2
固定 0.5R,735.000,0.916,1.101,0.694,673.275,666.695,1.010,1.048,1.150
kde15 >= 0.5R 出100%,735.000,7.708,1.607,0.531,5665.420,620.247,9.134,1.449,1.745
kde15 >= 0.5R 出50%,735.000,10.198,1.798,0.505,7495.530,534.729,14.017,1.669,1.911
kde60 >= 0.5R 出100%,735.000,10.465,1.784,0.498,7691.748,664.403,11.577,1.686,1.866
kde60 >= 0.5R 出50%,735.000,11.576,1.865,0.486,8508.694,675.777,12.591,1.773,1.942
pdhl >= 0.5R 出100%,735.000,10.212,1.770,0.505,7505.470,659.000,11.389,1.693,1.840
pdhl >= 0.5R 出50%,735.000,11.450,1.860,0.488,8415.555,673.075,12.503,1.767,1.943
r50 >= 0.5R 出100%,735.000,3.946,1.302,0.516,2900.560,608.220,4.769,1.242,1.354
r50 >= 0.5R 出50%,735.000,8.317,1.635,0.505,6113.100,593.925,10.293,1.559,1.700
all >= 0.5R 出100%,735.000,3.454,1.294,0.578,2538.600,644.674,3.938,1.273,1.313
all >= 0.5R 出50%,735.000,8.071,1.677,0.521,5932.120,546.551,10.854,1.613,1.732
placebo >= 0.5R 出100%,735.000,8.407,1.673,0.542,6179.404,633.618,9.983,,
固定 1R,735.000,4.471,1.381,0.585,3286.010,451.620,7.276,1.304,1.452
kde15 >= 1R 出100%,735.000,9.980,1.751,0.502,7335.006,532.311,13.780,1.664,1.826
kde15 >= 1R 出50%,735.000,11.334,1.853,0.501,8330.323,591.686,14.079,1.762,1.931
kde60 >= 1R 出100%,735.000,11.337,1.830,0.484,8332.720,671.985,12.400,1.656,1.979
kde60 >= 1R 出50%,735.000,12.012,1.880,0.484,8829.180,679.568,12.992,1.749,1.991
pdhl >= 1R 出100%,735.000,11.157,1.817,0.488,8200.090,664.630,12.338,1.767,1.861
pdhl >= 1R 出50%,735.000,11.922,1.873,0.488,8762.865,675.890,12.965,1.800,1.938
r50 >= 1R 出100%,735.000,7.215,1.540,0.499,5302.860,549.430,9.652,1.485,1.587
r50 >= 1R 出50%,735.000,9.951,1.745,0.499,7314.250,618.290,11.830,1.674,1.806
all >= 1R 出100%,735.000,6.822,1.528,0.522,5013.994,502.740,9.973,1.579,1.485
all >= 1R 出50%,735.000,9.755,1.754,0.521,7169.817,566.060,12.666,1.737,1.769
placebo >= 1R 出100%,735.000,10.540,1.802,0.512,7746.744,558.123,13.992,,
固定 2R,735.000,10.690,1.809,0.506,7856.850,541.400,14.512,1.804,1.814
kde15 >= 2R 出100%,735.000,12.133,1.887,0.483,8917.653,687.150,12.978,1.763,1.996
kde15 >= 2R 出50%,735.000,12.410,1.908,0.483,9121.646,687.150,13.275,1.796,2.005
kde60 >= 2R 出100%,735.000,12.016,1.871,0.478,8831.408,687.150,12.852,1.709,2.010
kde60 >= 2R 出50%,735.000,12.352,1.895,0.478,9078.524,687.150,13.212,1.767,2.005
pdhl >= 2R 出100%,735.000,12.297,1.890,0.478,9038.420,687.150,13.153,1.803,1.964
pdhl >= 2R 出50%,735.000,12.493,1.904,0.478,9182.030,687.150,13.362,1.814,1.981
r50 >= 2R 出100%,735.000,10.681,1.778,0.483,7850.570,659.950,11.896,1.599,1.934
r50 >= 2R 出50%,735.000,11.684,1.851,0.483,8588.105,673.550,12.751,1.712,1.973
all >= 2R 出100%,735.000,11.119,1.817,0.488,8172.295,659.950,12.383,1.654,1.959
all >= 2R 出50%,735.000,11.903,1.875,0.488,8748.968,673.550,12.989,1.744,1.988
placebo >= 2R 出100%,735.000,12.706,1.930,0.485,9338.961,653.879,14.282,,
固定 3R,735.000,12.231,1.893,0.484,8990.060,652.050,13.787,1.788,1.984
kde15 >= 3R 出100%,735.000,12.453,1.904,0.479,9152.876,687.150,13.320,1.723,2.062
kde15 >= 3R 出50%,735.000,12.570,1.912,0.479,9239.258,687.150,13.446,1.773,2.034
kde60 >= 3R 出100%,735.000,12.305,1.889,0.475,9044.538,687.150,13.162,1.756,2.004
kde60 >= 3R 出50%,735.000,12.497,1.903,0.475,9185.089,687.150,13.367,1.789,2.001
pdhl >= 3R 出100%,735.000,12.273,1.887,0.475,9020.740,687.150,13.128,1.805,1.957
pdhl >= 3R 出50%,735.000,12.481,1.902,0.475,9173.190,687.150,13.350,1.814,1.978
r50 >= 3R 出100%,735.000,11.774,1.853,0.478,8653.860,687.150,12.594,1.744,1.948
r50 >= 3R 出50%,735.000,12.231,1.886,0.478,8989.750,687.150,13.083,1.783,1.976
all >= 3R 出100%,735.000,12.212,1.886,0.479,8975.581,687.150,13.062,1.738,2.015
all >= 3R 出50%,735.000,12.450,1.903,0.479,9150.610,687.150,13.317,1.780,2.011
placebo >= 3R 出100%,735.000,12.296,1.891,0.478,9037.431,687.150,13.152,,
固定 5R,735.000,12.298,1.888,0.475,9039.080,687.150,13.154,1.807,1.959
kde15 >= 5R 出100%,735.000,12.527,1.905,0.475,9207.533,687.150,13.400,1.813,1.985
kde15 >= 5R 出50%,735.000,12.608,1.911,0.475,9266.587,687.150,13.486,1.818,1.991
kde60 >= 5R 出100%,735.000,12.501,1.903,0.475,9188.354,687.150,13.372,1.794,1.998
kde60 >= 5R 出50%,735.000,12.595,1.910,0.475,9256.997,687.150,13.472,1.808,1.998
pdhl >= 5R 出100%,735.000,12.682,1.916,0.475,9321.080,687.150,13.565,1.822,1.998
pdhl >= 5R 出50%,735.000,12.685,1.916,0.475,9323.360,687.150,13.568,1.822,1.998
r50 >= 5R 出100%,735.000,12.348,1.892,0.475,9076.100,687.150,13.208,1.799,1.973
r50 >= 5R 出50%,735.000,12.518,1.904,0.475,9200.870,687.150,13.390,1.811,1.985
all >= 5R 出100%,735.000,12.368,1.893,0.475,9090.698,687.150,13.230,1.797,1.977
all >= 5R 出50%,735.000,12.528,1.905,0.475,9208.169,687.150,13.401,1.810,1.987
placebo >= 5R 出100%,735.000,12.446,1.899,0.475,9147.562,687.150,13.312,,
