day,h,i,side,lvl,ibh,ibl,rng,atr,ib_atr,aligned,t_in,spread,tail,ext_letter,exit_time,exit_px,exit_reason,risk,pnl,R,ow,key,mae_R,mfe_R,hold_h
2026-01-02,4.0,17,1,4369.09,4363.24,4345.11,18.13000000000011,91.52400000000016,0.1980901184388802,False,2026-01-02 05:15:00,0.08,0.0437043835496699,0.0,2026-01-02 17:15:00,4345.11,停損,23.980000000000476,-24.06000000000047,-1.0033361134278564,True,2026-01-02|4.0|1,1.470391993327753,1.3857381150958674,12.0
2026-01-02,4.5,25,1,4377.81,4371.91,4345.94,25.97000000000025,91.52400000000016,0.283750710196235,False,2026-01-02 07:15:00,0.08,0.0437043835496699,0.0,2026-01-02 17:15:00,4345.94,停損,31.8700000000008,-31.9500000000008,-1.002510197678067,True,2026-01-02|4.5|1,1.3799811735173946,0.7690618136177814,10.0
2026-01-02,5.0,28,1,4380.67,4375.7,4362.28,13.420000000000073,91.52400000000016,0.1466282068091435,False,2026-01-02 08:00:00,0.08,0.0437043835496699,0.0,2026-01-02 16:00:00,4362.28,停損,18.390000000000327,-18.47000000000033,-1.0043501903208265,True,2026-01-02|5.0|1,1.008700380641645,1.1772702555736405,8.0
2026-01-02,6.5,37,1,4385.12,4380.15,4371.19,8.960000000000036,91.52400000000016,0.0978978191512611,False,2026-01-02 10:15:00,0.08,0.0437043835496699,0.0,2026-01-02 15:45:00,4371.19,停損,13.930000000000293,-14.010000000000293,-1.005743000717875,True,2026-01-02|6.5|1,1.3618090452261202,1.2347451543431054,5.5
2026-01-02,7.0,39,1,4390.61,4381.78,4371.19,10.590000000000146,91.52400000000016,0.1157073554477528,False,2026-01-02 10:45:00,0.08,0.0437043835496699,0.0,2026-01-02 15:45:00,4371.19,停損,19.420000000000076,-19.50000000000007,-1.0041194644696187,True,2026-01-02|7.0|1,1.2595262615859908,0.6029866117404732,5.0
2026-01-02,9.5,47,1,4393.75,4386.68,4372.26,14.420000000000073,91.52400000000016,0.1575543026965609,False,2026-01-02 12:45:00,0.08,0.0437043835496699,0.0,2026-01-02 15:45:00,4372.26,停損,21.48999999999978,-21.56999999999978,-1.0037226617031176,True,2026-01-02|9.5|1,1.2843182875756465,0.39879013494647725,3.0
2026-01-05,9.0,40,1,4430.14,4425.17,4416.76,8.409999999999854,96.0050000000002,0.0875996041872802,True,2026-01-05 11:00:00,0.08,0.0937451174417997,0.0,2026-01-05 13:30:00,4416.76,停損,13.38000000000011,-13.46000000000011,-1.005979073243647,True,2026-01-05|9.0|1,1.4297458893871415,0.729446935724905,2.5
2026-01-05,7.5,42,1,4432.71,4426.19,4401.13,25.05999999999949,96.0050000000002,0.2610280714546059,True,2026-01-05 11:30:00,0.08,0.0937451174417997,0.0,2026-01-05 15:30:00,4401.13,停損,31.579999999999927,-31.65999999999993,-1.0025332488917036,True,2026-01-05|7.5|1,1.1212792906903084,0.2276757441418498,4.0
2026-01-05,9.5,43,1,4437.72,4430.28,4418.64,11.639999999999418,96.0050000000002,0.1212436852247215,True,2026-01-05 11:45:00,0.08,0.0937451174417997,0.0,2026-01-05 13:30:00,4418.64,停損,19.079999999999927,-19.15999999999993,-1.0041928721174005,True,2026-01-05|9.5|1,1.3998951781970723,0.11425576519912944,1.75
2026-01-08,6.0,27,-1,4418.56,4440.58,4430.3,10.279999999999744,100.48800000000035,0.1023007722315073,True,2026-01-08 07:45:00,0.08,0.0099514369875009,0.1923076923076923,2026-01-08 17:15:00,4440.58,停損,22.019999999999527,-22.099999999999525,-1.0036330608537694,True,2026-01-08|6.0|-1,1.3896457765667625,0.4904632152588744,9.5
2026-01-08,8.5,39,-1,4421.18,4439.71,4426.27,13.4399999999996,100.48800000000035,0.1337473131120089,True,2026-01-08 10:45:00,0.08,0.0099514369875009,0.131578947368421,2026-01-08 17:15:00,4439.71,停損,18.529999999999745,-18.609999999999744,-1.004317323259579,True,2026-01-08|8.5|-1,1.5099838100377738,0.7242309767944014,6.5
2026-01-08,10.5,53,-1,4412.4,4435.5,4419.99,15.510000000000218,100.48800000000035,0.154346787676142,True,2026-01-08 14:15:00,0.08,0.0099514369875009,0.0961538461538461,2026-01-08 15:30:00,4435.5,停損,23.100000000000364,-23.18000000000036,-1.0034632034632034,True,2026-01-08|10.5|-1,1.0268398268398218,0.2008658008657725,1.25
2026-01-09,5.5,30,1,4473.65,4465.95,4460.57,5.380000000000109,100.7300000000004,0.0534101062245615,True,2026-01-09 08:30:00,0.08,0.0099275290380223,0.2758620689655172,2026-01-09 15:45:00,4460.57,停損,13.079999999999927,-13.159999999999927,-1.0061162079510704,True,2026-01-09|5.5|1,1.1070336391437037,1.3990825688073611,7.25
2026-01-09,5.0,31,1,4475.18,4470.02,4460.57,9.450000000000728,100.7300000000004,0.0938151494093188,True,2026-01-09 08:45:00,0.08,0.0099275290380223,0.2666666666666666,2026-01-09 15:45:00,4460.57,停損,14.610000000000582,-14.690000000000582,-1.005475701574264,True,2026-01-09|5.0|1,1.0958247775495948,1.1478439425050553,7.0
2026-01-12,6.0,27,1,4581.86,4572.19,4563.4,8.789999999999964,99.41700000000036,0.0884154621443005,True,2026-01-12 07:45:00,0.08,0.1709969119969415,0.0,2026-01-13 00:00:00,4596.9,收盤,18.46000000000004,14.959999999999964,0.8104008667388913,True,2026-01-12|6.0|1,0.6495124593716011,2.620260021668461,16.25
2026-01-12,8.0,36,1,4587.77,4580.96,4569.87,11.090000000000146,99.41700000000036,0.1115503384733003,True,2026-01-12 10:00:00,0.08,0.1709969119969415,0.0,2026-01-13 00:00:00,4596.9,收盤,17.900000000000546,9.0499999999992,0.5055865921787108,True,2026-01-12|8.0|1,0.5145251396647909,2.372067039106024,14.0
2026-01-12,7.0,40,1,4596.89,4585.06,4566.22,18.840000000000146,99.41700000000036,0.1895048130601413,True,2026-01-12 11:00:00,0.08,0.1709969119969415,0.0,2026-01-13 00:00:00,4596.9,收盤,30.670000000000076,-0.0700000000006912,-0.0022823606129993,True,2026-01-12|7.0|1,0.5976524290837913,1.0870557548092323,13.0
2026-01-14,2.5,19,1,4624.17,4618.42,4604.78,13.640000000000327,86.26900000000015,0.1581100974857748,False,2026-01-14 05:45:00,0.08,0.0695498962547379,0.0,2026-01-14 17:15:00,4604.78,停損,19.390000000000327,-19.47000000000033,-1.004125838060856,True,2026-01-14|2.5|1,1.278494069107764,0.9138731304796264,11.5
2026-01-14,3.0,20,1,4628.22,4620.01,4606.38,13.63000000000011,86.26900000000015,0.1579941809920143,False,2026-01-14 06:00:00,0.08,0.0695498962547379,0.0,2026-01-14 17:15:00,4606.38,停損,21.840000000000146,-21.920000000000144,-1.0036630036630036,True,2026-01-14|3.0|1,1.3205128205128185,0.62591575091575,11.25
2026-01-14,5.0,27,1,4636.34,4630.03,4613.45,16.579999999999927,86.26900000000015,0.1921895466505917,False,2026-01-14 07:45:00,0.08,0.0695498962547379,0.0,2026-01-14 17:00:00,4613.45,停損,22.890000000000327,-22.97000000000033,-1.00349497597204,True,2026-01-14|5.0|1,1.2874617737002985,0.2424639580602928,9.25
2026-01-15,4.0,18,-1,4585.35,4614.76,4595.49,19.27000000000044,83.82700000000014,0.2298782015341167,False,2026-01-15 05:30:00,0.09,0.1670106290336046,0.0,2026-01-15 12:30:00,4614.76,停損,29.40999999999985,-29.49999999999985,-1.003060183611017,True,2026-01-15|4.0|-1,1.031621897313818,0.14076844610677824,7.0
2026-01-19,4.0,25,1,4669.56,4665.09,4653.33,11.760000000000218,78.27200000000002,0.1502452984464459,False,2026-01-19 07:15:00,0.09,0.4216067048242026,0.0,2026-01-19 21:30:00,4670.91,收盤,16.230000000000473,1.2599999999994542,0.0776340110905371,True,2026-01-19|4.0|1,0.6038200862600059,0.6635859519408018,14.25
2026-01-19,5.5,28,1,4670.04,4666.02,4658.3,7.720000000000255,78.27200000000002,0.0986304170073621,False,2026-01-19 08:00:00,0.09,0.4216067048242026,0.0,2026-01-19 21:30:00,4670.91,收盤,11.739999999999782,0.7799999999998909,0.0664395229982883,True,2026-01-19|5.5|1,0.8756388415672859,0.8764906303236929,13.5
2026-01-19,5.0,32,1,4678.08,4670.0,4658.3,11.699999999999818,78.27200000000002,0.1494787408013059,False,2026-01-19 09:00:00,0.09,0.4216067048242026,0.0,2026-01-19 21:30:00,4670.91,收盤,19.779999999999745,-7.260000000000073,-0.3670374115268031,True,2026-01-19|5.0|1,0.9261880687563168,0.11375126390293372,12.5
2026-01-20,6.0,27,1,4705.06,4697.07,4679.69,17.38000000000011,75.47699999999995,0.2302688236151426,True,2026-01-20 07:45:00,0.08,0.0,0.1923076923076923,2026-01-21 00:00:00,4763.17,收盤,25.3700000000008,58.02999999999968,2.2873472605438647,True,2026-01-20|6.0|1,0.004729996058368016,2.4138746551043693,16.25
2026-01-20,6.5,28,1,4714.67,4701.53,4684.42,17.109999999999673,75.47699999999995,0.2266915749168579,True,2026-01-20 08:00:00,0.08,0.0,0.1851851851851851,2026-01-21 00:00:00,4763.17,收盤,30.25,48.42,1.6006611570247935,True,2026-01-20|6.5|1,0.29553719008266144,1.706776859504136,16.0
2026-01-20,7.0,37,1,4724.53,4716.67,4694.19,22.480000000000476,75.47699999999995,0.2978390768048609,True,2026-01-20 10:15:00,0.08,0.0,0.1388888888888889,2026-01-21 00:00:00,4763.17,收盤,30.340000000000146,38.56000000000033,1.270929466051422,True,2026-01-20|7.0|1,0.3137771918259552,1.3767303889255187,13.75
2026-01-20,8.5,40,1,4729.42,4722.07,4705.73,16.340000000000146,75.47699999999995,0.2164897915921427,True,2026-01-20 11:00:00,0.09,0.0,0.1282051282051282,2026-01-21 00:00:00,4763.17,收盤,23.69000000000051,33.66,1.420852680455858,True,2026-01-20|8.5|1,0.6082735331363253,1.556775010552947,13.0
2026-01-20,9.5,42,1,4733.61,4725.7,4714.92,10.779999999999744,75.47699999999995,0.1428249665460968,True,2026-01-20 11:30:00,0.09,0.0,0.1219512195121951,2026-01-21 00:00:00,4763.17,收盤,18.6899999999996,29.4700000000004,1.5767790262172836,True,2026-01-20|9.5|1,0.9951845906902008,1.7490636704120497,12.5
2026-01-21,2.0,9,1,4807.82,4787.82,4770.77,17.049999999999272,79.22799999999998,0.2152016963699611,True,2026-01-21 03:15:00,0.09,0.0,0.0,2026-01-21 21:45:00,4770.77,停損,37.04999999999927,-37.13999999999928,-1.002429149797571,True,2026-01-21|2.0|1,1.1349527665317165,2.173009446693706,18.5
2026-01-21,2.5,12,1,4835.21,4827.63,4776.67,50.96000000000004,79.22799999999998,0.6432069470389262,True,2026-01-21 04:00:00,0.09,0.0,0.0,2026-01-21 21:45:00,4776.67,停損,58.53999999999997,-58.62999999999997,-1.0015374103177317,True,2026-01-21|2.5|1,1.186197471814138,0.907413734198837,17.75
2026-01-21,3.0,22,1,4849.91,4844.15,4783.49,60.659999999999854,79.22799999999998,0.7656384106628953,True,2026-01-21 06:30:00,0.09,0.0,0.0,2026-01-21 21:45:00,4783.49,停損,66.42000000000007,-66.51000000000008,-1.0013550135501357,True,2026-01-21|3.0|1,1.2667871123155574,0.5784402288467334,15.25
2026-01-21,4.5,23,1,4865.49,4849.74,4822.13,27.609999999999676,79.22799999999998,0.348487908315238,True,2026-01-21 06:45:00,0.09,0.0,0.0,2026-01-21 17:30:00,4822.13,停損,43.35999999999967,-43.44999999999968,-1.0020756457564577,True,2026-01-21|4.5|1,1.207564575645758,0.5267527675276826,10.75
2026-01-21,6.0,30,1,4884.0,4870.86,4837.92,32.9399999999996,79.22799999999998,0.4157621043065533,True,2026-01-21 08:30:00,0.09,0.0,0.0,2026-01-21 09:15:00,4837.92,停損,46.07999999999993,-46.16999999999993,-1.001953125,True,2026-01-21|6.0|1,1.0605468749999993,0.07183159722223102,0.75
2026-01-21,9.0,38,1,4866.83,4857.18,4832.62,24.5600000000004,79.22799999999998,0.309991417175751,True,2026-01-21 10:30:00,0.09,0.0,0.0,2026-01-21 17:30:00,4832.62,停損,34.21000000000004,-34.30000000000004,-1.0026308097047647,True,2026-01-21|9.0|1,1.569716457176257,0.4124524992692094,7.0
2026-01-21,9.5,42,1,4875.71,4869.57,4838.91,30.65999999999985,79.22799999999998,0.3869843994547365,True,2026-01-21 11:30:00,0.09,0.0,0.0,2026-01-21 17:30:00,4838.91,停損,36.80000000000018,-36.890000000000185,-1.0024456521739131,True,2026-01-21|9.5|1,1.7005434782608593,0.14211956521737873,6.0
2026-01-22,3.5,15,-1,4781.95,4804.73,4786.62,18.109999999999676,84.79199999999992,0.2135814699499916,False,2026-01-22 04:45:00,0.1,0.2240777431833194,0.0,2026-01-22 08:00:00,4804.73,停損,22.779999999999745,-22.879999999999747,-1.0043898156277438,True,2026-01-22|3.5|-1,1.7458296751536821,0.0,3.25
2026-01-23,5.5,27,1,4961.1,4954.49,4942.56,11.929999999999382,94.45499999999991,0.1263035307818473,True,2026-01-23 07:45:00,0.1,0.0635223122121645,0.0769230769230769,2026-01-23 10:15:00,4942.56,停損,18.539999999999964,-18.639999999999965,-1.005393743257821,True,2026-01-23|5.5|1,1.111111111111133,0.3300970873786355,2.5
2026-01-23,10.5,53,1,4933.79,4926.31,4899.67,26.640000000000327,94.45499999999991,0.2820390662220142,True,2026-01-23 14:15:00,0.1,0.0211741040707215,0.7884615384615384,2026-01-24 00:00:00,4987.1,收盤,34.11999999999989,53.2100000000004,1.5594958968347177,True,2026-01-23|10.5|1,0.2930832356389224,1.6398007033997655,9.75
2026-01-26,2.0,9,1,5057.65,5052.1,5030.7,21.400000000000546,97.03599999999987,0.2205367080258932,True,2026-01-26 03:15:00,0.1,0.1133599901067646,0.0,2026-01-26 21:30:00,5030.7,停損,26.949999999999815,-27.04999999999982,-1.0037105751391466,True,2026-01-26|2.0|1,1.3777365491651004,1.9844155844156157,18.25
2026-01-26,2.5,11,1,5083.45,5075.38,5028.95,46.43000000000029,97.03599999999987,0.4784822127870105,True,2026-01-26 03:45:00,0.1,0.1133599901067646,0.0,2026-01-26 21:30:00,5028.95,停損,54.5,-54.6,-1.001834862385321,True,2026-01-26|2.5|1,1.1546788990825574,0.5078899082568861,17.75
2026-01-26,6.0,31,1,5092.11,5078.0,5058.5,19.5,97.03599999999987,0.2009563460983555,True,2026-01-26 08:45:00,0.1,0.1133599901067646,0.0,2026-01-26 15:45:00,5058.5,停損,33.60999999999967,-33.709999999999674,-1.0029753049687593,True,2026-01-26|6.0|1,1.1136566498065976,0.5659030050580369,7.0
2026-01-28,2.0,9,1,5190.88,5180.13,5157.41,22.72000000000025,109.05,0.2083447959651559,True,2026-01-28 03:15:00,0.1,0.0183402109124254,0.5,2026-01-29 00:00:00,5417.42,收盤,33.470000000000255,226.44,6.765461607409568,True,2026-01-28|2.0|1,0.27069017030177267,6.7732297579921745,20.75
2026-01-28,2.5,11,1,5215.5,5202.46,5163.05,39.409999999999854,109.05,0.361393856029343,True,2026-01-28 03:45:00,0.1,0.0183402109124254,0.4,2026-01-29 00:00:00,5417.42,收盤,52.44999999999982,201.82000000000008,3.847855100095344,True,2026-01-28|2.5|1,0.2640610104861852,3.8528122020972475,20.25
2026-01-28,3.0,16,1,5231.97,5225.21,5168.71,56.5,109.05,0.5181109582760202,True,2026-01-28 05:00:00,0.1,0.0183402109124254,0.2666666666666666,2026-01-29 00:00:00,5417.42,收盤,63.26000000000022,185.34999999999985,2.9299715460006195,True,2026-01-28|3.0|1,0.11650331963325744,2.9340815681315053,19.0
2026-01-28,4.0,17,1,5243.6,5234.62,5201.65,32.970000000000255,109.05,0.3023383768913366,True,2026-01-28 05:15:00,0.1,0.0183402109124254,0.25,2026-01-29 00:00:00,5417.42,收盤,41.95000000000073,173.71999999999971,4.141120381406358,True,2026-01-28|4.0|1,0.45292014302740574,4.14731823599515,18.75
2026-01-28,4.5,25,1,5253.99,5247.58,5216.67,30.90999999999985,109.05,0.2834479596515347,True,2026-01-28 07:15:00,0.1,0.0183402109124254,0.1666666666666666,2026-01-29 00:00:00,5417.42,收盤,37.31999999999971,163.3300000000003,4.376473740621693,True,2026-01-28|4.5|1,0.48633440514468856,4.383440514469491,16.75
2026-01-28,6.0,26,1,5259.18,5248.92,5232.31,16.609999999999673,109.05,0.1523154516276907,True,2026-01-28 07:30:00,0.1,0.0183402109124254,0.16,2026-01-29 00:00:00,5417.42,收盤,26.86999999999989,158.1399999999998,5.8853740230740765,True,2026-01-28|6.0|1,0.8686267212504741,5.895050241905481,16.5
2026-01-28,6.5,32,1,5269.92,5261.94,5233.76,28.17999999999938,109.05,0.2584135717560695,True,2026-01-28 09:00:00,0.1,0.0183402109124254,0.1290322580645161,2026-01-29 00:00:00,5417.42,收盤,36.159999999999854,147.4,4.076327433628335,True,2026-01-28|6.5|1,0.9424778761061965,4.083517699115057,15.0
2026-01-28,7.0,33,1,5273.77,5266.4,5241.66,24.73999999999978,109.05,0.2268684089867013,True,2026-01-28 09:15:00,0.1,0.0183402109124254,0.125,2026-01-28 13:15:00,5241.66,停損,32.11000000000058,-32.21000000000058,-1.0031142946122704,True,2026-01-28|7.0|1,1.0924945499844347,1.1765805045156978,4.0
2026-01-28,8.0,34,1,5281.15,5271.48,5252.06,19.419999999999163,109.05,0.1780834479596438,True,2026-01-28 09:30:00,0.1,0.0183402109124254,0.1212121212121212,2026-01-28 13:15:00,5252.06,停損,29.08999999999924,-29.18999999999924,-1.0034376074252322,True,2026-01-28|8.0|1,1.459608112753563,1.0450326572705857,3.75
2026-01-28,8.5,36,1,5290.46,5284.15,5255.15,29.0,109.05,0.2659330582301696,True,2026-01-28 10:00:00,0.1,0.0183402109124254,0.1142857142857142,2026-01-28 13:15:00,5255.15,停損,35.3100000000004,-35.4100000000004,-1.0028320589068254,True,2026-01-28|8.5|1,1.466156896063434,0.5972812234494451,3.25
2026-01-28,9.0,38,1,5299.32,5292.86,5263.0,29.859999999999676,109.05,0.2738193489225096,True,2026-01-28 10:30:00,0.1,0.0183402109124254,0.1081081081081081,2026-01-28 13:15:00,5263.0,停損,36.31999999999971,-36.41999999999971,-1.0027533039647578,True,2026-01-28|9.0|1,1.6693281938326154,0.3367290748898836,2.75
2026-01-29,2.0,11,1,5540.14,5527.16,5454.62,72.53999999999996,129.433,0.5604443998053045,True,2026-01-29 03:45:00,0.1,0.2317801488028555,0.0,2026-01-29 17:15:00,5454.62,停損,85.52000000000044,-85.62000000000043,-1.0011693171188023,True,2026-01-29|2.0|1,2.0233863423760416,0.6468662301216023,13.5
2026-01-29,4.0,23,1,5557.27,5550.33,5504.39,45.9399999999996,129.433,0.3549326678667697,True,2026-01-29 06:45:00,0.1,0.2317801488028555,0.0,2026-01-29 10:45:00,5504.39,停損,52.88000000000011,-52.98000000000011,-1.001891074130106,True,2026-01-29|4.0|1,1.5410363086233079,0.7222012102874342,4.0
2026-01-29,3.0,24,1,5558.3,5551.43,5445.57,105.86000000000058,129.433,0.8178748850756807,True,2026-01-29 07:00:00,0.1,0.2317801488028555,0.0,2026-01-29 17:15:00,5445.57,停損,112.73000000000047,-112.83000000000048,-1.000887075312694,True,2026-01-29|3.0|1,1.6960879978710106,0.32963718619710547,10.25
2026-01-29,5.5,25,1,5559.89,5552.47,5520.28,32.19000000000051,129.433,0.2487000996654679,True,2026-01-29 07:15:00,0.1,0.2317801488028555,0.0,2026-01-29 07:30:00,5520.28,停損,39.61000000000058,-39.71000000000058,-1.002524614996213,True,2026-01-29|5.5|1,1.098964907851553,0.014642766978033798,0.25
2026-01-29,6.0,29,1,5584.32,5564.6,5533.6,31.0,129.433,0.2395061537629507,True,2026-01-29 08:15:00,0.1,0.2317801488028555,0.0,2026-01-29 10:15:00,5533.6,停損,50.71999999999935,-50.81999999999935,-1.0019716088328077,True,2026-01-29|6.0|1,1.2070189274447976,0.21963722397477267,2.0
2026-01-29,10.5,54,1,5540.84,5530.36,5474.4,55.96000000000004,129.433,0.4323472375669268,True,2026-01-29 14:30:00,0.1,0.2317801488028555,0.0,2026-01-29 17:15:00,5474.4,停損,66.44000000000051,-66.5400000000005,-1.001505117399157,True,2026-01-29|10.5|1,2.6149909692955817,0.13410596026489743,2.75
2026-01-30,6.0,28,-1,5184.89,5230.46,5193.67,36.78999999999997,173.88199999999998,0.2115802670776732,True,2026-01-30 08:00:00,0.1,0.0,0.1481481481481481,2026-01-31 00:00:00,4885.55,收盤,45.56999999999971,299.2400000000001,6.566600833881984,True,2026-01-30|6.0|-1,0.44941847706823995,10.829931972789195,16.0
2026-01-30,7.0,30,-1,5157.18,5241.09,5180.04,61.05000000000018,173.88199999999998,0.3511001713805925,True,2026-01-30 08:30:00,0.1,0.0,0.1379310344827586,2026-01-31 00:00:00,4885.55,收盤,83.90999999999985,271.5300000000001,3.2359671076153087,True,2026-01-30|7.0|-1,0.34966035037540455,5.551304969610311,15.5
2026-01-30,7.5,35,-1,5146.86,5239.84,5156.91,82.93000000000029,173.88199999999998,0.4769326324748985,True,2026-01-30 09:45:00,0.1,0.0,0.1176470588235294,2026-01-31 00:00:00,4885.55,收盤,92.98000000000047,261.20999999999947,2.809313830931363,True,2026-01-30|7.5|-1,0.4098730909873133,4.898795439879517,14.25
2026-01-30,8.0,39,-1,5096.12,5205.37,5145.55,59.81999999999971,173.88199999999998,0.3440264087139538,True,2026-01-30 10:45:00,0.1,0.0,0.1052631578947368,2026-01-31 00:00:00,4885.55,收盤,109.25,210.4699999999997,1.9264988558352376,True,2026-01-30|8.0|-1,0.45482837528604586,3.7048054919908466,13.25
2026-01-30,10.0,41,-1,5028.91,5181.33,5057.6,123.72999999999956,173.88199999999998,0.7115745160511127,True,2026-01-30 11:15:00,0.1,0.0,0.1,2026-01-31 00:00:00,4885.55,收盤,152.42000000000007,143.25999999999968,0.9399028998819028,True,2026-01-30|10.0|-1,0.7669597165726315,2.2145387744390486,12.75
2026-01-30,10.5,43,-1,4976.72,5155.01,5014.47,140.53999999999996,173.88199999999998,0.8082492724951403,True,2026-01-30 11:45:00,0.1,0.0,0.0952380952380952,2026-01-31 00:00:00,4885.55,收盤,178.28999999999996,91.07000000000008,0.51079701609737,True,2026-01-30|10.5|-1,0.9483986763138716,1.6004823601996772,12.25
2026-02-02,4.0,19,-1,4665.48,4773.0,4698.92,74.07999999999993,241.425,0.3068447758102927,True,2026-02-02 05:45:00,0.1,0.0704152428290359,0.2777777777777778,2026-02-02 13:45:00,4773.0,停損,107.52000000000044,-107.62000000000045,-1.0009300595238095,True,2026-02-02|4.0|-1,1.0564546130952353,2.4414062499999902,8.0
2026-02-02,4.5,20,-1,4646.7,4773.0,4664.68,108.31999999999972,241.425,0.4486693590141853,True,2026-02-02 06:00:00,0.1,0.0704152428290359,0.2631578947368421,2026-02-02 13:45:00,4773.0,停損,126.30000000000018,-126.40000000000018,-1.0007917656373713,True,2026-02-02|4.5|-1,1.0480601741884379,1.9296912114014244,7.75
2026-02-02,5.0,27,-1,4575.72,4729.41,4630.4,99.01000000000022,241.425,0.4101066583825213,True,2026-02-02 07:45:00,0.1,0.0704152428290359,0.1923076923076923,2026-02-02 12:00:00,4729.41,停損,153.6899999999996,-153.7899999999996,-1.000650660420327,True,2026-02-02|5.0|-1,1.0116468215238466,1.1239508100722306,4.25
2026-02-02,7.0,30,-1,4486.38,4696.13,4498.55,197.57999999999996,241.425,0.8183908045977009,True,2026-02-02 08:30:00,0.1,0.0704152428290359,0.1724137931034483,2026-02-02 11:30:00,4696.13,停損,209.75,-209.85,-1.000476758045292,True,2026-02-02|7.0|-1,1.0186889153754473,0.3976162097735425,3.0
2026-02-03,6.5,30,1,4871.59,4841.87,4806.11,35.76000000000022,280.19000000000005,0.1276276812163182,False,2026-02-03 08:30:00,0.1,0.1820193440165601,0.0,2026-02-04 00:00:00,4946.45,收盤,65.48000000000047,74.75999999999968,1.1417226634086612,True,2026-02-03|6.5|1,0.09865607819181414,1.867440439828938,15.5
2026-02-03,7.5,31,1,4891.63,4875.14,4813.5,61.64000000000033,280.19000000000005,0.2199935757878593,False,2026-02-03 08:45:00,0.1,0.1820193440165601,0.0,2026-02-04 00:00:00,4946.45,收盤,78.13000000000011,54.71999999999971,0.7003711762447156,True,2026-02-03|7.5|1,0.3391782925892738,1.3085882503519728,15.25
2026-02-03,8.0,35,1,4921.34,4893.9,4816.6,77.29999999999927,280.19000000000005,0.2758842214211758,False,2026-02-03 09:45:00,0.1,0.1820193440165601,0.0,2026-02-04 00:00:00,4946.45,收盤,104.73999999999978,25.00999999999967,0.2387817452740092,True,2026-02-03|8.0|1,0.3854305900324611,0.692476608745464,14.25
2026-02-04,4.5,24,1,5080.6,5062.14,5035.6,26.539999999999964,303.059,0.0875737067699687,True,2026-02-04 07:00:00,0.1,0.0329968751959189,0.0,2026-02-04 13:30:00,5035.6,停損,45.0,-45.1,-1.0022222222222223,True,2026-02-04|4.5|1,1.4857777777777907,0.25,6.5
2026-02-04,3.5,25,1,5082.98,5065.45,5010.73,54.720000000000255,303.059,0.1805589010720693,True,2026-02-04 07:15:00,0.1,0.0329968751959189,0.0,2026-02-04 16:45:00,5010.73,停損,72.25,-72.35,-1.0013840830449827,True,2026-02-04|3.5|1,1.5990311418685086,0.12276816608997647,9.5
2026-02-04,5.5,34,1,5089.5,5074.17,5051.65,22.52000000000044,303.059,0.0743089629412109,True,2026-02-04 09:30:00,0.1,0.0329968751959189,0.0,2026-02-04 11:45:00,5051.65,停損,37.85000000000037,-37.950000000000365,-1.002642007926024,True,2026-02-04|5.5|1,1.2258916776750115,0.06208718626156779,2.25
2026-02-05,8.0,44,-1,4855.08,4934.01,4878.34,55.67000000000007,313.55300000000005,0.1775457418682011,False,2026-02-05 12:00:00,0.1,0.0,0.0697674418604651,2026-02-06 00:00:00,4776.55,收盤,78.93000000000029,78.42999999999975,0.9936652730267256,True,2026-02-05|8.0|-1,0.655770936272647,1.2072722665653062,12.0
2026-02-09,4.0,28,1,5037.12,5017.51,4969.25,48.26000000000022,345.736,0.1395862739199858,True,2026-02-09 08:00:00,0.1,0.0115695212532105,0.0,2026-02-10 00:00:00,5060.3,收盤,67.86999999999989,23.08000000000029,0.3400618830116447,True,2026-02-09|4.0|1,0.8059525563577413,0.730072196846917,16.0
2026-02-17,3.5,25,-1,4928.24,4971.12,4954.61,16.51000000000022,193.079,0.0855090403410014,True,2026-02-17 07:15:00,0.1,0.0051792271557238,0.0416666666666666,2026-02-18 00:00:00,4878.15,收盤,42.88000000000011,49.990000000000144,1.1658115671641796,True,2026-02-17|3.5|-1,0.37290111940297904,2.0065298507462628,16.75
2026-02-20,9.5,40,1,5028.89,5019.89,5005.1,14.789999999999964,147.06000000000003,0.1005711954304362,True,2026-02-20 11:00:00,0.1,0.0271997824017407,0.4615384615384615,2026-02-20 17:15:00,5005.1,停損,23.789999999999964,-23.889999999999965,-1.0042034468263976,True,2026-02-20|9.5|1,1.6343001261034118,1.4854981084488983,6.25
2026-02-23,2.0,15,1,5174.45,5166.71,5129.76,36.94999999999982,128.0660000000001,0.2885231052738415,True,2026-02-23 04:45:00,0.1,0.234254212671591,0.0,2026-02-23 09:30:00,5129.76,停損,44.6899999999996,-44.7899999999996,-1.0022376370552697,True,2026-02-23|2.0|1,1.0854777355113148,0.048556724099353146,4.75
2026-02-23,9.5,42,1,5149.19,5139.68,5122.6,17.079999999999927,128.0660000000001,0.1333687317476919,True,2026-02-23 11:30:00,0.1,0.1795948963815531,0.0,2026-02-24 00:00:00,5227.92,收盤,26.58999999999924,78.63000000000048,2.9571267393758083,True,2026-02-23|9.5|1,0.2892064685972102,3.3343362166229147,12.5
2026-02-23,10.5,46,1,5156.11,5149.48,5122.38,27.09999999999945,128.0660000000001,0.2116096387799996,True,2026-02-23 12:30:00,0.1,0.1795948963815531,0.0,2026-02-24 00:00:00,5227.92,收盤,33.72999999999956,71.7100000000004,2.1260005929440062,True,2026-02-23|10.5|1,0.4331455677438441,2.42336199229178,11.5
2026-02-23,9.0,48,1,5162.94,5154.38,5125.15,29.230000000000476,128.0660000000001,0.2282416878796905,True,2026-02-23 13:00:00,0.1,0.1795948963815531,0.0,2026-02-24 00:00:00,5227.92,收盤,37.78999999999997,64.88000000000048,1.7168563111934518,True,2026-02-23|9.0|1,0.5673458586927658,1.9822704419158725,11.0
2026-03-02,3.5,15,1,5351.12,5339.2,5305.55,33.64999999999964,116.87000000000008,0.2879267562248619,True,2026-03-02 04:45:00,0.1,0.0342260631470864,0.0,2026-03-02 18:15:00,5305.55,停損,45.56999999999971,-45.66999999999971,-1.00219442615756,True,2026-03-02|3.5|1,1.980030721966209,1.4957208689927648,13.5
2026-03-02,3.0,17,1,5355.16,5347.5,5303.39,44.10999999999967,116.87000000000008,0.3774279113544934,True,2026-03-02 05:15:00,0.1,0.0342260631470864,0.0,2026-03-02 18:15:00,5303.39,停損,51.76999999999953,-51.86999999999953,-1.0019316206297084,True,2026-03-02|3.0|1,1.8209387676260458,1.2385551477689873,13.0
2026-03-02,4.0,19,1,5362.26,5351.77,5317.15,34.6200000000008,116.87000000000008,0.2962265765380403,True,2026-03-02 05:45:00,0.1,0.0342260631470864,0.0,2026-03-02 16:30:00,5317.15,停損,45.11000000000058,-45.21000000000058,-1.002216803369541,True,2026-03-02|4.0|1,1.2256705830192696,1.2640212813123208,10.75
2026-03-02,4.5,20,1,5366.38,5359.45,5328.73,30.72000000000025,116.87000000000008,0.2628561649696264,True,2026-03-02 06:00:00,0.1,0.0342260631470864,0.0,2026-03-02 16:30:00,5328.73,停損,37.65000000000055,-37.75000000000055,-1.00265604249668,True,2026-03-02|4.5|1,1.5779548472775293,1.4050464807436616,10.5
2026-03-02,5.0,29,1,5375.52,5366.83,5344.51,22.31999999999971,116.87000000000008,0.19098143236074,True,2026-03-02 08:15:00,0.1,0.0342260631470864,0.0,2026-03-02 16:30:00,5344.51,停損,31.01000000000022,-31.11000000000022,-1.0032247662044502,True,2026-03-02|5.0|1,2.210577233150587,1.4111576910673653,8.25
2026-03-02,7.5,32,1,5387.56,5381.19,5348.98,32.21000000000004,116.87000000000008,0.2756053734919142,True,2026-03-02 09:00:00,0.1,0.0342260631470864,0.0,2026-03-02 16:30:00,5348.98,停損,38.58000000000084,-38.68000000000084,-1.0025920165889062,True,2026-03-02|7.5|1,2.08890616899944,0.822187662001002,7.5
2026-03-02,8.0,33,1,5406.06,5389.84,5363.74,26.100000000000364,116.87000000000008,0.2233250620347424,True,2026-03-02 09:15:00,0.1,0.0342260631470864,0.0,2026-03-02 16:15:00,5363.74,停損,42.32000000000062,-42.42000000000062,-1.0023629489603023,True,2026-03-02|8.0|1,1.0028355387523604,0.3123818525519648,7.0
2026-03-10,6.5,32,1,5177.92,5167.98,5154.41,13.569999999999707,154.38799999999983,0.0878954322874816,False,2026-03-10 09:00:00,0.1,0.0259087493846672,0.032258064516129,2026-03-11 00:00:00,5192.77,收盤,23.51000000000022,14.750000000000364,0.6273925988940973,True,2026-03-10|6.5|1,0.9076988515525286,2.5784772437260455,15.0
2026-03-10,7.5,42,1,5184.05,5174.19,5161.53,12.659999999999854,154.38799999999983,0.0820011918024708,False,2026-03-10 11:30:00,0.1,0.0259087493846672,0.024390243902439,2026-03-10 13:45:00,5161.53,停損,22.52000000000044,-22.62000000000044,-1.0044404973357015,True,2026-03-10|7.5|1,1.2198046181172166,0.4960035523978621,2.25
2026-03-10,8.0,43,1,5189.86,5179.31,5163.89,15.420000000000073,154.38799999999983,0.0998782288778926,False,2026-03-10 11:45:00,0.1,0.0259087493846672,0.0238095238095238,2026-03-10 13:45:00,5163.89,停損,25.969999999999345,-26.069999999999347,-1.0038505968425109,True,2026-03-10|8.0|1,1.2814786291875466,0.20639199075859518,2.0
2026-03-13,5.0,31,-1,5100.65,5128.46,5110.48,17.980000000000473,154.8039999999998,0.1161468695899362,True,2026-03-13 08:45:00,0.1,0.0258391256039895,0.5333333333333333,2026-03-14 00:00:00,5018.76,收盤,27.8100000000004,81.78999999999942,2.941028407047761,True,2026-03-13|5.0|-1,0.763034879539732,3.268967997123285,15.25
2026-03-13,5.5,34,-1,5095.66,5121.84,5108.3,13.539999999999964,154.8039999999998,0.0874654401695045,True,2026-03-13 09:30:00,0.1,0.0258391256039895,0.4848484848484848,2026-03-13 16:00:00,5121.84,停損,26.18000000000029,-26.28000000000029,-1.0038197097020627,True,2026-03-13|5.5|-1,1.001145912910609,1.3006111535523226,6.5
2026-03-13,7.0,35,-1,5091.74,5117.99,5102.74,15.25,154.8039999999998,0.0985116663652103,True,2026-03-13 09:45:00,0.1,0.0258391256039895,0.4705882352941176,2026-03-13 15:15:00,5117.99,停損,26.25,-26.35,-1.003809523809524,True,2026-03-13|7.0|-1,1.0350476190476219,1.147809523809528,5.5
2026-03-13,8.0,36,-1,5088.32,5111.01,5098.28,12.730000000000471,154.8039999999998,0.0822330172346999,True,2026-03-13 10:00:00,0.1,0.0258391256039895,0.4571428571428571,2026-03-13 15:15:00,5111.01,停損,22.69000000000051,-22.79000000000051,-1.00440722785368,True,2026-03-13|8.0|-1,1.348171000440699,1.1771705597179125,5.25
2026-03-13,8.5,41,-1,5078.31,5111.01,5088.95,22.0600000000004,154.8039999999998,0.1425027777060052,True,2026-03-13 11:15:00,0.1,0.0258391256039895,0.4,2026-03-13 15:15:00,5111.01,停損,32.69999999999982,-32.79999999999982,-1.0030581039755353,True,2026-03-13|8.5|-1,1.2415902140672685,0.5107033639143982,4.0
2026-03-13,9.0,42,-1,5070.88,5107.79,5085.86,21.93000000000029,154.8039999999998,0.1416630061238748,True,2026-03-13 11:30:00,0.1,0.0258391256039895,0.3902439024390244,2026-03-13 15:00:00,5107.79,停損,36.909999999999854,-37.009999999999856,-1.0027092928745598,True,2026-03-13|9.0|-1,1.0002709292874619,0.011108100785691034,3.5
2026-03-16,3.0,13,-1,4986.57,5030.87,4996.87,34.0,155.25899999999984,0.2189889152963759,True,2026-03-16 04:15:00,0.1,0.0,0.8333333333333334,2026-03-16 09:30:00,5030.87,停損,44.30000000000018,-44.40000000000018,-1.002257336343115,True,2026-03-16|3.0|-1,1.115801354401808,0.08713318284423605,5.25
2026-03-16,6.5,38,-1,5002.31,5026.26,5010.29,15.970000000000256,155.25899999999984,0.1028603816847994,True,2026-03-16 10:30:00,0.1,0.0386451026993604,0.8918918918918919,2026-03-16 16:30:00,5026.26,停損,23.949999999999815,-24.04999999999982,-1.0041753653444678,True,2026-03-16|6.5|-1,1.1640918580375539,1.337787056367441,6.0
2026-03-16,7.5,39,-1,4992.82,5024.86,5007.95,16.909999999999854,155.25899999999984,0.1089147811076966,True,2026-03-16 10:45:00,0.1,0.0386451026993604,0.868421052631579,2026-03-16 15:45:00,5024.86,停損,32.039999999999964,-32.139999999999965,-1.0031210986267167,True,2026-03-16|7.5|-1,1.0049937578027703,0.7038077403245724,5.0
2026-03-16,9.5,41,-1,4988.71,5029.56,4998.27,31.289999999999964,155.25899999999984,0.2015342105771645,True,2026-03-16 11:15:00,0.1,0.0386451026993604,0.825,2026-03-16 16:30:00,5029.56,停損,40.85000000000037,-40.950000000000365,-1.0024479804161568,True,2026-03-16|9.5|-1,1.015422276621767,0.45140758873927617,5.25
2026-03-16,10.0,47,-1,4981.55,5016.44,4991.96,24.479999999999563,155.25899999999984,0.1576720190133878,True,2026-03-16 12:45:00,0.1,0.0386451026993604,0.717391304347826,2026-03-16 14:30:00,5016.44,停損,34.88999999999942,-34.98999999999942,-1.00286615075953,True,2026-03-16|10.0|-1,1.1777013470908808,0.3233018056749766,1.75
2026-03-16,10.5,48,-1,4975.38,5007.34,4987.89,19.449999999999815,155.25899999999984,0.1252745412504256,True,2026-03-16 13:00:00,0.1,0.0386451026993604,0.7021276595744681,2026-03-16 14:30:00,5007.34,停損,31.96000000000004,-32.06000000000004,-1.0031289111389237,True,2026-03-16|10.5|-1,1.4787234042553241,0.1598873591989883,1.5
2026-03-19,5.5,30,-1,4846.68,4866.15,4853.51,12.639999999999418,123.96499999999996,0.1019642641067996,True,2026-03-19 08:30:00,0.1,0.0080667930464243,0.4827586206896552,2026-03-20 00:00:00,4657.69,收盤,19.469999999999345,188.8900000000007,9.701592193117978,True,2026-03-19|5.5|-1,0.002054442732407035,17.671289162815203,15.5
2026-03-19,5.0,31,-1,4833.72,4862.03,4841.8,20.229999999999563,123.96499999999996,0.163191223329162,True,2026-03-19 08:45:00,0.1,0.0080667930464243,0.4666666666666667,2026-03-20 00:00:00,4657.69,收盤,28.30999999999949,175.93000000000066,6.214411868597804,True,2026-03-19|5.0|-1,0.3013069586718438,11.695513952667126,15.25
2026-03-19,8.0,34,-1,4813.48,4853.85,4827.09,26.76000000000022,123.96499999999996,0.2158673819223186,True,2026-03-19 09:30:00,0.1,0.0080667930464243,0.4242424242424242,2026-03-20 00:00:00,4657.69,收盤,40.3700000000008,155.68999999999997,3.856576665840894,True,2026-03-19|8.0|-1,0.1615060688630247,7.700272479563872,14.5
2026-03-19,8.5,35,-1,4786.3,4846.72,4813.48,33.24000000000069,123.96499999999996,0.2681402008631525,True,2026-03-19 09:45:00,0.1,0.0080667930464243,0.4117647058823529,2026-03-20 00:00:00,4657.69,收盤,60.42000000000007,128.5100000000006,2.1269447202913017,True,2026-03-19|8.5|-1,0.03806686527640151,4.695134061569016,14.25
2026-03-19,9.0,39,-1,4739.84,4842.25,4747.88,94.36999999999988,123.96499999999996,0.7612632597910695,True,2026-03-19 10:45:00,0.1,0.0080667930464243,0.3684210526315789,2026-03-20 00:00:00,4657.69,收盤,102.40999999999984,82.05000000000055,0.801191289913101,True,2026-03-19|9.0|-1,0.14861829899424156,2.3163753539693452,13.25
2026-03-19,10.0,41,-1,4714.65,4784.34,4727.51,56.82999999999993,123.96499999999996,0.4584358488282978,True,2026-03-19 11:15:00,0.1,0.0080667930464243,0.35,2026-03-20 00:00:00,4657.69,收盤,69.69000000000051,56.86000000000004,0.8158989812024626,True,2026-03-19|10.0|-1,0.31482278662649377,3.0424738125986255,12.75
2026-03-19,10.5,43,-1,4688.59,4771.67,4701.41,70.26000000000022,123.96499999999996,0.5667728794417799,True,2026-03-19 11:45:00,0.1,0.0080667930464243,0.3333333333333333,2026-03-20 00:00:00,4657.69,收盤,83.07999999999993,30.800000000000544,0.3707270101107435,True,2026-03-19|10.5|-1,0.44884448724121323,2.238444872412138,12.25
2026-03-23,2.0,9,-1,4436.57,4510.79,4452.33,58.46000000000004,160.68500000000003,0.3638174067274483,True,2026-03-23 03:15:00,0.1,0.0622335625602887,0.125,2026-03-23 17:30:00,4510.79,停損,74.22000000000025,-74.32000000000025,-1.001347345728914,True,2026-03-23|2.0|-1,1.0285637294529761,4.549582322824022,14.25
2026-03-23,2.5,11,-1,4361.99,4493.63,4404.59,89.03999999999996,160.68500000000003,0.5541276410368108,True,2026-03-23 03:45:00,0.1,0.0622335625602887,0.1,2026-03-23 17:30:00,4493.63,停損,131.64000000000033,-131.74000000000032,-1.000759647523549,True,2026-03-23|2.5|-1,1.1464600425402591,1.9985566697052528,13.75
2026-03-23,4.5,20,-1,4360.66,4454.26,4381.23,73.03000000000065,160.68500000000003,0.4544917073777928,True,2026-03-23 06:00:00,0.1,0.0622335625602887,0.0526315789473684,2026-03-23 14:15:00,4454.26,停損,93.60000000000036,-93.70000000000036,-1.001068376068376,True,2026-03-23|4.5|-1,1.0880341880341853,2.796581196581188,8.25
2026-03-23,5.0,23,-1,4342.15,4422.04,4354.94,67.10000000000036,160.68500000000003,0.4175872047795398,True,2026-03-23 06:45:00,0.1,0.0622335625602887,0.0454545454545454,2026-03-23 14:15:00,4422.04,停損,79.89000000000033,-79.99000000000032,-1.0012517211165353,True,2026-03-23|5.0|-1,1.5064463637501548,3.044811615971949,7.5
2026-03-23,5.5,31,-1,4322.02,4400.85,4347.09,53.76000000000022,160.68500000000003,0.3345676323241137,True,2026-03-23 08:45:00,0.1,0.0622335625602887,0.0333333333333333,2026-03-23 14:15:00,4400.85,停損,78.82999999999993,-78.92999999999992,-1.0012685525815044,True,2026-03-23|5.5|-1,1.7820626664975223,2.830394519852861,5.5
2026-03-23,8.0,34,-1,4243.63,4380.19,4302.45,77.73999999999978,160.68500000000003,0.4838037153436834,True,2026-03-23 09:30:00,0.1,0.0622335625602887,0.0303030303030303,2026-03-23 14:15:00,4380.19,停損,136.5599999999995,-136.65999999999948,-1.0007322788517867,True,2026-03-23|8.0|-1,1.6027387229056878,1.0598271821909857,4.75
2026-03-23,8.5,35,-1,4183.21,4356.31,4239.08,117.23000000000047,160.68500000000003,0.7295640538942679,True,2026-03-23 09:45:00,0.1,0.0622335625602887,0.0294117647058823,2026-03-23 14:15:00,4356.31,停損,173.10000000000036,-173.20000000000036,-1.000577700751011,True,2026-03-23|8.5|-1,1.6134604274985522,0.4870595031773554,4.5
2026-03-23,9.0,37,-1,4129.96,4310.36,4163.42,146.9399999999996,160.68500000000003,0.9144599682608804,True,2026-03-23 10:15:00,0.1,0.0622335625602887,0.0277777777777777,2026-03-23 14:15:00,4310.36,停損,180.39999999999964,-180.49999999999963,-1.0005543237250554,True,2026-03-23|9.0|-1,1.8433481152993383,0.17217294900221985,4.0
2026-03-25,2.0,11,1,4567.86,4551.64,4472.63,79.01000000000022,191.7970000000001,0.4119459637012058,True,2026-03-25 03:45:00,0.1,0.052138458891432,0.2,2026-03-26 00:00:00,4505.76,收盤,95.22999999999956,-62.199999999999456,-0.6531555182190459,True,2026-03-25|2.0|1,0.84973222723932,0.3646959991599352,20.25
2026-03-25,3.0,15,1,4585.31,4572.07,4537.55,34.51999999999953,191.7970000000001,0.1799819600932209,True,2026-03-25 04:45:00,0.1,0.052138458891432,0.1428571428571428,2026-03-25 09:15:00,4537.55,停損,47.76000000000022,-47.86000000000022,-1.0020938023450587,True,2026-03-25|3.0|1,1.0900335008375244,0.36180904522612367,4.5
2026-03-25,3.5,16,1,4594.85,4578.76,4546.89,31.86999999999989,191.7970000000001,0.1661652684869934,True,2026-03-25 05:00:00,0.1,0.052138458891432,0.1333333333333333,2026-03-25 09:15:00,4546.89,停損,47.96000000000004,-48.06000000000004,-1.0020850708924105,True,2026-03-25|3.5|1,1.2844036697247772,0.16138448707255576,4.25
2026-03-25,10.5,54,1,4579.86,4567.8,4535.95,31.850000000000364,191.7970000000001,0.166060991569213,True,2026-03-25 14:30:00,0.1,0.052138458891432,0.0377358490566037,2026-03-25 15:45:00,4535.95,停損,43.909999999999854,-44.009999999999856,-1.0022773855613756,True,2026-03-25|10.5|1,1.3165565930311929,0.12685037576863215,1.25
2026-03-26,7.5,32,-1,4439.13,4524.32,4489.1,35.219999999999345,199.06700000000015,0.1769253567894192,False,2026-03-26 09:00:00,0.1,0.0251171716055398,0.3870967741935484,2026-03-27 00:00:00,4380.84,收盤,85.1899999999996,58.18999999999996,0.6830613921821838,True,2026-03-26|7.5|-1,0.47235591031811214,1.032632938138287,15.0
2026-03-26,8.0,33,-1,4420.98,4522.3,4439.07,83.23000000000047,199.06700000000015,0.4181004385458182,False,2026-03-26 09:15:00,0.1,0.0251171716055398,0.375,2026-03-27 00:00:00,4380.84,收盤,101.32000000000062,40.03999999999942,0.3951835767864111,True,2026-03-26|8.0|-1,0.5762929332806945,0.6891038294512365,14.75
2026-03-26,10.0,42,-1,4428.4,4463.94,4439.09,24.84999999999945,199.06700000000015,0.1248323428795301,False,2026-03-26 11:30:00,0.1,0.0251171716055398,0.2926829268292683,2026-03-26 17:30:00,4463.94,停損,35.539999999999964,-35.639999999999965,-1.0028137310073155,True,2026-03-26|10.0|-1,1.1640405177265292,0.43894203714123436,6.0
2026-03-26,9.5,43,-1,4420.17,4460.61,4430.67,29.9399999999996,199.06700000000015,0.1504016235739704,False,2026-03-26 11:45:00,0.1,0.0251171716055398,0.2857142857142857,2026-03-26 17:30:00,4460.61,停損,40.4399999999996,-40.5399999999996,-1.0024727992087044,True,2026-03-26|9.5|-1,1.2265084075173307,0.13649851632048693,5.75
2026-03-30,8.0,35,1,4540.14,4528.54,4496.87,31.670000000000076,210.82000000000016,0.1502229390000951,True,2026-03-30 09:45:00,0.1,0.0094867659614837,0.2352941176470588,2026-03-30 22:15:00,4496.87,停損,43.27000000000044,-43.37000000000044,-1.002311070025422,True,2026-03-30|8.0|1,1.07557198983128,0.9406055003466468,12.5
2026-04-01,2.0,10,1,4721.85,4699.9,4672.15,27.75,233.22400000000007,0.1189843240832847,True,2026-04-01 03:30:00,0.1,0.0085754467807772,0.3333333333333333,2026-04-01 07:30:00,4672.15,停損,49.70000000000073,-49.80000000000073,-1.0020120724346075,True,2026-04-01|2.0|1,1.1014084507042232,0.04768611670019832,4.0
2026-04-01,6.5,31,1,4702.17,4688.81,4667.11,21.700000000000728,233.22400000000007,0.0930435975714365,True,2026-04-01 08:45:00,0.1,0.0085754467807772,0.1,2026-04-02 00:00:00,4756.81,收盤,35.0600000000004,54.540000000000326,1.5556189389617714,True,2026-04-01|6.5|1,0.5521962350256546,2.5898459783228507,15.25
2026-04-01,5.5,34,1,4709.39,4694.28,4678.18,16.099999999999454,233.22400000000007,0.0690323465852547,True,2026-04-01 09:30:00,0.1,0.0085754467807772,0.0909090909090909,2026-04-02 00:00:00,4756.81,收盤,31.21000000000004,47.32000000000007,1.516180711310478,True,2026-04-01|5.5|1,0.22620954822173633,2.6779878244152457,14.5
2026-04-01,8.0,36,1,4730.61,4703.51,4674.93,28.579999999999927,233.22400000000007,0.1225431344973069,True,2026-04-01 10:00:00,0.1,0.0085754467807772,0.0857142857142857,2026-04-02 00:00:00,4756.81,收盤,55.67999999999938,26.10000000000073,0.4687500000000182,True,2026-04-01|8.0|1,0.3750000000000061,1.119971264367839,14.0
2026-04-15,3.0,13,1,4850.24,4840.05,4827.18,12.86999999999989,134.55,0.0956521739130426,True,2026-04-15 04:15:00,0.13,0.0074321813452248,0.8333333333333334,2026-04-15 05:45:00,4827.18,停損,23.05999999999949,-23.18999999999949,-1.0056374674761492,True,2026-04-15|3.0|1,1.2476149176062516,0.9171725932350829,1.5
2026-04-15,2.0,14,1,4850.92,4844.08,4833.8,10.279999999999744,134.55,0.0764028242289092,True,2026-04-15 04:30:00,0.13,0.0074321813452248,0.7692307692307693,2026-04-15 05:30:00,4833.8,停損,17.11999999999989,-17.24999999999989,-1.0075934579439252,True,2026-04-15|2.0|1,1.0771028037383543,0.1489485981308527,1.0
2026-04-23,2.0,9,-1,4699.34,4729.97,4723.57,6.400000000000546,97.68900000000022,0.0655140292151678,False,2026-04-23 03:15:00,0.1,0.0818925365189528,0.0,2026-04-23 03:30:00,4729.97,停損,30.63000000000011,-30.73000000000011,-1.0032647730982698,True,2026-04-23|2.0|-1,1.4067907280444008,0.16389160953315113,0.25
2026-04-23,9.0,44,-1,4703.34,4721.28,4708.58,12.699999999999818,97.68900000000022,0.1300044017238357,False,2026-04-23 12:00:00,0.13,0.0204731341297382,0.2558139534883721,2026-04-23 15:15:00,4721.28,停損,17.9399999999996,-18.0699999999996,-1.0072463768115942,True,2026-04-23|9.0|-1,1.9782608695652493,1.059643255295465,3.25
2026-04-23,9.5,45,-1,4697.03,4721.28,4703.08,18.199999999999815,97.68900000000022,0.1863055205806158,False,2026-04-23 12:15:00,0.13,0.0204731341297382,0.25,2026-04-23 15:15:00,4721.28,停損,24.25,-24.38,-1.005360824742268,True,2026-04-23|9.5|-1,1.723711340206193,0.523711340206178,3.0
2026-04-28,7.5,31,-1,4624.87,4669.97,4649.04,20.93000000000029,92.82000000000023,0.2254901960784339,True,2026-04-28 08:45:00,0.13,0.0215470803706097,0.2666666666666666,2026-04-29 00:00:00,4596.48,收盤,45.10000000000037,28.26000000000033,0.626607538802663,True,2026-04-28|7.5|-1,0.4013303769401378,1.550110864744995,15.25
2026-04-28,8.5,46,-1,4618.29,4658.56,4623.47,35.090000000000146,92.82000000000023,0.3780435251023492,True,2026-04-28 12:30:00,0.13,0.0215470803706097,0.1777777777777777,2026-04-29 00:00:00,4596.48,收盤,40.27000000000044,21.6800000000004,0.5383660293022142,True,2026-04-28|8.5|-1,0.021355848025817314,1.5726347156692138,11.5
2026-04-28,10.0,47,-1,4613.02,4639.43,4620.65,18.78000000000065,92.82000000000023,0.2023270846800323,True,2026-04-28 12:45:00,0.13,0.0215470803706097,0.1739130434782608,2026-04-29 00:00:00,4596.48,收盤,26.40999999999985,16.410000000000874,0.621355547141271,True,2026-04-28|10.0|-1,0.13441878076483502,2.1984096932980206,11.25
2026-04-28,10.5,48,-1,4604.78,4635.3,4614.67,20.63000000000011,92.82000000000023,0.2222581340228404,True,2026-04-28 13:00:00,0.13,0.0215470803706097,0.1702127659574468,2026-04-29 00:00:00,4596.48,收盤,30.52000000000044,8.170000000000181,0.2676933158584555,True,2026-04-28|10.5|-1,0.3863040629095607,1.6323722149409892,11.0
2026-05-04,10.0,49,-1,4542.0,4593.41,4578.05,15.359999999999673,100.52400000000034,0.1527993315029209,True,2026-05-04 13:15:00,0.13,0.079582985157773,0.0,2026-05-05 00:00:00,4523.21,收盤,51.409999999999854,18.659999999999965,0.3629644038124882,True,2026-05-04|10.0|-1,0.801400505738182,0.8027621085392055,10.75
2026-05-06,2.5,11,1,4610.41,4604.24,4579.58,24.65999999999985,95.53600000000024,0.2581225925305622,True,2026-05-06 03:45:00,0.13,0.0,0.2,2026-05-07 00:00:00,4690.66,收盤,30.829999999999927,80.12,2.59876743431723,True,2026-05-06|2.5|1,0.026921829386958456,3.650340577359722,20.25
2026-05-06,3.0,14,1,4624.99,4619.82,4588.29,31.529999999999745,95.53600000000024,0.3300326578462534,True,2026-05-06 04:30:00,0.13,0.0,0.1538461538461538,2026-05-07 00:00:00,4690.66,收盤,36.69999999999982,65.54000000000008,1.7858310626703109,True,2026-05-06|3.0|1,0.12425068119889682,2.6692098092643195,19.5
2026-05-06,3.5,17,1,4633.42,4625.64,4602.11,23.53000000000065,95.53600000000024,0.246294590520857,True,2026-05-06 05:15:00,0.13,0.0,0.125,2026-05-07 00:00:00,4690.66,收盤,31.3100000000004,57.10999999999978,1.8240178856595035,True,2026-05-06|3.5|1,0.21015649952091484,2.8594698179494924,18.75
2026-05-06,4.5,21,1,4647.81,4636.38,4620.43,15.949999999999818,95.53600000000024,0.1669527717300261,True,2026-05-06 06:15:00,0.13,0.0,0.1,2026-05-07 00:00:00,4690.66,收盤,27.38000000000011,42.71999999999945,1.5602629656683449,True,2026-05-06|4.5|1,0.1880934989043289,2.7443389335280903,17.75
2026-05-06,5.5,32,1,4663.0,4651.19,4626.84,24.34999999999945,95.53600000000024,0.2548777424216985,True,2026-05-06 09:00:00,0.13,0.0,0.064516129032258,2026-05-07 00:00:00,4690.66,收盤,36.159999999999854,27.529999999999852,0.7613384955752203,True,2026-05-06|5.5|1,0.1620575221238854,1.6579092920354,15.0
2026-05-06,8.0,36,1,4669.26,4663.85,4644.67,19.18000000000029,95.53600000000024,0.2007620164126637,True,2026-05-06 10:00:00,0.13,0.0,0.0571428571428571,2026-05-07 00:00:00,4690.66,收盤,24.590000000000146,21.26999999999964,0.8649857665717573,True,2026-05-06|8.0|1,0.4790565270435374,2.1834078893859,14.0
2026-05-06,8.5,40,1,4681.66,4666.67,4644.67,22.0,95.53600000000024,0.2302796851448662,True,2026-05-06 11:00:00,0.13,0.0,0.0512820512820512,2026-05-07 00:00:00,4690.66,收盤,36.98999999999978,8.87,0.2397945390646134,True,2026-05-06|8.5|1,0.5715058123817124,1.1162476344958152,13.0
2026-05-06,10.0,44,1,4700.18,4681.84,4657.48,24.360000000000586,95.53600000000024,0.2549824150058671,True,2026-05-06 12:00:00,0.13,0.0,0.0465116279069767,2026-05-07 00:00:00,4690.66,收盤,42.70000000000073,-9.650000000000436,-0.2259953161592569,True,2026-05-06|10.0|1,0.9288056206088801,0.5332552693208229,12.0
2026-05-11,2.0,9,-1,4682.69,4698.59,4688.91,9.680000000000293,105.53999999999996,0.0917187796096294,False,2026-05-11 03:15:00,0.13,0.0189501610763691,0.0,2026-05-11 04:15:00,4698.59,停損,15.900000000000546,-16.030000000000545,-1.0081761006289305,True,2026-05-11|2.0|-1,1.079245283018879,0.7748427672955526,1.0
2026-05-11,4.5,26,-1,4671.8,4701.76,4678.47,23.289999999999964,105.53999999999996,0.2206746257343184,False,2026-05-11 07:30:00,0.13,0.0379003221527383,0.52,2026-05-11 16:15:00,4701.76,停損,29.96000000000004,-30.090000000000035,-1.0043391188251,True,2026-05-11|4.5|-1,1.6695594125500488,0.7887182910547422,8.75
2026-05-11,5.0,30,-1,4670.83,4700.22,4676.64,23.579999999999927,105.53999999999996,0.2234223990903916,False,2026-05-11 08:30:00,0.13,0.0379003221527383,0.4482758620689655,2026-05-11 16:00:00,4700.22,停損,29.390000000000327,-29.520000000000326,-1.0044232732221845,True,2026-05-11|5.0|-1,1.0255188839741405,0.7710105478053625,7.5
2026-05-11,5.5,31,-1,4663.72,4700.22,4675.1,25.11999999999989,105.53999999999996,0.2380140231191955,False,2026-05-11 08:45:00,0.13,0.0379003221527383,0.4333333333333333,2026-05-11 16:00:00,4700.22,停損,36.5,-36.63,-1.0035616438356163,True,2026-05-11|5.5|-1,1.0205479452054795,0.42602739726027894,7.25
2026-05-11,7.0,32,-1,4652.34,4679.82,4668.54,11.279999999999744,105.53999999999996,0.1068789084707196,False,2026-05-11 09:00:00,0.13,0.0379003221527383,0.4193548387096774,2026-05-11 10:00:00,4679.82,停損,27.479999999999563,-27.60999999999956,-1.004730713245997,True,2026-05-11|7.0|-1,1.0232896652110748,0.10989810771471924,1.0
2026-05-11,9.5,46,-1,4657.55,4680.46,4667.41,13.050000000000182,105.53999999999996,0.1236498010233104,False,2026-05-11 12:30:00,0.13,0.0379003221527383,0.2888888888888888,2026-05-11 15:30:00,4680.46,停損,22.90999999999985,-23.039999999999853,-1.005674378000873,True,2026-05-11|9.5|-1,1.6538629419467334,0.30205150589262847,3.0
2026-05-15,2.0,10,-1,4629.88,4665.36,4646.98,18.38000000000011,100.58399999999992,0.1827328402131564,True,2026-05-15 03:30:00,0.13,0.0099419390757973,0.6666666666666666,2026-05-16 00:00:00,4538.63,收盤,35.47999999999956,91.12,2.568207440811757,True,2026-05-15|2.0|-1,0.047350620067652525,3.328072153325856,20.5
2026-05-15,2.5,11,-1,4618.68,4665.36,4629.85,35.50999999999931,100.58399999999992,0.3530382565815571,True,2026-05-15 03:45:00,0.13,0.0099419390757973,0.6,2026-05-16 00:00:00,4538.63,收盤,46.67999999999938,79.92000000000019,1.7120822622108236,True,2026-05-15|2.5|-1,0.2759211653813256,2.289631533847505,20.25
2026-05-15,4.5,29,-1,4592.15,4624.46,4607.26,17.199999999999818,100.58399999999992,0.1710013521037126,True,2026-05-15 08:15:00,0.13,0.0099419390757973,0.2142857142857142,2026-05-16 00:00:00,4538.63,收盤,32.3100000000004,53.389999999999525,1.6524295883627007,True,2026-05-15|4.5|-1,0.10089755493655765,2.4868461776539292,15.75
2026-05-15,7.5,31,-1,4568.73,4614.97,4580.9,34.07000000000062,100.58399999999992,0.3387218643124219,True,2026-05-15 08:45:00,0.13,0.0099419390757973,0.2,2026-05-16 00:00:00,4538.63,收盤,46.24000000000069,29.96999999999945,0.648140138408283,True,2026-05-15|7.5|-1,0.43230968858132335,1.2311851211072347,15.25
2026-05-15,9.5,42,-1,4558.32,4588.72,4564.39,24.329999999999927,100.58399999999992,0.2418873777141488,True,2026-05-15 11:30:00,0.13,0.0099419390757973,0.1463414634146341,2026-05-16 00:00:00,4538.63,收盤,30.400000000000546,19.5599999999996,0.6434210526315542,True,2026-05-15|9.5|-1,0.468092105263165,1.530263157894694,12.5
2026-05-15,8.5,45,-1,4547.23,4589.92,4556.38,33.539999999999964,100.58399999999992,0.3334526366022428,True,2026-05-15 12:15:00,0.13,0.0099419390757973,0.1363636363636363,2026-05-16 00:00:00,4538.63,收盤,42.69000000000051,8.469999999999454,0.1984071211056302,True,2026-05-15|8.5|-1,0.5931131412508859,0.8299367533379939,11.75
2026-05-20,2.5,14,-1,4473.63,4502.04,4479.73,22.3100000000004,107.77199999999984,0.2070110975021381,True,2026-05-20 04:30:00,0.13,0.00927884793824,0.8461538461538461,2026-05-20 15:45:00,4502.04,停損,28.40999999999985,-28.539999999999853,-1.0045758535726856,True,2026-05-20|2.5|-1,1.0929250263991674,0.7036254839845085,11.25
2026-05-21,2.0,13,1,4559.92,4547.33,4534.66,12.670000000000073,100.02199999999984,0.1266721321309321,True,2026-05-21 04:15:00,0.13,0.0099978004838935,0.4166666666666667,2026-05-21 05:45:00,4534.66,停損,25.26000000000022,-25.390000000000217,-1.0051464766429137,True,2026-05-21|2.0|1,1.0233570863024601,0.42794932699918437,1.5
2026-05-21,10.0,41,1,4534.23,4524.42,4512.05,12.36999999999989,100.02199999999984,0.1236727919857622,True,2026-05-21 11:15:00,0.13,0.0,0.925,2026-05-21 13:30:00,4512.05,停損,22.17999999999938,-22.30999999999938,-1.0058611361587015,True,2026-05-21|10.0|1,1.0532010820559208,0.39495040577098567,2.25
2026-05-25,9.5,49,1,4571.96,4564.77,4552.62,12.150000000000546,98.45299999999988,0.1234091393863118,False,2026-05-25 13:15:00,0.13,0.1828283546463797,0.0,2026-05-25 21:30:00,4570.86,收盤,19.340000000000146,-1.2300000000003637,-0.0635987590486222,True,2026-05-25|9.5|1,0.9793174767321333,0.3019648397104499,8.25
2026-05-26,6.0,27,-1,4526.25,4545.43,4532.12,13.3100000000004,95.6109999999998,0.1392099235443665,False,2026-05-26 07:45:00,0.13,0.0104590475991256,0.1923076923076923,2026-05-27 00:00:00,4507.1,收盤,19.18000000000029,19.01999999999964,0.991657977059403,True,2026-05-26|6.0|-1,0.7455683003128241,2.2763295099061103,16.25
2026-05-26,9.0,45,-1,4520.53,4536.22,4527.12,9.100000000000364,95.6109999999998,0.0951773331520471,False,2026-05-26 12:15:00,0.13,0.0104590475991256,0.1136363636363636,2026-05-26 13:45:00,4536.22,停損,15.69000000000051,-15.82000000000051,-1.0082855321861055,True,2026-05-26|9.0|-1,1.1695347355003038,0.5353728489483341,1.5
2026-05-26,9.5,47,-1,4513.3,4534.06,4522.14,11.920000000000073,95.6109999999998,0.1246718473815784,False,2026-05-26 12:45:00,0.13,0.0104590475991256,0.108695652173913,2026-05-26 13:30:00,4534.06,停損,20.76000000000022,-20.890000000000217,-1.00626204238921,True,2026-05-26|9.5|-1,1.062138728323697,0.0057803468208039305,0.75
2026-05-29,2.0,13,1,4514.94,4497.03,4489.09,7.9399999999996,107.40399999999973,0.0739264831849802,True,2026-05-29 04:15:00,0.13,0.0,0.5833333333333334,2026-05-30 00:00:00,4541.22,收盤,25.84999999999945,26.150000000000656,1.0116054158607817,True,2026-05-29|2.0|1,0.7736943907156838,3.1098646034817037,19.75
2026-05-29,6.0,26,1,4509.27,4501.98,4494.94,7.039999999999964,107.40399999999973,0.0655469070053255,True,2026-05-29 07:30:00,0.13,0.0,0.28,2026-05-30 00:00:00,4541.22,收盤,14.330000000000837,31.81999999999982,2.2205163991624537,True,2026-05-29|6.0|1,0.4556873691556367,6.0055826936493,16.5
2026-05-29,5.5,28,1,4514.18,4508.22,4495.04,13.180000000000293,107.40399999999973,0.1227142378309962,True,2026-05-29 08:00:00,0.13,0.0,0.2592592592592592,2026-05-30 00:00:00,4541.22,收盤,19.140000000000327,26.909999999999965,1.4059561128526388,True,2026-05-29|5.5|1,0.5977011494253037,4.239811912225614,16.0
2026-05-29,6.5,36,1,4523.71,4511.76,4494.94,16.82000000000062,107.40399999999973,0.1566049681576166,True,2026-05-29 10:00:00,0.13,0.0,0.2,2026-05-30 00:00:00,4541.22,收盤,28.77000000000044,17.38000000000022,0.604101494612442,True,2026-05-29|6.5|1,0.47514772332290106,2.489398679179659,14.0
2026-05-29,8.5,45,1,4529.06,4522.46,4502.74,19.72000000000025,107.40399999999973,0.1836058247365117,True,2026-05-29 12:15:00,0.13,0.0,0.1590909090909091,2026-05-30 00:00:00,4541.22,收盤,26.32000000000062,12.029999999999854,0.4570668693008956,True,2026-05-29|8.5|1,0.618161094224926,2.5178571428570655,11.75
2026-05-29,9.0,47,1,4532.46,4524.08,4510.15,13.930000000000293,107.40399999999973,0.1296972179807114,True,2026-05-29 12:45:00,0.13,0.0,0.1521739130434782,2026-05-30 00:00:00,4541.22,收盤,22.3100000000004,8.630000000000217,0.386822052891083,True,2026-05-29|9.0|1,0.8816674137158099,2.8180188256386716,11.25
2026-06-08,2.5,13,-1,4327.01,4353.42,4333.09,20.329999999999927,107.15199999999996,0.1897304763326856,True,2026-06-08 04:15:00,0.13,0.0093325369568463,0.75,2026-06-09 00:00:00,4329.87,收盤,26.40999999999985,-2.9899999999996725,-0.1132146914047591,True,2026-06-08|2.5|-1,0.7447936387731989,2.209769026883791,19.75
2026-06-08,2.0,20,-1,4310.62,4346.97,4317.29,29.68000000000029,107.15199999999996,0.2769896968792024,True,2026-06-08 06:00:00,0.13,0.0093325369568463,0.4736842105263157,2026-06-09 00:00:00,4329.87,收盤,36.35000000000037,-19.38,-0.5331499312242037,True,2026-06-08|2.0|-1,0.9920220082530958,1.1546079779917422,18.0
2026-06-08,3.5,21,-1,4304.86,4352.45,4311.5,40.94999999999982,107.15199999999996,0.3821673883828564,True,2026-06-08 06:15:00,0.13,0.0093325369568463,0.45,2026-06-09 00:00:00,4329.87,收盤,47.59000000000015,-25.140000000000217,-0.5282622399663824,True,2026-06-08|3.5|-1,0.8787560411851331,0.7608741332212633,17.75
2026-06-08,5.0,31,-1,4288.04,4330.77,4307.34,23.43000000000029,107.15199999999996,0.2186613408989127,True,2026-06-08 08:45:00,0.13,0.0093325369568463,0.3,2026-06-08 14:30:00,4330.77,停損,42.73000000000047,-42.86000000000048,-1.003042358998362,True,2026-06-08|5.0|-1,1.0084249941493018,0.35197753334893045,5.75
2026-06-08,10.0,42,-1,4288.06,4316.93,4294.44,22.49000000000069,107.15199999999996,0.2098887561594809,True,2026-06-08 11:30:00,0.13,0.0093325369568463,0.2195121951219512,2026-06-08 14:15:00,4316.93,停損,28.86999999999989,-28.99999999999989,-1.0045029442327675,True,2026-06-08|10.0|-1,1.0620020782819526,0.52164877034986,2.75
2026-06-08,9.0,46,-1,4279.78,4311.37,4292.03,19.340000000000146,107.15199999999996,0.1804912647454098,True,2026-06-08 12:30:00,0.13,0.0093325369568463,0.2,2026-06-08 14:15:00,4311.37,停損,31.590000000000146,-31.720000000000145,-1.0041152263374484,True,2026-06-08|9.0|-1,1.2326685660019099,0.21462488129153892,1.75
2026-06-10,2.0,11,-1,4204.35,4247.26,4210.51,36.75,111.35900000000012,0.3300137393475154,True,2026-06-10 03:45:00,0.13,0.0,0.0,2026-06-11 00:00:00,4070.5,收盤,42.909999999999854,133.72000000000037,3.116289909112114,True,2026-06-10|2.0|-1,0.40806338848751733,3.1973898858075214,20.25
2026-06-10,3.0,15,-1,4187.24,4228.36,4199.2,29.15999999999985,111.35900000000012,0.2618557997108435,True,2026-06-10 04:45:00,0.13,0.0,0.0,2026-06-11 00:00:00,4070.5,收盤,41.11999999999989,116.6099999999998,2.835846303501948,True,2026-06-10|3.0|-1,0.8419260700389101,2.920476653696498,19.25
2026-06-10,3.5,20,-1,4174.1,4220.73,4187.28,33.44999999999982,111.35900000000012,0.3003798525489613,True,2026-06-10 06:00:00,0.13,0.0,0.0,2026-06-10 09:15:00,4220.73,停損,46.6299999999992,-46.7599999999992,-1.0027879047823292,True,2026-06-10|3.5|-1,1.0242333261848622,0.03238258631782638,3.25
2026-06-10,9.0,38,-1,4194.92,4221.86,4201.84,20.019999999999527,111.35900000000012,0.1797789132445469,True,2026-06-10 10:30:00,0.13,0.0,0.0,2026-06-11 00:00:00,4070.5,收盤,26.9399999999996,124.29000000000008,4.613585746102522,True,2026-06-10|9.0|-1,0.08240534521159197,4.7427616926504035,13.5
2026-06-10,9.5,40,-1,4186.15,4213.59,4193.59,20.0,111.35900000000012,0.1795993139306206,True,2026-06-10 11:00:00,0.13,0.0,0.0,2026-06-11 00:00:00,4070.5,收盤,27.44000000000051,115.51999999999964,4.209912536443057,True,2026-06-10|9.5|-1,0.0451895043732022,4.336734693877454,13.0
2026-06-10,8.0,41,-1,4166.33,4209.06,4173.55,35.51000000000022,111.35900000000012,0.3188785818838188,True,2026-06-10 11:15:00,0.13,0.0,0.0,2026-06-11 00:00:00,4070.5,收盤,42.73000000000047,95.69999999999992,2.2396442780247807,True,2026-06-10|8.0|-1,0.4671191200561623,2.3210858881347702,12.75
2026-06-11,4.0,19,-1,4059.61,4118.09,4066.36,51.73000000000002,116.95400000000014,0.4423106520512335,True,2026-06-11 05:45:00,0.13,0.0085503702310309,0.7777777777777778,2026-06-11 20:45:00,4118.09,停損,58.48000000000002,-58.61000000000002,-1.0022229822161424,True,2026-06-11|4.0|-1,1.8866279069767347,0.12004103967168228,15.0
2026-06-11,10.5,43,-1,4090.66,4112.67,4097.24,15.430000000000293,116.95400000000014,0.1319322126648107,True,2026-06-11 11:45:00,0.13,0.0085503702310309,0.3333333333333333,2026-06-11 20:45:00,4112.67,停損,22.01000000000022,-22.140000000000217,-1.0059064061790095,True,2026-06-11|10.5|-1,3.601999091322079,1.7137664697864345,9.0
2026-06-11,10.0,44,-1,4084.57,4110.59,4091.87,18.72000000000025,116.95400000000014,0.1600629307249023,True,2026-06-11 12:00:00,0.13,0.0085503702310309,0.3255813953488372,2026-06-11 20:45:00,4110.59,停損,26.019999999999985,-26.14999999999998,-1.0049961568024597,True,2026-06-11|10.0|-1,3.2809377401998265,1.2156033820138403,8.75
2026-06-12,8.5,40,1,4194.22,4187.78,4170.77,17.00999999999931,121.56400000000012,0.1399262939686033,True,2026-06-12 11:00:00,0.13,0.0,0.9743589743589745,2026-06-13 00:00:00,4218.65,收盤,23.449999999999815,24.299999999999383,1.0362473347547791,True,2026-06-12|8.5|1,0.7266524520255906,1.7641791044776212,13.0
2026-06-12,8.0,41,1,4203.77,4192.91,4170.77,22.139999999999414,121.56400000000012,0.1821262873877085,True,2026-06-12 11:15:00,0.13,0.0,0.95,2026-06-13 00:00:00,4218.65,收盤,33.0,14.7499999999992,0.4469696969696727,True,2026-06-12|8.0|1,0.8057575757575801,0.9642424242424155,12.75
2026-06-15,2.0,14,1,4303.55,4295.11,4281.14,13.969999999999343,118.54600000000008,0.1178445497950106,True,2026-06-15 04:30:00,0.13,0.1518397921481955,0.0,2026-06-16 00:00:00,4308.77,收盤,22.40999999999985,5.090000000000255,0.2271307452030472,True,2026-06-15|2.0|1,0.11601963409194026,2.9294957608210654,19.5
2026-06-15,2.5,15,1,4317.87,4308.2,4281.64,26.55999999999949,118.54600000000008,0.2240480488586664,True,2026-06-15 04:45:00,0.13,0.1518397921481955,0.0,2026-06-16 00:00:00,4308.77,收盤,36.22999999999956,-9.229999999999457,-0.2547612475848624,True,2026-06-15|2.5|1,0.4670162848468197,1.4167816726469926,19.25
2026-06-15,4.0,17,1,4326.58,4319.64,4285.58,34.0600000000004,118.54600000000008,0.2873146289204222,True,2026-06-15 05:15:00,0.13,0.1518397921481955,0.0,2026-06-16 00:00:00,4308.77,收盤,41.0,-17.93999999999949,-0.4375609756097436,True,2026-06-15|4.0|1,0.6251219512195149,1.0395121951219486,18.75
2026-06-15,9.0,40,1,4323.21,4313.38,4300.95,12.430000000000293,118.54600000000008,0.1048538120223396,True,2026-06-15 11:00:00,0.13,0.1518397921481955,0.0,2026-06-16 00:00:00,4308.77,收盤,22.26000000000022,-14.5699999999996,-0.6545372866127339,True,2026-06-15|9.0|1,0.751572327044039,2.0660377358490267,13.0
2026-06-15,9.5,41,1,4329.05,4318.81,4300.95,17.860000000000582,118.54600000000008,0.1506588159870478,True,2026-06-15 11:15:00,0.13,0.1518397921481955,0.0,2026-06-16 00:00:00,4308.77,收盤,28.100000000000364,-20.409999999999744,-0.7263345195729353,True,2026-06-15|9.5|1,0.8032028469751006,1.4288256227757692,12.75
2026-06-15,8.0,43,1,4341.03,4333.0,4307.54,25.46000000000004,118.54600000000008,0.2147689504496146,True,2026-06-15 11:45:00,0.13,0.1518397921481955,0.0,2026-06-16 00:00:00,4307.54,停損,33.48999999999978,-33.619999999999784,-1.0038817557479849,True,2026-06-15|8.0|1,1.0316512391758856,0.8411466109286431,12.25
2026-06-18,10.0,44,-1,4266.74,4309.47,4287.48,21.99000000000069,130.0960000000001,0.1690290247202118,True,2026-06-18 12:00:00,0.13,0.0,0.3720930232558139,2026-06-19 00:00:00,4208.15,收盤,42.73000000000047,58.46000000000014,1.3681254388017667,True,2026-06-18|10.0|-1,0.23379358764333422,1.524689913409757,12.0
2026-06-19,2.0,17,-1,4179.96,4208.35,4186.89,21.46000000000004,133.77900000000008,0.1604138168172884,True,2026-06-19 05:15:00,0.13,0.0224250442894624,0.0,2026-06-19 20:00:00,4155.57,收盤,28.390000000000327,24.26000000000033,0.8545262416343801,True,2026-06-19|2.0|-1,0.13103205353998632,2.0479041916167544,14.75
2026-06-19,2.5,20,-1,4176.35,4199.23,4184.44,14.789999999999964,133.77900000000008,0.1105554683470496,True,2026-06-19 06:00:00,0.13,0.0224250442894624,0.0,2026-06-19 20:00:00,4155.57,收盤,22.8799999999992,20.650000000000656,0.9025349650350252,True,2026-06-19|2.5|-1,0.2884615384615247,2.3833041958043077,14.0
2026-06-19,4.5,21,-1,4166.11,4190.93,4175.13,15.800000000000182,133.77900000000008,0.1181052332578369,True,2026-06-19 06:15:00,0.13,0.0224250442894624,0.0,2026-06-19 20:00:00,4155.57,收盤,24.82000000000062,10.409999999999965,0.419419822723598,True,2026-06-19|4.5|-1,0.6784850926671928,1.7844480257856108,13.75
2026-06-19,5.0,23,-1,4162.25,4186.19,4171.94,14.25,133.77900000000008,0.1065189603749466,True,2026-06-19 06:45:00,0.13,0.0224250442894624,0.0,2026-06-19 20:00:00,4155.57,收盤,23.9399999999996,6.550000000000291,0.2736006683375271,True,2026-06-19|5.0|-1,0.8646616541353452,1.6888053467001238,13.25
2026-06-19,5.5,24,-1,4153.56,4183.68,4165.22,18.46000000000004,133.77900000000008,0.1379887725278259,True,2026-06-19 07:00:00,0.13,0.0224250442894624,0.0,2026-06-19 20:00:00,4155.57,收盤,30.11999999999989,-2.1399999999993087,-0.0710491367861658,True,2026-06-19|5.5|-1,0.9757636122177797,1.0537848605577957,13.0
2026-06-19,6.0,27,-1,4135.41,4177.29,4146.29,31.0,133.77900000000008,0.2317254576577787,True,2026-06-19 07:45:00,0.13,0.0224250442894624,0.0,2026-06-19 11:30:00,4177.29,停損,41.88000000000011,-42.01000000000011,-1.003104106972302,True,2026-06-19|6.0|-1,1.0093123209169133,0.3244985673352462,3.75
2026-06-19,6.5,28,-1,4125.81,4167.78,4141.51,26.269999999999527,133.77900000000008,0.196368637828056,True,2026-06-19 08:00:00,0.13,0.0224250442894624,0.0,2026-06-19 11:30:00,4167.78,停損,41.96999999999935,-42.09999999999935,-1.003097450559924,True,2026-06-19|6.5|-1,1.2358827734095947,0.09506790564690858,3.5
2026-06-19,10.5,54,-1,4144.23,4177.68,4151.13,26.550000000000185,133.77900000000008,0.1984616419617441,True,2026-06-19 14:30:00,0.13,0.0224250442894624,0.0,2026-06-19 16:00:00,4177.68,停損,33.45000000000073,-33.58000000000073,-1.0038863976083707,True,2026-06-19|10.5|-1,1.0696562032884867,0.06875934230191995,1.5
2026-06-22,10.5,47,1,4206.87,4199.77,4188.71,11.0600000000004,125.95300000000016,0.0878105325002214,False,2026-06-22 12:45:00,0.13,0.023818408453947,0.1521739130434782,2026-06-22 16:30:00,4188.71,停損,18.15999999999985,-18.289999999999853,-1.00715859030837,True,2026-06-22|10.5|1,1.1795154185022163,0.4570484581497935,3.75
2026-06-22,10.0,48,1,4208.24,4201.88,4188.85,13.029999999999744,125.95300000000016,0.1034512873849747,False,2026-06-22 13:00:00,0.13,0.023818408453947,0.1489361702127659,2026-06-22 16:15:00,4188.85,停損,19.389999999999414,-19.519999999999417,-1.0067044868488912,True,2026-06-22|10.0|1,1.0025786487880448,0.35740072202168643,3.25
2026-06-23,5.0,23,-1,4138.93,4163.51,4146.65,16.860000000000582,125.9210000000002,0.1338934728917381,False,2026-06-23 06:45:00,0.13,0.0238244613686358,0.5454545454545454,2026-06-24 00:00:00,4109.67,收盤,24.579999999999927,29.13000000000022,1.1851098454027789,True,2026-06-23|5.0|-1,0.3270951993490638,1.954434499593188,17.25
2026-06-23,5.5,28,-1,4118.19,4162.32,4130.9,31.420000000000076,125.9210000000002,0.2495215254008467,False,2026-06-23 08:00:00,0.13,0.0238244613686358,0.4444444444444444,2026-06-24 00:00:00,4109.67,收盤,44.13000000000011,8.389999999999526,0.1901200997054046,True,2026-06-23|5.5|-1,0.6100158622252437,0.6186267845003321,16.0
2026-06-23,7.0,39,-1,4104.97,4146.97,4114.89,32.07999999999993,125.9210000000002,0.2547629069019455,False,2026-06-23 10:45:00,0.13,0.0238244613686358,0.3157894736842105,2026-06-24 00:00:00,4109.67,收盤,42.0,-4.829999999999818,-0.1149999999999956,True,2026-06-23|7.0|-1,0.9557142857142719,0.3352380952381043,13.25
2026-06-23,8.5,40,-1,4098.82,4133.63,4111.26,22.36999999999989,125.9210000000002,0.1776510669387938,False,2026-06-23 11:00:00,0.13,0.0238244613686358,0.3076923076923077,2026-06-23 17:00:00,4133.63,停損,34.8100000000004,-34.9400000000004,-1.0037345590347602,True,2026-06-23|8.5|-1,1.1950588911232372,0.2278081011203604,6.0
2026-06-24,2.0,18,-1,4073.63,4104.43,4080.92,23.51000000000022,123.9900000000002,0.1896120654891538,True,2026-06-24 05:30:00,0.13,0.0,0.0588235294117647,2026-06-25 00:00:00,4001.02,收盤,30.800000000000185,72.48000000000013,2.353246753246744,True,2026-06-24|2.0|-1,0.7779220779220745,3.7136363636363448,18.5
2026-06-24,3.5,19,-1,4057.3,4100.81,4068.54,32.27000000000044,123.9900000000002,0.2602629244293926,True,2026-06-24 05:45:00,0.13,0.0,0.0555555555555555,2026-06-25 00:00:00,4001.02,收盤,43.51000000000022,56.1500000000002,1.2905079292116737,True,2026-06-24|3.5|-1,0.9259940243622101,2.253504941392776,18.25
2026-06-24,9.5,40,-1,4074.88,4094.63,4083.28,11.349999999999907,123.9900000000002,0.0915396402935711,True,2026-06-24 11:00:00,0.13,0.0,0.0256410256410256,2026-06-25 00:00:00,4001.02,收盤,19.75,73.73000000000013,3.733164556962032,True,2026-06-24|9.5|-1,0.6440506329113823,5.854683544303803,13.0
2026-06-24,9.0,46,-1,4069.36,4097.59,4075.91,21.68000000000029,123.9900000000002,0.1748528107105432,True,2026-06-24 12:30:00,0.13,0.0,0.0222222222222222,2026-06-25 00:00:00,4001.02,收盤,28.230000000000015,68.21000000000015,2.416223875309958,True,2026-06-24|9.0|-1,0.10060219624511829,3.900460503010984,11.5
2026-06-24,10.0,48,-1,4064.64,4090.83,4073.77,17.059999999999945,123.9900000000002,0.1375917412694565,True,2026-06-24 13:00:00,0.13,0.0,0.0212765957446808,2026-06-25 00:00:00,4001.02,收盤,26.19000000000005,63.48999999999989,2.424207712867497,True,2026-06-24|10.0|-1,0.08667430316914766,4.024054982817857,11.0
2026-06-25,7.0,36,-1,3977.29,3997.63,3983.66,13.970000000000256,120.2430000000002,0.1161813993330192,True,2026-06-25 10:00:00,0.13,0.0083164924361501,0.1714285714285714,2026-06-25 11:30:00,3997.63,停損,20.340000000000146,-20.470000000000145,-1.0063913470993116,True,2026-06-25|7.0|-1,1.1848574237954639,0.28564405113077207,1.5
2026-06-26,9.5,46,1,4048.26,4039.76,4020.99,18.77000000000044,108.6780000000002,0.1727120484366698,True,2026-06-26 12:30:00,0.13,0.0276044829680339,0.4222222222222222,2026-06-27 00:00:00,4087.98,收盤,27.27000000000044,39.5899999999998,1.451778511184421,True,2026-06-26|9.5|1,0.45397873120645066,1.7513751375137312,11.5
2026-06-30,2.0,10,-1,4006.26,4022.4,4013.47,8.930000000000291,106.0720000000003,0.0841880986499761,True,2026-06-30 03:30:00,0.13,0.0,0.5555555555555556,2026-06-30 09:45:00,4022.4,停損,16.139999999999873,-16.26999999999987,-1.0080545229244111,True,2026-06-30|2.0|-1,1.7199504337050795,3.933085501858768,6.25
2026-06-30,2.5,11,-1,3991.91,4021.8,4003.34,18.46000000000004,106.0720000000003,0.1740327324835959,True,2026-06-30 03:45:00,0.13,0.0,0.5,2026-06-30 09:45:00,4021.8,停損,29.890000000000327,-30.020000000000326,-1.004349280695885,True,2026-06-30|2.5|-1,1.4088323854131706,1.6436935429909374,6.0
2026-06-30,3.0,13,-1,3958.09,4015.14,3980.11,35.029999999999745,106.0720000000003,0.3302473791386949,True,2026-06-30 04:15:00,0.13,0.0,0.4166666666666667,2026-06-30 09:45:00,4015.14,停損,57.04999999999973,-57.17999999999973,-1.0022787028921998,True,2026-06-30|3.0|-1,1.3309377738825627,0.13777388255916154,5.5
2026-07-01,5.5,29,-1,3971.95,3986.97,3978.48,8.489999999999782,113.2380000000002,0.0749748317702517,True,2026-07-01 08:15:00,0.13,0.0,0.1428571428571428,2026-07-01 13:15:00,3986.97,停損,15.019999999999982,-15.149999999999984,-1.0086551264980028,True,2026-07-01|5.5|-1,1.1731025299600777,0.7842876165113022,5.0
2026-07-01,6.0,33,-1,3965.23,3986.97,3976.73,10.239999999999782,113.2380000000002,0.090429007930198,True,2026-07-01 09:15:00,0.13,0.0,0.125,2026-07-01 13:15:00,3986.97,停損,21.73999999999978,-21.86999999999978,-1.0059797608095675,True,2026-07-01|6.0|-1,1.1195952161913703,0.23275068997240092,4.0
2026-07-01,7.5,37,-1,3961.59,3982.8,3969.93,12.870000000000346,113.2380000000002,0.1136544269591508,True,2026-07-01 10:15:00,0.13,0.0,0.1111111111111111,2026-07-01 11:30:00,3982.8,停損,21.21000000000004,-21.340000000000035,-1.0061291843470062,True,2026-07-01|7.5|-1,1.0796793965110605,0.06694955209807026,1.25
2026-07-03,2.0,12,1,4147.2,4132.43,4121.2,11.230000000000471,110.96200000000022,0.1012058182080392,True,2026-07-03 04:00:00,0.13,0.0090120942304572,0.5454545454545454,2026-07-03 20:00:00,4174.94,收盤,26.0,27.609999999999783,1.0619230769230683,True,2026-07-03|2.0|1,0.01961538461539301,1.855384615384607,16.0
2026-07-03,3.0,13,1,4176.17,4151.06,4122.98,28.08000000000084,110.96200000000022,0.2530596059912472,True,2026-07-03 04:15:00,0.13,0.0090120942304572,0.5,2026-07-03 20:00:00,4174.94,收盤,53.19000000000051,-1.3600000000004728,-0.0255687159240545,True,2026-07-03|3.0|1,0.38992291784169175,0.36228614401202,15.75
2026-07-03,9.0,41,1,4184.02,4174.46,4160.49,13.970000000000256,110.96200000000022,0.1258989563994901,True,2026-07-03 11:15:00,0.13,0.0090120942304572,0.15,2026-07-03 17:15:00,4160.49,停損,23.53000000000065,-23.66000000000065,-1.005524861878453,True,2026-07-03|9.0|1,1.2150446238843755,0.10752231194218764,6.0
2026-07-06,9.0,47,-1,4139.47,4159.56,4145.81,13.75,109.23800000000014,0.1258719493216644,False,2026-07-06 12:45:00,0.13,0.0091543235870301,0.3260869565217391,2026-07-06 14:30:00,4159.56,停損,20.090000000000146,-20.220000000000145,-1.0064708810353409,True,2026-07-06|9.0|-1,1.0,0.013937282229997652,1.75
2026-07-13,2.5,21,-1,4058.12,4091.15,4071.87,19.2800000000002,97.0859999999998,0.1985868199328455,True,2026-07-13 06:15:00,0.13,0.1236017551449233,0.0,2026-07-14 00:00:00,4002.0,收盤,33.0300000000002,55.98999999999989,1.6951256433545123,True,2026-07-13|2.5|-1,0.6833181955797768,2.1653042688464894,17.75
2026-07-13,3.5,25,-1,4054.64,4082.01,4061.17,20.840000000000146,97.0859999999998,0.214655048101685,True,2026-07-13 07:15:00,0.13,0.1236017551449233,0.0,2026-07-14 00:00:00,4002.0,收盤,27.370000000000346,52.50999999999987,1.918523931311626,True,2026-07-13|3.5|-1,0.9517720131530819,2.4859335038362844,16.75
2026-07-14,8.5,41,-1,4017.33,4034.1,4022.68,11.420000000000073,101.64799999999984,0.1123484967731789,True,2026-07-14 11:15:00,0.13,0.0098378718715567,0.75,2026-07-14 15:15:00,4034.1,停損,16.769999999999982,-16.89999999999998,-1.007751937984496,True,2026-07-14|8.5|-1,1.1049493142516529,0.20930232558138148,4.0
2026-07-14,9.0,44,-1,4015.94,4033.2,4021.79,11.409999999999854,101.64799999999984,0.1122501180544612,True,2026-07-14 12:00:00,0.13,0.0098378718715567,0.6976744186046512,2026-07-14 15:15:00,4033.2,停損,17.259999999999764,-17.389999999999763,-1.0075318655851682,True,2026-07-14|9.0|-1,1.1541135573580734,0.12282734646581228,3.25
2026-07-21,5.5,31,1,4065.95,4051.25,4028.06,23.19000000000005,88.15399999999981,0.2630623681285036,True,2026-07-21 08:45:00,0.13,0.0113437847403407,0.1,2026-07-22 00:00:00,4077.82,收盤,37.88999999999987,11.740000000000345,0.3098442860913271,True,2026-07-21|5.5|1,0.5658485088413743,0.5563473211929388,15.25
2026-07-21,8.0,34,1,4072.4,4067.96,4046.46,21.5,88.15399999999981,0.243891371917327,True,2026-07-21 09:30:00,0.13,0.0113437847403407,0.0909090909090909,2026-07-21 16:45:00,4046.46,停損,25.94000000000005,-26.070000000000054,-1.0050115651503468,True,2026-07-21|8.0|1,1.0616808018504205,0.4541249036237364,7.25
2026-07-22,3.5,19,1,4128.24,4121.66,4089.65,32.00999999999976,88.06099999999984,0.3634980297748131,True,2026-07-22 05:45:00,0.13,0.0113557647539773,0.4444444444444444,2026-07-23 00:00:00,4129.94,收盤,38.58999999999969,1.5699999999998182,0.0406841150557095,True,2026-07-22|3.5|1,0.5571391552215644,0.9803057786991508,18.25
2026-07-22,4.5,20,1,4130.48,4126.02,4112.98,13.040000000000871,88.06099999999984,0.1480791723918749,True,2026-07-22 06:00:00,0.13,0.0113557647539773,0.4210526315789473,2026-07-22 10:15:00,4112.98,停損,17.5,-17.63,-1.0074285714285711,True,2026-07-22|4.5|1,1.0599999999999585,0.6411428571428717,4.25
2026-07-22,5.0,21,1,4137.32,4130.86,4119.0,11.859999999999673,88.06099999999984,0.1346793699821679,True,2026-07-22 06:15:00,0.13,0.0113557647539773,0.4,2026-07-22 09:30:00,4119.0,停損,18.31999999999971,-18.449999999999708,-1.0070960698689957,True,2026-07-22|5.0|1,1.2701965065502128,0.23908296943232415,3.25
2026-07-23,10.5,54,-1,4084.4,4108.8,4088.69,20.110000000000127,85.76399999999981,0.2344806678792986,False,2026-07-23 14:30:00,0.13,0.0233198078447834,0.2452830188679245,2026-07-24 00:00:00,4049.09,收盤,24.40000000000009,35.17999999999994,1.4418032786885169,True,2026-07-23|10.5|-1,0.1868852459016364,1.8127049180327808,9.5
2026-07-27,2.0,9,1,4115.61,4096.38,4083.69,12.690000000000056,87.37199999999989,0.145241038318913,True,2026-07-27 03:15:00,0.13,0.0,0.625,2026-07-27 15:30:00,4083.69,停損,31.919999999999614,-32.04999999999962,-1.004072681704261,True,2026-07-27|2.0|1,1.0576441102756946,0.00031328320802689224,12.25
2026-07-27,6.5,35,1,4098.67,4092.89,4085.17,7.7199999999998,87.37199999999989,0.0883578263059081,True,2026-07-27 09:45:00,0.13,0.0,0.1470588235294117,2026-07-27 15:30:00,4085.17,停損,13.5,-13.63,-1.0096296296296297,True,2026-07-27|6.5|1,1.245925925925938,0.5437037037037145,5.75
2026-07-27,7.5,37,1,4102.01,4094.79,4086.2,8.590000000000146,87.37199999999989,0.0983152497367595,True,2026-07-27 10:15:00,0.13,0.0,0.1388888888888889,2026-07-27 15:30:00,4086.2,停損,15.8100000000004,-15.9400000000004,-1.008222643896268,True,2026-07-27|7.5|1,1.2751423149904997,0.2530044275774762,5.25
2026-07-28,2.0,10,-1,4062.06,4075.0,4069.92,5.079999999999927,80.37399999999984,0.063204518874262,True,2026-07-28 03:30:00,0.13,0.0622091721203375,0.0,2026-07-29 00:00:00,4028.7,收盤,12.940000000000056,33.230000000000125,2.5680061823802154,True,2026-07-28|2.0|-1,0.31993817619782494,3.8995363214837573,20.5
2026-07-28,2.5,14,-1,4047.38,4074.19,4059.2,14.990000000000236,80.37399999999984,0.1865030980167749,True,2026-07-28 04:30:00,0.13,0.0622091721203375,0.0,2026-07-29 00:00:00,4028.7,收盤,26.809999999999945,18.55000000000029,0.6919060052219445,True,2026-07-28|2.5|-1,0.293547183886606,1.3345766505035537,19.5
2026-07-28,3.5,20,-1,4042.07,4066.2,4046.47,19.730000000000015,80.37399999999984,0.2454773931868522,True,2026-07-28 06:00:00,0.13,0.0622091721203375,0.0,2026-07-29 00:00:00,4028.7,收盤,24.12999999999965,13.240000000000345,0.5486945710733748,True,2026-07-28|3.5|-1,0.5462080397845017,1.2627434728553957,18.0
2026-07-28,9.5,45,-1,4040.96,4052.41,4046.92,5.489999999999782,80.37399999999984,0.0683056709881279,True,2026-07-28 12:15:00,0.13,0.0622091721203375,0.0,2026-07-29 00:00:00,4028.7,收盤,11.449999999999818,12.130000000000216,1.0593886462882454,True,2026-07-28|9.5|-1,0.5336244541484912,2.564192139738043,11.75
2026-07-28,9.0,47,-1,4033.33,4052.37,4042.95,9.420000000000073,80.37399999999984,0.1172020802747168,True,2026-07-28 12:45:00,0.13,0.0622091721203375,0.0,2026-07-29 00:00:00,4028.7,收盤,19.039999999999964,4.500000000000109,0.2363445378151322,True,2026-07-28|9.0|-1,0.7216386554621986,1.141281512605045,11.25
2026-08-05,5.0,30,1,4139.6,4135.33,4095.53,39.79999999999973,81.61699999999996,0.4876435056422037,True,2026-08-05 08:30:00,0.13,0.0,0.1724137931034483,2026-08-06 00:00:00,4246.23,收盤,44.07000000000016,106.4999999999992,2.4166099387338056,True,2026-08-05|5.0|1,0.0009076469253452117,2.906966190152013,15.5
2026-08-05,5.5,31,1,4157.18,4136.57,4101.53,35.039999999999964,81.61699999999996,0.4293223225553497,True,2026-08-05 08:45:00,0.13,0.0,0.1666666666666666,2026-08-06 00:00:00,4246.23,收盤,55.65000000000055,88.91999999999928,1.5978436657681654,True,2026-08-05|5.5|1,0.12560646900270658,1.9861635220125544,15.25
2026-08-05,8.0,36,1,4177.57,4172.91,4134.74,38.17000000000007,81.61699999999996,0.4676721761397759,True,2026-08-05 10:00:00,0.13,0.0,0.1428571428571428,2026-08-06 00:00:00,4246.23,收盤,42.82999999999993,68.52999999999986,1.600046696240952,True,2026-08-05|8.0|1,0.6392715386411431,2.1045995797338426,14.0
2026-08-11,2.0,10,1,4414.03,4402.59,4394.74,7.850000000000364,100.94200000000004,0.0777674308018501,True,2026-08-11 03:30:00,0.12,0.0297200372491133,0.0,2026-08-11 04:15:00,4394.74,停損,19.289999999999964,-19.409999999999965,-1.006220839813375,True,2026-08-11|2.0|1,1.0502851218247458,0.27216174183514824,0.75
2026-08-11,2.5,16,1,4429.67,4416.11,4395.36,20.75,100.94200000000004,0.2055635909730339,True,2026-08-11 05:00:00,0.12,0.0297200372491133,0.0,2026-08-11 08:30:00,4395.36,停損,34.3100000000004,-34.4300000000004,-1.0034975225881666,True,2026-08-11|2.5|1,1.1276595744680868,0.15972019819293207,3.5
2026-08-11,9.5,43,1,4374.82,4369.32,4357.67,11.649999999999636,100.94200000000004,0.1154128113173865,True,2026-08-11 11:45:00,0.12,0.0,0.9285714285714286,2026-08-12 00:00:00,4367.92,收盤,17.149999999999636,-7.019999999999636,-0.4093294460641274,True,2026-08-11|9.5|1,0.8448979591836787,1.7154518950437725,12.25
2026-08-14,6.5,31,-1,4317.77,4328.18,4322.8,5.380000000000109,98.96799999999992,0.0543610055775615,True,2026-08-14 08:45:00,0.12,0.010104276129658,0.2333333333333333,2026-08-14 09:00:00,4328.18,停損,10.409999999999854,-10.529999999999854,-1.0115273775216138,True,2026-08-14|6.5|-1,1.5254562920268417,0.022094140249805588,0.25
2026-08-19,6.0,27,-1,4346.67,4360.38,4351.9,8.480000000000473,102.44399999999987,0.0827769317871274,True,2026-08-19 07:45:00,0.12,0.0195228612705478,0.6538461538461539,2026-08-19 10:45:00,4360.38,停損,13.710000000000036,-13.830000000000036,-1.0087527352297592,True,2026-08-19|6.0|-1,1.2035010940919004,0.8395331874544265,3.0
2026-08-19,5.0,29,-1,4338.97,4362.1,4351.59,10.510000000000218,102.44399999999987,0.102592635976731,True,2026-08-19 08:15:00,0.12,0.0195228612705478,0.6071428571428571,2026-08-19 10:45:00,4362.1,停損,23.13000000000011,-23.25000000000011,-1.0051880674448768,True,2026-08-19|5.0|-1,1.0462602680501385,0.16472114137485439,2.5
2026-08-19,7.0,32,-1,4335.65,4356.25,4343.93,12.319999999999707,102.44399999999987,0.1202608254265718,True,2026-08-19 09:00:00,0.12,0.0195228612705478,0.5483870967741935,2026-08-19 10:30:00,4356.25,停損,20.600000000000364,-20.720000000000365,-1.0058252427184466,True,2026-08-19|7.0|-1,1.03786407766989,0.013592233009696135,1.5
2026-08-21,6.0,26,1,4546.84,4538.38,4526.79,11.590000000000146,103.14300000000004,0.1123682654179163,False,2026-08-21 07:30:00,0.12,0.0096952774303636,0.48,2026-08-22 00:00:00,4603.37,收盤,20.050000000000185,56.40999999999975,2.8134663341645503,True,2026-08-21|6.0|1,0.8807980049875158,4.258354114713183,16.5
2026-08-21,5.0,32,1,4553.65,4542.94,4518.35,24.58999999999924,103.14300000000004,0.2384068720126351,False,2026-08-21 09:00:00,0.12,0.0096952774303636,0.3870967741935484,2026-08-22 00:00:00,4603.37,收盤,35.29999999999927,49.60000000000026,1.4050991501416794,True,2026-08-21|5.0|1,0.22861189801699364,2.2257790368272588,15.0
2026-08-21,8.0,35,1,4562.56,4556.3,4529.18,27.11999999999989,103.14300000000004,0.2629359239114616,False,2026-08-21 09:45:00,0.12,0.0096952774303636,0.3529411764705882,2026-08-22 00:00:00,4603.37,收盤,33.38000000000011,40.68999999999949,1.218993409227063,True,2026-08-21|8.0|1,0.12013181545836445,2.0868783702815947,14.25
2026-08-21,8.5,39,1,4564.37,4558.09,4529.18,28.90999999999985,103.14300000000004,0.2802904705118122,False,2026-08-21 10:45:00,0.12,0.0096952774303636,0.3157894736842105,2026-08-22 00:00:00,4603.37,收盤,35.1899999999996,38.88,1.1048593350383755,True,2026-08-21|8.5|1,0.1472009093492569,1.928104575163431,13.25
2026-08-21,9.0,42,1,4579.41,4567.63,4545.58,22.050000000000185,103.14300000000004,0.2137808673395206,False,2026-08-21 11:30:00,0.12,0.0096952774303636,0.2926829268292683,2026-08-22 00:00:00,4603.37,收盤,33.82999999999993,23.840000000000035,0.7046999704404401,True,2026-08-21|9.0|1,0.4685190659178093,1.5610404966006655,12.5
2026-08-21,10.5,45,1,4599.36,4581.86,4559.19,22.670000000000076,103.14300000000004,0.219791939346345,False,2026-08-21 12:15:00,0.12,0.0096952774303636,0.2727272727272727,2026-08-22 00:00:00,4603.37,收盤,40.17000000000007,3.890000000000218,0.0968384366442671,True,2026-08-21|10.5|1,0.8912123475230074,0.8180234005476854,11.75
2026-08-24,7.0,33,1,4652.38,4642.59,4632.62,9.970000000000256,101.26900000000003,0.0984506611105101,True,2026-08-24 09:15:00,0.12,0.0691228312711688,0.28125,2026-08-24 11:00:00,4632.62,停損,19.76000000000022,-19.88000000000022,-1.0060728744939271,True,2026-08-24|7.0|1,1.1204453441295588,0.38056680161940504,1.75
2026-08-31,3.0,13,-1,4443.79,4472.08,4452.33,19.75,111.38300000000008,0.1773161074849841,True,2026-08-31 04:15:00,0.12,0.0359121230349334,0.8333333333333334,2026-09-01 00:00:00,4448.43,收盤,28.289999999999964,-4.760000000000328,-0.1682573347472723,True,2026-08-31|3.0|-1,0.7168610816542867,1.6712619300105975,19.75
2026-08-31,2.0,17,-1,4424.39,4466.9,4435.94,30.96000000000004,111.38300000000008,0.2779598322903855,True,2026-08-31 05:15:00,0.12,0.0359121230349334,0.625,2026-09-01 00:00:00,4448.43,收盤,42.50999999999931,-24.159999999999965,-0.568336861914852,True,2026-08-31|2.0|-1,0.9334274288402735,0.6558456833686324,18.75
2026-08-31,4.5,19,-1,4403.11,4453.87,4418.59,35.279999999999745,111.38300000000008,0.3167449251681111,True,2026-08-31 05:45:00,0.12,0.0359121230349334,0.5555555555555556,2026-08-31 14:00:00,4453.87,停損,50.76000000000022,-50.880000000000216,-1.002364066193853,True,2026-08-31|4.5|-1,1.0340819542947295,0.13002364066192723,8.25
2026-09-03,2.0,12,1,4395.49,4388.86,4381.18,7.679999999999381,107.491,0.071447842144918,True,2026-09-03 04:00:00,0.12,0.0093031044459536,0.5454545454545454,2026-09-04 00:00:00,4473.33,收盤,14.30999999999949,77.72000000000014,5.431167016072879,True,2026-09-03|2.0|1,0.5681341719077847,8.060097833683036,20.0
2026-09-03,2.5,13,1,4401.47,4392.57,4381.18,11.389999999999418,107.491,0.1059623596394062,True,2026-09-03 04:15:00,0.12,0.0093031044459536,0.5,2026-09-04 00:00:00,4473.33,收盤,20.289999999999964,71.73999999999967,3.535731887629364,True,2026-09-03|2.5|1,0.36569738787580514,5.389847215377027,19.75
2026-09-03,3.0,16,1,4410.35,4397.8,4382.55,15.25,107.491,0.1418723428007926,True,2026-09-03 05:00:00,0.12,0.0093031044459536,0.4,2026-09-04 00:00:00,4473.33,收盤,27.800000000000185,62.859999999999566,2.26115107913666,True,2026-09-03|3.0|1,0.12805755395684806,3.614388489208593,19.0
2026-09-03,3.5,20,1,4420.41,4409.34,4382.55,26.789999999999964,107.491,0.249230168107097,True,2026-09-03 06:00:00,0.12,0.0093031044459536,0.3157894736842105,2026-09-04 00:00:00,4473.33,收盤,37.85999999999967,52.80000000000008,1.3946117274168128,True,2026-09-03|3.5|1,0.041468568409923995,2.3882725832012905,18.0
2026-09-03,4.5,21,1,4428.83,4415.48,4400.25,15.229999999999563,107.491,0.1416862807118695,True,2026-09-03 06:15:00,0.12,0.0093031044459536,0.3,2026-09-04 00:00:00,4473.33,收盤,28.579999999999927,44.38,1.5528341497550775,True,2026-09-03|4.5|1,0.34954513645905555,2.8691392582225403,17.75
2026-09-03,5.5,27,1,4438.02,4431.31,4409.5,21.8100000000004,107.491,0.2029007079662521,True,2026-09-03 07:45:00,0.12,0.0093031044459536,0.2307692307692307,2026-09-04 00:00:00,4473.33,收盤,28.52000000000044,35.18999999999949,1.2338709677418989,True,2026-09-03|5.5|1,0.6725105189340812,2.55294530154272,16.25
2026-09-03,9.5,42,1,4438.38,4431.62,4419.14,12.479999999999563,107.491,0.116102743485497,True,2026-09-03 11:30:00,0.12,0.0093031044459536,0.1463414634146341,2026-09-03 13:30:00,4419.14,停損,19.23999999999978,-19.359999999999783,-1.0062370062370063,True,2026-09-03|9.5|1,1.0,0.18711018711016086,2.0
2026-09-07,4.5,27,-1,4396.76,4416.87,4402.96,13.909999999999854,111.60899999999992,0.1246315261314039,True,2026-09-07 07:45:00,0.12,0.0089598509080808,0.1153846153846153,2026-09-07 11:15:00,4416.87,停損,20.109999999999676,-20.229999999999677,-1.0059671805072106,True,2026-09-07|4.5|-1,1.0422675285927585,0.5678766782695304,3.5
2026-09-07,6.0,32,-1,4394.09,4410.43,4401.29,9.140000000000327,111.60899999999992,0.0818930372998623,True,2026-09-07 09:00:00,0.12,0.0089598509080808,0.0967741935483871,2026-09-07 11:15:00,4410.43,停損,16.340000000000146,-16.460000000000147,-1.00734394124847,True,2026-09-07|6.0|-1,1.446144430844547,0.5354957160342669,2.25
2026-09-11,3.5,22,-1,4309.3,4340.45,4319.88,20.56999999999971,113.48499999999986,0.1812574349032888,True,2026-09-11 06:30:00,0.12,0.026435211701987,0.5714285714285714,2026-09-11 08:45:00,4340.45,停損,31.14999999999964,-31.26999999999964,-1.003852327447833,True,2026-09-11|3.5|-1,1.0808988764045093,0.27094703049761176,2.25
2026-09-11,3.0,24,-1,4304.04,4333.85,4312.73,21.1200000000008,113.48499999999986,0.1861038903819961,True,2026-09-11 07:00:00,0.12,0.026435211701987,0.5217391304347826,2026-09-11 08:00:00,4333.85,停損,29.8100000000004,-29.9300000000004,-1.0040254948004026,True,2026-09-11|3.0|-1,1.0503186850050312,0.0667561221066674,1.0
2026-09-16,7.0,37,1,4335.5,4328.5,4320.64,7.859999999999673,100.21399999999994,0.0784321551878946,False,2026-09-16 10:15:00,0.12,0.0099786456982058,0.3055555555555556,2026-09-16 21:15:00,4320.64,停損,14.859999999999673,-14.979999999999672,-1.008075370121131,True,2026-09-16|7.0|1,1.863391655450889,2.154777927321746,11.0
2026-09-16,9.0,48,1,4338.18,4333.12,4321.55,11.569999999999707,100.21399999999994,0.1154529307282387,False,2026-09-16 13:00:00,0.12,0.0099786456982058,0.2340425531914893,2026-09-16 21:15:00,4321.55,停損,16.63000000000011,-16.75000000000011,-1.0072158749248346,True,2026-09-16|9.0|1,1.8262176788935474,1.7642814191220657,8.25
2026-09-16,9.5,49,1,4342.81,4337.58,4323.8,13.779999999999744,100.21399999999994,0.137505737721274,False,2026-09-16 13:15:00,0.12,0.0099786456982058,0.2291666666666666,2026-09-16 21:15:00,4323.8,停損,19.01000000000022,-19.13000000000022,-1.006312467122567,True,2026-09-16|9.5|1,1.841136244082041,1.2998421883219229,8.0
2026-09-16,10.0,50,1,4348.1,4339.12,4328.52,10.599999999999454,100.21399999999994,0.1057736444009765,False,2026-09-16 13:30:00,0.12,0.0099786456982058,0.2244897959183673,2026-09-16 17:15:00,4328.52,停損,19.579999999999927,-19.69999999999993,-1.0061287027579162,True,2026-09-16|10.0|1,1.219611848825342,0.6302349336056835,3.75
2026-09-22,8.5,40,-1,4301.19,4333.22,4315.16,18.0600000000004,96.00199999999997,0.1881210808108207,True,2026-09-22 11:00:00,0.12,0.0624986979437928,0.2051282051282051,2026-09-22 12:00:00,4333.22,停損,32.030000000000655,-32.15000000000065,-1.0037464876678113,True,2026-09-22|8.5|-1,1.0705588510770923,0.3003434280362065,1.0
2026-09-28,2.0,10,-1,4249.93,4266.25,4257.51,8.739999999999782,83.86400000000012,0.1042163502814052,False,2026-09-28 03:30:00,0.12,0.1192406753791851,0.0,2026-09-29 00:00:00,4114.22,收盤,16.31999999999971,135.59000000000003,8.308210784313875,True,2026-09-28|2.0|-1,0.024509803921546773,8.519607843137404,20.5
2026-09-28,2.5,11,-1,4237.04,4265.04,4249.93,15.109999999999673,83.86400000000012,0.1801726604979449,False,2026-09-28 03:45:00,0.12,0.1192406753791851,0.0,2026-09-29 00:00:00,4114.22,收盤,28.0,122.6999999999997,4.382142857142847,True,2026-09-28|2.5|-1,0.08142857142856233,4.50535714285713,20.25
2026-09-28,3.0,13,-1,4220.89,4261.01,4227.34,33.67000000000007,83.86400000000012,0.4014833540017173,False,2026-09-28 04:15:00,0.12,0.1192406753791851,0.0,2026-09-29 00:00:00,4114.22,收盤,40.11999999999989,106.55000000000008,2.655782652043877,True,2026-09-28|3.0|-1,0.11939182452642015,2.741774675972091,19.75
2026-09-28,3.5,15,-1,4209.75,4250.33,4214.42,35.909999999999854,83.86400000000012,0.4281932652866522,False,2026-09-28 04:45:00,0.12,0.1192406753791851,0.0,2026-09-29 00:00:00,4114.22,收盤,40.57999999999993,95.40999999999974,2.351158206012812,True,2026-09-28|3.5|-1,0.19689502217840799,2.436175455889597,19.25
2026-09-28,4.0,20,-1,4196.82,4231.53,4205.98,25.550000000000185,83.86400000000012,0.3046599255938203,False,2026-09-28 06:00:00,0.12,0.1192406753791851,0.0,2026-09-29 00:00:00,4114.22,收盤,34.71000000000004,82.47999999999945,2.376260443676156,True,2026-09-28|4.0|-1,0.1803514837222763,2.4756554307115897,18.0
2026-09-28,5.0,31,-1,4183.47,4217.42,4194.21,23.21000000000004,83.86400000000012,0.2767576075550892,False,2026-09-28 08:45:00,0.12,0.1192406753791851,0.0,2026-09-29 00:00:00,4114.22,收盤,33.94999999999982,69.13,2.0362297496318225,True,2026-09-28|5.0|-1,0.037113402061835506,2.1378497790869018,15.25
2026-09-28,7.5,32,-1,4179.41,4200.18,4185.42,14.760000000000218,83.86400000000012,0.1759992368596799,False,2026-09-28 09:00:00,0.12,0.1192406753791851,0.0,2026-09-29 00:00:00,4114.22,收盤,20.77000000000044,65.0699999999996,3.1328839672603865,True,2026-09-28|7.5|-1,0.09821858449686666,3.298988926335969,15.0
2026-09-28,8.0,34,-1,4169.93,4197.99,4179.0,18.98999999999978,83.86400000000012,0.22643804254507,False,2026-09-28 09:30:00,0.12,0.1192406753791851,0.0,2026-09-29 00:00:00,4114.22,收盤,28.05999999999949,55.59000000000004,1.9811119030648985,True,2026-09-28|8.0|-1,0.26657163221666785,2.104062722737029,14.5
2026-09-28,8.5,36,-1,4164.2,4190.57,4169.28,21.289999999999964,83.86400000000012,0.2538633978822848,False,2026-09-28 10:00:00,0.12,0.1192406753791851,0.0,2026-09-29 00:00:00,4114.22,收盤,26.36999999999989,49.859999999999566,1.8907849829351449,True,2026-09-28|8.5|-1,0.2662116040955808,2.0216154721274067,14.0
2026-09-28,9.0,39,-1,4153.94,4181.45,4161.95,19.5,83.86400000000012,0.2325193169894111,False,2026-09-28 10:45:00,0.12,0.1192406753791851,0.0,2026-09-29 00:00:00,4114.22,收盤,27.51000000000022,39.59999999999935,1.4394765539803356,True,2026-09-28|9.0|-1,0.6281352235550897,1.5648854961831673,13.25
2026-09-28,9.5,42,-1,4145.01,4177.41,4156.52,20.889999999999414,83.86400000000012,0.2490937708671109,False,2026-09-28 11:30:00,0.12,0.1192406753791851,0.0,2026-09-29 00:00:00,4114.22,收盤,32.39999999999964,30.669999999999963,0.9466049382716144,True,2026-09-28|9.5|-1,0.8089506172839607,1.0530864197530947,12.5
2026-09-30,6.0,36,1,4190.87,4182.34,4171.37,10.970000000000256,92.78200000000017,0.118234140242722,True,2026-09-30 10:00:00,0.12,0.0215559052402405,0.8285714285714286,2026-09-30 17:30:00,4171.37,停損,19.5,-19.62,-1.0061538461538462,True,2026-09-30|6.0|1,1.0707692307692365,1.4574358974359012,7.5
2026-10-01,2.0,10,-1,4143.9,4156.69,4152.06,4.6299999999992,86.72700000000013,0.0533859121150183,True,2026-10-01 03:30:00,0.12,0.0576521729103969,0.0,2026-10-01 04:15:00,4156.69,停損,12.789999999999964,-12.909999999999965,-1.0093823299452698,True,2026-10-01|2.0|-1,1.3659108678655438,0.3612197028928776,0.75
