mean,d0,H,leg,per,n,r
ema20,1.0,6,mr,IS,955,0.05028662688860091
ema20,1.0,6,mr,OOS,811,-0.014440025528577597
ema20,1.0,6,mom,IS,1177,0.05074748349207094
ema20,1.0,6,mom,OOS,1327,0.018261500905282977
ema20,1.0,12,mr,IS,794,0.16932748236950565
ema20,1.0,12,mr,OOS,687,0.061580201584322355
ema20,1.0,12,mom,IS,816,0.09679554140378571
ema20,1.0,12,mom,OOS,925,0.0940509625088814
ema20,1.0,24,mr,IS,623,0.14157914730455318
ema20,1.0,24,mr,OOS,546,0.14219831987587467
ema20,1.0,24,mom,IS,612,0.14574381416427307
ema20,1.0,24,mom,OOS,690,0.1527522999310098
ema20,1.5,6,mr,IS,500,0.14598990951350005
ema20,1.5,6,mr,OOS,392,0.06705674172078555
ema20,1.5,6,mom,IS,797,0.1283358677537082
ema20,1.5,6,mom,OOS,954,0.021726632354472322
ema20,1.5,12,mr,IS,454,0.034030177147306793
ema20,1.5,12,mr,OOS,363,0.14159280580307929
ema20,1.5,12,mom,IS,594,0.15872448869493064
ema20,1.5,12,mom,OOS,703,0.08234421253306674
ema20,1.5,24,mr,IS,388,-0.02840927232272653
ema20,1.5,24,mr,OOS,326,0.2565308816537944
ema20,1.5,24,mom,IS,470,0.1719828548361036
ema20,1.5,24,mom,OOS,551,0.16236469303490128
ema20,2.0,6,mr,IS,213,0.24884682044352915
ema20,2.0,6,mr,OOS,167,0.12239439224253924
ema20,2.0,6,mom,IS,501,0.17835509615333883
ema20,2.0,6,mom,OOS,606,0.0261236875115983
ema20,2.0,12,mr,IS,206,0.2825212898266564
ema20,2.0,12,mr,OOS,164,0.15569223424068335
ema20,2.0,12,mom,IS,393,0.17764632497301197
ema20,2.0,12,mom,OOS,481,0.11272824400131178
ema20,2.0,24,mr,IS,194,0.22445202458697966
ema20,2.0,24,mr,OOS,152,0.209904357161248
ema20,2.0,24,mom,IS,319,0.12163393283162163
ema20,2.0,24,mom,OOS,396,0.17601408188308582
ema50,1.0,6,mr,IS,1039,0.07812026623156328
ema50,1.0,6,mr,OOS,1065,-0.03283092309314778
ema50,1.0,6,mom,IS,1508,0.01921118556545062
ema50,1.0,6,mom,OOS,1543,-0.03333030810747888
ema50,1.0,12,mr,IS,800,0.06809298691843849
ema50,1.0,12,mr,OOS,813,-0.027398375014795168
ema50,1.0,12,mom,IS,1029,0.021264137539676202
ema50,1.0,12,mom,OOS,1048,0.012956009525225767
ema50,1.0,24,mr,IS,648,0.04246622765835917
ema50,1.0,24,mr,OOS,640,0.045907147160769005
ema50,1.0,24,mom,IS,746,0.030412106967804595
ema50,1.0,24,mom,OOS,750,0.07460286648022456
ema50,1.5,6,mr,IS,611,0.15033478649056817
ema50,1.5,6,mr,OOS,629,-0.01441307043295105
ema50,1.5,6,mom,IS,1379,0.018104756224446402
ema50,1.5,6,mom,OOS,1427,-0.03172142601842361
ema50,1.5,12,mr,IS,507,0.23763663583600916
ema50,1.5,12,mr,OOS,517,0.02318231465086189
ema50,1.5,12,mom,IS,945,0.043628765944050386
ema50,1.5,12,mom,OOS,978,0.019205067236456
ema50,1.5,24,mr,IS,428,0.19341437043814358
ema50,1.5,24,mr,OOS,442,0.24003561631110676
ema50,1.5,24,mom,IS,685,0.043599661113181774
ema50,1.5,24,mom,OOS,716,0.026119012110564197
ema50,2.0,6,mr,IS,260,0.22925431838267277
ema50,2.0,6,mr,OOS,303,0.0028743612191044934
ema50,2.0,6,mom,IS,1224,0.021266395567661002
ema50,2.0,6,mom,OOS,1286,-0.014988708404455448
ema50,2.0,12,mr,IS,230,0.1781510263691109
ema50,2.0,12,mr,OOS,262,0.08837227160461573
ema50,2.0,12,mom,IS,839,0.013874923154628247
ema50,2.0,12,mom,OOS,893,0.04338975441879592
ema50,2.0,24,mr,IS,206,0.2711117898806736
ema50,2.0,24,mr,OOS,240,0.20200000144364108
ema50,2.0,24,mom,IS,621,0.02821939568156175
ema50,2.0,24,mom,OOS,657,0.03394056245505963
kama,1.0,6,mr,IS,1139,-0.01336909303880499
kama,1.0,6,mr,OOS,1038,0.0046915703442410505
kama,1.0,6,mom,IS,1085,0.08971431859197976
kama,1.0,6,mom,OOS,1142,-0.06479108418936204
kama,1.0,12,mr,IS,923,0.06772377544274319
kama,1.0,12,mr,OOS,860,0.03182975620802625
kama,1.0,12,mom,IS,820,0.07301195505063812
kama,1.0,12,mom,OOS,866,-0.001579377953377963
kama,1.0,24,mr,IS,719,-0.07169102008262447
kama,1.0,24,mr,OOS,678,0.12763730833938408
kama,1.0,24,mom,IS,623,0.15210370570381967
kama,1.0,24,mom,OOS,672,0.031176046955729238
kama,1.5,6,mr,IS,627,0.15190655973806408
kama,1.5,6,mr,OOS,571,-0.027993317059831456
kama,1.5,6,mom,IS,608,0.1112250970600522
kama,1.5,6,mom,OOS,655,-0.050774471566802544
kama,1.5,12,mr,IS,561,0.15893118461637643
kama,1.5,12,mr,OOS,513,0.07109788131797183
kama,1.5,12,mom,IS,501,0.12513471349377162
kama,1.5,12,mom,OOS,540,-0.00034789048206300936
kama,1.5,24,mr,IS,478,-0.005641208552888157
kama,1.5,24,mr,OOS,447,0.25489265437768255
kama,1.5,24,mom,IS,401,0.1866740044813366
kama,1.5,24,mom,OOS,448,0.07888913169874635
kama,2.0,6,mr,IS,284,0.191724683731605
kama,2.0,6,mr,OOS,271,-0.08181961508297486
kama,2.0,6,mom,IS,260,0.19257552989906204
kama,2.0,6,mom,OOS,273,-0.08584780710292281
kama,2.0,12,mr,IS,269,0.306419006769556
kama,2.0,12,mr,OOS,266,0.008700743049565696
kama,2.0,12,mom,IS,230,0.2957519570825851
kama,2.0,12,mom,OOS,252,-0.2336630611179327
kama,2.0,24,mr,IS,254,0.288051179904556
kama,2.0,24,mr,OOS,244,0.06632854136593452
kama,2.0,24,mom,IS,196,0.435016461676908
kama,2.0,24,mom,OOS,225,-0.08600267810006174
rvwap20,1.0,6,mr,IS,1436,0.04330736193404104
rvwap20,1.0,6,mr,OOS,1303,-0.017498886676472442
rvwap20,1.0,6,mom,IS,1214,0.11186720954382078
rvwap20,1.0,6,mom,OOS,1276,0.04832905212659318
rvwap20,1.0,12,mr,IS,1158,0.05311799975491516
rvwap20,1.0,12,mr,OOS,1064,-0.02563145980902751
rvwap20,1.0,12,mom,IS,880,0.18142160784477374
rvwap20,1.0,12,mom,OOS,944,0.06999132493726797
rvwap20,1.0,24,mr,IS,863,0.07334656522653174
rvwap20,1.0,24,mr,OOS,812,0.10694751310301806
rvwap20,1.0,24,mom,IS,687,0.2111195072732491
rvwap20,1.0,24,mom,OOS,735,0.04585398680556687
rvwap20,1.5,6,mr,IS,1015,0.07458609037919041
rvwap20,1.5,6,mr,OOS,925,0.0050927106305673694
rvwap20,1.5,6,mom,IS,762,0.15271187540396958
rvwap20,1.5,6,mom,OOS,862,0.02853183841029216
rvwap20,1.5,12,mr,IS,891,0.04624433808720605
rvwap20,1.5,12,mr,OOS,825,0.035976958085674964
rvwap20,1.5,12,mom,IS,580,0.24132898554551704
rvwap20,1.5,12,mom,OOS,661,0.07353258061367203
rvwap20,1.5,24,mr,IS,703,-0.006975427362220934
rvwap20,1.5,24,mr,OOS,663,0.2660800230189309
rvwap20,1.5,24,mom,IS,476,0.2916710712412432
rvwap20,1.5,24,mom,OOS,552,-0.04546110812720584
rvwap20,2.0,6,mr,IS,661,0.07116611198747547
rvwap20,2.0,6,mr,OOS,587,0.0017302667853644242
rvwap20,2.0,6,mom,IS,450,0.20080375896947678
rvwap20,2.0,6,mom,OOS,509,-0.010077876165073002
rvwap20,2.0,12,mr,IS,613,0.019535844729874886
rvwap20,2.0,12,mr,OOS,549,0.005158514776898487
rvwap20,2.0,12,mom,IS,346,0.33245974992779526
rvwap20,2.0,12,mom,OOS,409,-0.004142148627551695
rvwap20,2.0,24,mr,IS,515,0.01909494084299537
rvwap20,2.0,24,mr,OOS,474,0.13070485084205147
rvwap20,2.0,24,mom,IS,292,0.24833724238994237
rvwap20,2.0,24,mom,OOS,353,0.061022256226816465
linreg20,1.0,6,mr,IS,958,0.06565413775851064
linreg20,1.0,6,mr,OOS,915,0.0395592534978747
linreg20,1.0,6,mom,IS,908,0.06272338582064026
linreg20,1.0,6,mom,OOS,921,0.027492072847670686
linreg20,1.0,12,mr,IS,777,0.12490654519757863
linreg20,1.0,12,mr,OOS,751,-0.06366913793194086
linreg20,1.0,12,mom,IS,777,0.08879588693751672
linreg20,1.0,12,mom,OOS,777,0.003356817119245052
linreg20,1.0,24,mr,IS,608,0.05550099053761303
linreg20,1.0,24,mr,OOS,588,-0.037917272670557896
linreg20,1.0,24,mom,IS,627,0.1563092875381933
linreg20,1.0,24,mom,OOS,634,0.21818812769475263
linreg20,1.5,6,mr,IS,446,0.09928859228260933
linreg20,1.5,6,mr,OOS,426,0.0339938859458086
linreg20,1.5,6,mom,IS,418,0.06423035060353402
linreg20,1.5,6,mom,OOS,436,0.0553537522776711
linreg20,1.5,12,mr,IS,394,0.09972849438334563
linreg20,1.5,12,mr,OOS,388,-0.04353108786465411
linreg20,1.5,12,mom,IS,391,0.1124394551756458
linreg20,1.5,12,mom,OOS,411,0.043233137156017634
linreg20,1.5,24,mr,IS,346,0.02623936269767011
linreg20,1.5,24,mr,OOS,340,-0.07571539162822168
linreg20,1.5,24,mom,IS,350,0.21199047585175387
linreg20,1.5,24,mom,OOS,365,0.25090340319422105
linreg20,2.0,6,mr,IS,187,0.2742825014238799
linreg20,2.0,6,mr,OOS,157,0.11569977696323842
linreg20,2.0,6,mom,IS,176,0.03817413111679823
linreg20,2.0,6,mom,OOS,192,-0.01608291940649542
linreg20,2.0,12,mr,IS,175,0.29138821127778824
linreg20,2.0,12,mr,OOS,153,0.04095666264619403
linreg20,2.0,12,mom,IS,173,0.20031016912716268
linreg20,2.0,12,mom,OOS,189,0.14502589925000675
linreg20,2.0,24,mr,IS,165,-0.027771894029769692
linreg20,2.0,24,mr,OOS,142,0.1639584248254682
linreg20,2.0,24,mom,IS,167,0.3325245868515387
linreg20,2.0,24,mom,OOS,180,0.424077697673272
