day,open,high,low,close,poc,vah,val,mu,sd,skew,ibh,ibl,ntpo,singles,nper,range,tr,atr10
2026-01-02,4326.7,4402.32,4310.07,4332.94,4373.5,4400.0,4335.0,4356.221280602635,25.461197889797113,-0.0009868665705430914,4351.42,4324.5,531.0,3.0,46.0,92.25,,
2026-01-05,4361.3,4455.81,4345.75,4449.02,4445.5,4450.0,4405.0,4416.916129032259,24.426408194281723,-0.7749691519537809,4375.9,4345.75,620.0,19.0,46.0,110.0600000000004,122.8700000000008,
2026-01-06,4448.18,4497.37,4428.11,4494.62,4464.5,4485.0,4448.0,4464.7794117647045,15.659140901455173,-0.013335243579568924,4460.14,4437.04,544.0,3.0,46.0,69.26000000000022,69.26000000000022,
2026-01-07,4495.58,4500.52,4423.54,4455.76,4453.5,4470.0,4441.0,4459.038878842678,14.939384100301847,0.562983744300253,4500.52,4492.15,553.0,6.0,46.0,76.98000000000047,76.98000000000047,
2026-01-08,4458.85,4479.52,4407.76,4477.39,4430.5,4455.0,4420.0,4441.32196969697,15.842457408065027,0.36650234387743175,4463.99,4458.33,528.0,12.0,46.0,71.76000000000022,71.76000000000022,
2026-01-09,4481.27,4517.21,4452.95,4509.52,4470.5,4497.0,4460.0,4482.285714285714,16.492233450092066,0.38903712889290615,4484.1,4472.88,504.0,7.0,46.0,64.26000000000022,64.26000000000022,
2026-01-12,4518.93,4630.23,4512.96,4596.9,4589.5,4614.0,4569.0,4587.497014925373,23.028794241637097,-0.8081304860663131,4544.97,4512.96,670.0,40.0,46.0,117.26999999999953,120.70999999999913,
2026-01-13,4597.27,4634.7,4569.72,4586.63,4589.5,4604.0,4579.0,4595.883147853736,12.744814798201675,0.7320078197187763,4608.18,4578.15,629.0,8.0,46.0,64.97999999999956,64.97999999999956,
2026-01-14,4588.39,4642.97,4587.26,4626.05,4633.5,4640.0,4617.0,4624.148114901257,11.373930831094938,-0.7718840943463088,4598.85,4587.26,557.0,7.0,46.0,55.710000000000036,56.340000000000146,
2026-01-15,4630.62,4632.62,4581.21,4615.57,4613.5,4620.0,4597.0,4605.53066439523,10.449150666143057,-0.3601128301547041,4632.62,4602.91,587.0,8.0,46.0,51.409999999999854,51.409999999999854,
2026-01-16,4616.45,4620.9,4536.75,4595.85,4601.5,4612.0,4587.0,4594.87741935484,14.980400306409392,-1.338538502640492,4620.9,4606.47,620.0,28.0,46.0,84.14999999999964,84.14999999999964,
2026-01-19,4628.22,4690.77,4620.22,4670.91,4665.5,4676.0,4661.0,4666.4373650108,10.675781880442095,-1.742439509009239,4690.77,4620.22,463.0,39.0,41.0,70.55000000000018,94.92000000000007,78.27200000000002
2026-01-20,4672.44,4766.3,4659.53,4763.17,4728.5,4765.0,4710.0,4720.673598553345,30.047440926285013,-0.5727693761507368,4677.18,4664.4,553.0,12.0,46.0,106.77000000000044,106.77000000000044,75.47699999999995
2026-01-21,4764.44,4888.33,4755.71,4828.83,4864.5,4873.0,4818.0,4835.581180811808,29.802901987413343,-0.7116739900732056,4781.12,4757.83,1084.0,3.0,46.0,132.6199999999999,132.6199999999999,79.22799999999998
2026-01-22,4831.1,4940.72,4772.33,4936.2,4828.5,4849.0,4774.0,4838.160247592848,45.014946030191005,0.7063134105751676,4834.05,4777.59,727.0,40.0,46.0,168.39000000000033,168.39000000000033,84.79199999999992
2026-01-23,4942.18,4989.74,4899.67,4987.1,4952.5,4969.0,4918.0,4949.637886597939,21.372380955300233,-0.17749042205191076,4960.54,4930.76,776.0,3.0,46.0,90.06999999999971,90.06999999999971,94.45499999999993
2026-01-26,5006.29,5111.13,4990.09,5008.66,5082.5,5099.0,5050.0,5065.85486981678,26.11031799486711,-0.7605441451405253,5040.1,5001.87,1037.0,17.0,46.0,121.03999999999996,124.02999999999975,97.03599999999987
2026-01-27,5013.41,5190.46,5012.82,5180.95,5087.5,5098.0,5047.0,5082.419739696313,36.36134721512442,1.07199653256266,5061.67,5012.82,922.0,49.0,46.0,177.64000000000033,181.80000000000018,97.36799999999994
2026-01-28,5179.66,5417.58,5157.41,5417.42,5284.5,5321.0,5230.0,5272.905570060922,52.572987967581994,0.21609397536161679,5184.78,5159.11,1149.0,64.0,46.0,260.1700000000001,260.1700000000001,109.05
2026-01-29,5415.79,5598.61,5102.71,5377.9,5523.5,5596.0,5321.0,5405.258553654743,130.60207370867457,-0.49658417600826493,5598.61,5415.79,2572.0,6.0,46.0,495.89999999999964,495.89999999999964,129.433
2026-01-30,5386.99,5450.95,4691.37,4885.55,5060.5,5247.0,4874.0,5066.832105412299,175.88692686918063,0.08768933953988889,5448.73,5378.03,3529.0,54.0,46.0,759.5799999999999,759.5799999999999,173.88199999999998
2026-02-02,4809.66,4884.48,4402.98,4658.41,4673.5,4784.0,4619.0,4675.326901248581,89.30160416668225,-0.5672635664044441,4867.85,4697.67,3524.0,48.0,46.0,481.5,482.5700000000006,241.425
2026-02-03,4670.51,4993.87,4665.96,4946.45,4916.5,4993.0,4820.0,4869.137033140452,72.99446756458894,-0.639201099307408,4775.65,4665.96,1901.0,74.0,46.0,327.90999999999985,335.46000000000004,280.19000000000005
2026-02-04,4945.85,5091.85,4854.29,4965.2,5053.5,5090.0,4939.0,4991.057142857144,63.869875688059416,-0.1404617671500048,4972.23,4910.77,1610.0,19.0,46.0,237.5600000000004,237.5600000000004,303.059
2026-02-05,4965.58,5023.82,4759.79,4776.55,4864.5,4909.0,4810.0,4876.483118172791,53.72297096904408,0.8001669947035119,5023.82,4965.58,2014.0,32.0,46.0,264.02999999999975,264.02999999999975,313.55300000000005
2026-02-06,4789.7,4971.48,4655.22,4966.01,4953.5,4968.0,4809.0,4845.637667304016,80.03818505459668,-0.3616393049698584,4794.04,4703.44,1569.0,47.0,46.0,316.2599999999993,316.2599999999993,323.117
2026-02-09,4983.79,5086.67,4965.13,5060.3,5014.5,5043.0,4990.0,5025.262488218662,25.73460113542721,0.3588686366747587,5046.74,4965.13,1061.0,7.0,46.0,121.53999999999996,121.53999999999996,345.736
2026-02-10,5060.87,5078.64,4987.88,5022.9,5031.5,5050.0,5017.0,5033.627254509018,15.794992949726774,0.19287558508936017,5075.69,4987.88,998.0,15.0,46.0,90.76000000000022,90.76000000000022,345.48699999999997
2026-02-11,5027.08,5119.17,5019.1,5082.74,5053.5,5086.0,5041.0,5065.371957671959,20.085939879019982,0.2776440538848373,5054.67,5025.07,945.0,9.0,46.0,100.06999999999971,100.06999999999971,336.383
2026-02-12,5085.14,5099.96,4878.62,4922.08,5061.5,5100.0,4951.0,5009.507200720072,63.28351150527014,-0.42566896528852344,5099.96,5053.31,1111.0,88.0,46.0,221.34000000000015,221.34000000000015,320.37299999999993
2026-02-13,4929.99,5046.11,4888.11,5043.31,4975.5,5012.0,4937.0,4978.386015325671,32.79886801592704,-0.12984065654258448,4929.99,4888.11,1044.0,18.0,46.0,158.0,158.0,292.91700000000003
2026-02-16,5037.74,5052.31,4966.54,4993.32,4995.5,5020.0,4983.0,5001.811504424779,16.819245993498146,0.41066743561380126,5052.31,5009.62,565.0,24.0,41.0,85.77000000000044,85.77000000000044,232.75900000000001
2026-02-17,4995.41,5000.85,4842.2,4878.15,4882.5,4935.0,4858.0,4909.884015594542,35.827487594105726,0.3935571142066512,5000.85,4985.31,1026.0,18.0,46.0,158.65000000000055,158.65000000000055,193.079
2026-02-18,4879.28,5010.95,4854.33,4976.36,4920.5,4997.0,4900.0,4938.66228748068,42.44614662049046,-0.10027107124023515,4884.49,4854.33,647.0,17.0,46.0,156.6199999999999,156.6199999999999,175.39800000000005
2026-02-19,4976.92,5022.28,4960.69,4996.3,4984.5,5003.0,4968.0,4989.968053491827,14.958266021256144,0.18695329648390205,4988.79,4961.42,673.0,1.0,46.0,61.590000000000146,61.590000000000146,167.304
2026-02-20,4997.18,5108.08,4981.76,5108.08,5028.5,5049.0,4990.0,5030.589356110381,29.00649987841422,0.5324450867866768,5008.15,4985.69,761.0,19.0,46.0,126.31999999999971,126.31999999999971,147.06000000000003
2026-02-23,5109.76,5237.85,5099.27,5227.92,5156.5,5187.0,5122.0,5166.6857855361595,29.499848217097842,0.5010578811333375,5171.92,5099.27,802.0,27.0,46.0,138.57999999999993,138.57999999999993,128.0660000000001
2026-02-24,5227.62,5249.75,5093.83,5144.86,5172.5,5185.0,5138.0,5166.280996523754,29.65607432405727,0.5678909283924201,5249.75,5222.55,863.0,44.0,46.0,155.92000000000007,155.92000000000007,129.77000000000007
2026-02-25,5143.82,5217.6,5121.59,5169.17,5184.5,5203.0,5166.0,5179.535851472472,18.890105945602055,-0.7492876333847903,5152.18,5121.59,781.0,11.0,46.0,96.01000000000022,96.01000000000022,136.28600000000006
2026-02-26,5166.12,5205.5,5130.43,5184.9,5184.5,5195.0,5166.0,5177.205570291776,14.00211411684251,-0.7006792170076305,5182.05,5159.55,754.0,12.0,46.0,75.06999999999971,75.06999999999971,135.8800000000001
2026-02-27,5184.28,5281.2,5167.03,5280.19,5186.5,5231.0,5168.0,5210.748529411765,28.901124508180825,0.3302442428544519,5189.73,5175.83,680.0,23.0,46.0,114.17000000000007,114.17000000000007,121.25300000000007
2026-03-02,5301.68,5419.28,5260.89,5322.43,5332.5,5385.0,5298.0,5349.521969080553,35.867879867818026,-0.021089827878096656,5393.42,5299.82,1229.0,25.0,46.0,158.38999999999942,158.38999999999942,116.87000000000008
2026-03-03,5315.41,5379.89,4996.14,5090.31,5126.5,5289.0,5036.0,5195.417256396298,104.29799917018958,0.24227939209113325,5346.99,5315.41,1837.0,21.0,46.0,383.75,383.75,124.13199999999998
2026-03-04,5101.76,5206.1,5084.75,5139.25,5159.5,5180.0,5129.0,5154.378163074038,23.318425752364444,-0.24022846263116124,5129.95,5084.75,1067.0,26.0,46.0,121.35000000000036,121.35000000000036,146.6419999999999
2026-03-05,5146.32,5194.94,5051.1,5083.3,5161.5,5192.0,5089.0,5126.213855421687,41.40576285477087,-0.17650629693805242,5166.15,5144.92,996.0,5.0,46.0,143.83999999999924,143.83999999999924,143.11499999999995
2026-03-06,5083.46,5174.99,5063.0,5174.78,5088.5,5139.0,5076.0,5116.3123667377395,28.197615479071786,0.20940535592600873,5101.98,5082.34,938.0,2.0,46.0,111.98999999999978,111.98999999999978,151.33999999999986
2026-03-09,5180.32,5198.4,5015.01,5137.42,5097.5,5136.0,5077.0,5099.312755519215,30.805858478703268,0.1966871961900134,5198.4,5104.29,1223.0,47.0,46.0,183.38999999999942,183.38999999999942,149.90699999999987
2026-03-10,5140.1,5238.54,5117.82,5192.77,5178.5,5217.0,5154.0,5180.601992966003,27.67175134542104,-0.015147802719232197,5153.06,5117.82,853.0,10.0,46.0,120.72000000000025,120.72000000000025,154.38799999999983
2026-03-11,5187.12,5223.16,5149.35,5177.2,5187.5,5204.0,5169.0,5188.666666666667,15.141953963781221,0.05552384618339698,5197.76,5183.36,672.0,8.0,46.0,73.80999999999949,73.80999999999949,150.86799999999985
2026-03-12,5179.02,5191.75,5055.12,5079.79,5151.5,5186.0,5131.0,5144.581712062257,30.60903311268564,-0.8657226702854701,5183.51,5129.78,771.0,21.0,46.0,136.6300000000001,136.6300000000001,148.64799999999977
2026-03-13,5080.42,5128.46,5009.74,5018.76,5092.5,5123.0,5056.0,5078.329705505762,29.69543114735379,-0.45511525003691855,5095.93,5073.04,781.0,7.0,46.0,118.72000000000025,118.72000000000025,154.8039999999998
2026-03-16,5005.99,5037.96,4967.74,5006.45,5014.5,5023.0,4990.0,5004.9313304721045,14.693090736711115,-0.20959935694027465,5030.55,4998.2,932.0,4.0,46.0,70.22000000000025,70.22000000000025,155.25899999999984
2026-03-17,5007.65,5044.58,4973.62,5003.43,5005.5,5024.0,4999.0,5011.725165562914,12.152410812211208,0.0899966305813032,5016.03,4998.62,604.0,21.0,46.0,70.96000000000004,70.96000000000004,146.44199999999992
2026-03-18,5005.91,5016.35,4806.98,4818.64,4991.5,5016.0,4873.0,4922.076074332172,63.386012694148604,0.06979420670650938,5006.28,4993.37,861.0,48.0,46.0,209.3700000000008,209.3700000000008,115.16299999999993
2026-03-19,4825.14,4867.24,4502.62,4657.69,4608.5,4741.0,4532.0,4680.852863726135,99.02296521475631,0.4458341295894247,4838.99,4804.61,1519.0,58.0,46.0,364.6199999999999,364.6199999999999,123.96499999999996
2026-03-20,4651.12,4735.75,4477.34,4498.06,4662.5,4736.0,4578.0,4629.0170413343,67.89318034452472,-0.4793305355519986,4677.11,4636.24,1379.0,38.0,46.0,258.40999999999985,258.40999999999985,146.04300000000003
2026-03-23,4469.06,4536.26,4098.9,4406.82,4405.5,4512.0,4327.0,4364.206049822064,95.76813115857517,-0.7012019536694607,4536.26,4449.49,2810.0,41.0,46.0,437.3600000000006,437.3600000000006,160.68500000000003
2026-03-24,4414.01,4483.99,4306.12,4476.78,4405.5,4432.0,4357.0,4392.053281155931,35.397378912084655,-0.15542780586199878,4431.44,4361.75,1661.0,3.0,46.0,177.8699999999999,177.8699999999999,186.08200000000016
2026-03-25,4472.11,4602.59,4456.08,4505.76,4554.5,4579.0,4530.0,4546.354185418541,27.890947110614515,-0.9600312007262013,4485.12,4456.08,1111.0,13.0,46.0,146.51000000000022,146.51000000000022,191.7970000000001
2026-03-26,4510.79,4544.25,4351.16,4380.84,4440.5,4471.0,4368.0,4447.083801122694,48.5174510621106,0.24246627547482158,4534.61,4505.73,1247.0,22.0,46.0,193.09000000000015,193.09000000000015,199.06700000000018
2026-03-27,4377.69,4555.38,4375.59,4495.58,4434.5,4493.0,4376.0,4456.517307692307,45.912664672907674,0.305038346746073,4415.39,4377.41,1040.0,15.0,46.0,179.78999999999996,179.78999999999996,204.7130000000002
2026-03-30,4493.21,4580.84,4420.14,4511.13,4528.5,4557.0,4478.0,4509.957786116323,35.90098171578154,-0.39669473903286134,4515.06,4467.71,1066.0,12.0,46.0,160.69999999999982,160.69999999999982,210.82000000000016
2026-03-31,4513.54,4687.23,4482.71,4668.23,4569.5,4628.0,4531.0,4581.585551330799,46.37219548036753,0.32770954928216756,4523.3,4502.36,1052.0,17.0,46.0,204.51999999999953,204.51999999999953,219.8680000000001
2026-04-01,4671.52,4792.97,4661.79,4756.81,4726.5,4769.0,4690.0,4725.4056016597515,32.380716460525186,0.07227991466116812,4695.89,4661.79,964.0,4.0,46.0,131.1800000000003,131.1800000000003,233.22400000000007
2026-04-02,4757.34,4800.38,4554.13,4675.72,4668.5,4693.0,4600.0,4662.712075471698,55.4448725484948,0.8136133800025642,4782.84,4752.28,1325.0,68.0,46.0,246.25,246.25,225.40500000000003
2026-04-15,4843.56,4854.36,4786.37,4791.2,4802.5,4825.0,4794.0,4812.805283757339,15.000481122998645,0.6899008261876335,,,511.0,5.0,40.0,67.98999999999978,178.63999999999942,213.56800000000004
2026-04-16,4794.52,4838.33,4773.15,4790.08,4820.5,4831.0,4796.0,4810.191507798961,14.600817169755803,-0.3035421276367502,4811.95,4790.93,577.0,9.0,46.0,65.18000000000029,65.18000000000029,205.59099999999998
2026-04-17,4791.96,4889.36,4767.81,4832.52,4793.5,4858.0,4767.0,4824.8059360730595,36.251101003577254,0.1944459959026042,4797.95,4790.91,657.0,17.0,46.0,121.54999999999927,121.54999999999927,168.37299999999996
2026-04-20,4767.09,4827.63,4737.11,4820.62,4794.5,4819.0,4786.0,4794.409090909091,18.432471028965328,-0.7651302370172254,4795.2,4759.41,649.0,9.0,46.0,90.52000000000044,95.41000000000076,162.7409999999999
2026-04-21,4822.3,4833.02,4668.5,4718.81,4783.5,4834.0,4723.0,4758.002624671916,43.29688293458612,-0.24935183745004563,4833.02,4820.72,762.0,10.0,46.0,164.52000000000044,164.52000000000044,157.63099999999994
2026-04-22,4721.11,4772.34,4715.65,4739.45,4756.5,4761.0,4732.0,4746.572874493927,12.915904933039302,-0.21255410185307436,4729.58,4715.65,494.0,1.0,46.0,56.69000000000051,56.69000000000051,154.77399999999997
2026-04-23,4742.12,4753.58,4664.25,4692.94,4703.5,4734.0,4697.0,4714.795945945947,16.77531116390175,-0.1691165734299438,4746.06,4725.66,740.0,24.0,46.0,89.32999999999993,89.32999999999993,142.46400000000003
2026-04-24,4701.01,4740.31,4657.82,4707.4,4695.5,4716.0,4671.0,4698.479166666666,18.45875205724059,0.0609354824016874,4703.17,4690.11,624.0,9.0,46.0,82.49000000000069,82.49000000000069,135.32700000000006
2026-04-27,4697.32,4730.04,4667.23,4679.9,4680.5,4709.0,4672.0,4697.203319502074,15.849563438154254,0.02833095402750961,4705.03,4680.1,482.0,1.0,46.0,62.8100000000004,62.8100000000004,123.12400000000017
2026-04-28,4683.82,4701.42,4554.96,4596.48,4594.5,4633.0,4556.0,4615.18759342302,39.36262951619992,0.5759054293076653,4691.16,4682.4,669.0,23.0,46.0,146.46000000000004,146.46000000000004,116.28700000000018
2026-04-29,4598.43,4610.34,4510.25,4543.51,4596.5,4605.0,4546.0,4564.5770392749255,24.75935756445429,0.011996688829331359,4600.61,4592.48,662.0,10.0,46.0,100.09000000000015,100.09000000000015,106.30800000000018
2026-04-30,4545.6,4646.89,4539.32,4620.62,4617.5,4646.0,4573.0,4599.195934959349,30.589390260081597,-0.3846609166425218,4552.7,4539.32,615.0,4.0,46.0,107.57000000000062,107.57000000000062,98.45300000000024
2026-05-01,4626.58,4660.19,4560.32,4615.6,4626.5,4647.0,4594.0,4611.08346581876,24.106839171163614,-0.42144696621295663,4635.79,4625.56,629.0,11.0,46.0,99.86999999999989,99.86999999999989,102.69200000000028
2026-05-04,4632.88,4637.82,4500.73,4523.21,4611.5,4620.0,4539.0,4568.909731113957,35.16878792483238,-0.1711843641514761,4637.82,4612.62,781.0,15.0,46.0,137.09000000000015,137.09000000000015,100.52400000000034
2026-05-05,4523.95,4586.6,4513.64,4556.26,4554.5,4573.0,4534.0,4551.57619047619,17.281586808808544,-0.11763691043058866,4525.48,4515.69,525.0,3.0,46.0,72.96000000000004,72.96000000000004,104.69200000000028
2026-05-06,4560.38,4722.95,4546.34,4690.66,4681.5,4722.0,4649.0,4662.232857142857,44.93059797836968,-1.0111406484609138,4577.23,4546.34,700.0,21.0,46.0,176.60999999999967,176.60999999999967,95.53600000000024
2026-05-07,4692.91,4764.78,4685.31,4688.42,4737.5,4760.0,4705.0,4721.06070941337,20.27372537450512,0.1677763578725988,4699.89,4689.47,733.0,1.0,46.0,79.46999999999935,79.46999999999935,107.52800000000016
2026-05-08,4679.08,4749.4,4676.93,4715.72,4719.5,4728.0,4705.0,4715.737878787879,12.438311601678869,-0.42866481733155704,4699.37,4676.93,660.0,6.0,46.0,72.46999999999935,72.46999999999935,106.5420000000001
2026-05-11,4683.48,4748.52,4648.17,4735.15,4676.5,4713.0,4650.0,4693.771676300577,25.12687242772695,0.36181890675060474,4700.44,4679.03,692.0,13.0,46.0,100.35000000000036,100.35000000000036,105.53999999999996
2026-05-12,4735.87,4773.54,4638.39,4715.08,4698.5,4731.0,4670.0,4706.397435897436,28.477003122681452,0.26439653431502586,4755.12,4735.85,663.0,20.0,46.0,135.14999999999964,135.14999999999964,109.29399999999995
2026-05-13,4715.97,4726.85,4669.48,4688.68,4698.5,4707.0,4684.0,4697.881481481481,11.64167281593847,0.2439709157380719,4722.49,4712.55,540.0,4.0,46.0,57.3700000000008,57.3700000000008,108.16299999999993
2026-05-14,4691.96,4718.89,4644.39,4651.19,4693.5,4706.0,4681.0,4689.953248811411,13.297544000678426,-1.049324685137321,4700.62,4688.99,631.0,14.0,46.0,74.5,74.5,103.89099999999999
2026-05-15,4652.87,4665.36,4511.8,4538.63,4555.5,4594.0,4525.0,4575.381272949816,36.49351451370467,0.8562528213551188,4662.71,4646.88,817.0,43.0,46.0,153.5599999999995,153.5599999999995,100.58399999999992
2026-05-18,4538.7,4584.25,4480.35,4566.18,4541.5,4558.0,4529.0,4541.1780072904,17.805062693276035,-0.7899442963816825,4555.05,4528.6,823.0,17.0,46.0,103.89999999999964,103.89999999999964,105.95299999999989
2026-05-19,4567.89,4589.27,4464.93,4481.95,4543.5,4590.0,4507.0,4530.915204678363,29.479700664591157,-0.14373190604860905,4578.4,4567.36,684.0,28.0,46.0,124.34000000000015,124.34000000000015,102.63399999999983
2026-05-20,4482.96,4552.75,4453.64,4543.83,4485.5,4506.0,4461.0,4494.576119402986,25.171445499276683,0.6968967122771889,4485.85,4477.45,670.0,17.0,46.0,99.10999999999967,99.10999999999967,107.77199999999985
2026-05-21,4545.63,4570.73,4488.64,4542.62,4539.5,4550.0,4513.0,4529.260583941606,16.739512928686697,-0.03051004370479088,4548.73,4535.29,685.0,10.0,46.0,82.08999999999924,82.08999999999924,100.02199999999985
2026-05-22,4544.91,4546.04,4491.88,4508.01,4525.5,4534.0,4513.0,4521.739332096475,9.883939312121687,-0.22099971594129963,4546.04,4539.78,539.0,7.0,46.0,54.159999999999854,54.159999999999854,100.28399999999984
2026-05-25,4530.9,4579.94,4530.9,4570.86,4568.5,4573.0,4556.0,4563.883177570093,8.362292825829376,-1.0658561353695666,4565.58,4530.9,428.0,20.0,41.0,49.039999999999964,71.92999999999938,98.45299999999989
2026-05-26,4570.18,4580.16,4482.59,4507.1,4523.5,4540.0,4503.0,4526.154611211574,19.543202512664436,0.5266449871234233,4576.6,4569.73,553.0,18.0,46.0,97.56999999999971,97.56999999999971,95.61099999999979
2026-05-27,4537.18,4538.7,4401.46,4456.07,4451.5,4500.0,4403.0,4471.0784883720935,33.87635180577255,0.01089137510359528,4538.7,4498.02,688.0,22.0,46.0,137.23999999999978,137.23999999999978,91.8529999999998
2026-05-28,4457.47,4516.56,4366.42,4496.36,4390.5,4455.0,4368.0,4428.06456043956,42.72656104535949,0.47009407642267875,4467.06,4455.24,728.0,12.0,46.0,150.14000000000033,150.14000000000033,99.83999999999969
2026-05-29,4496.09,4595.33,4489.09,4541.22,4514.5,4547.0,4492.0,4531.891719745223,24.86465391353615,0.3701767402579333,4499.74,4491.15,628.0,14.0,46.0,106.23999999999978,106.23999999999978,107.40399999999973
2026-06-01,4539.69,4546.06,4447.75,4484.06,4500.5,4543.0,4482.0,4500.194017094016,24.950009131417715,-0.12426001270251466,4540.45,4518.1,585.0,2.0,46.0,98.3100000000004,98.3100000000004,102.67199999999976
2026-06-02,4487.32,4541.51,4462.96,4488.24,4486.5,4523.0,4474.0,4503.528901734104,20.036698819030168,0.1976893497867932,4488.5,4479.74,519.0,12.0,46.0,78.55000000000018,78.55000000000018,102.11299999999983
2026-06-03,4490.77,4496.75,4426.4,4433.99,4458.5,4471.0,4436.0,4459.547697368421,15.631846751288938,0.25998177063592254,4493.25,4484.26,608.0,7.0,46.0,70.35000000000036,70.35000000000036,97.53399999999984
2026-06-04,4436.39,4515.46,4424.01,4475.62,4467.5,4492.0,4455.0,4473.104878048782,17.978170383856686,0.2028203925999665,4452.88,4424.01,615.0,13.0,46.0,91.44999999999982,91.44999999999982,94.6579999999999
2026-06-05,4476.87,4481.55,4311.81,4327.96,4464.5,4481.0,4364.0,4409.544880785414,54.6611975085099,-0.4237239994907059,4481.55,4468.92,713.0,29.0,46.0,169.73999999999978,169.73999999999978,95.59399999999997
2026-06-08,4330.22,4353.42,4268.65,4329.87,4328.5,4345.0,4304.0,4317.467479674797,18.25531141895351,-0.38299990641587617,4335.88,4310.17,738.0,6.0,46.0,84.77000000000044,84.77000000000044,107.15199999999996
2026-06-09,4332.53,4363.45,4236.65,4260.34,4332.5,4363.0,4282.0,4309.165158371041,32.604251292591954,-0.6009297280592755,4333.42,4322.82,663.0,28.0,46.0,126.80000000000018,126.80000000000018,108.43600000000006
2026-06-10,4251.83,4257.44,4067.15,4070.5,4173.5,4222.0,4129.0,4165.347345132743,41.43374780964727,-0.14543814821094325,4257.44,4232.5,904.0,12.0,46.0,190.2899999999995,193.19000000000005,111.35900000000011
2026-06-11,4072.48,4220.05,4023.81,4211.4,4083.5,4108.0,4053.0,4094.8193116634798,40.62653850482152,1.343624018426739,4072.73,4036.25,1046.0,59.0,46.0,196.24000000000024,196.24000000000024,116.95400000000014
2026-06-12,4213.17,4246.32,4170.26,4218.65,4214.5,4227.0,4190.0,4206.354368932039,16.663886169548093,-0.12256710118215114,4246.32,4205.45,824.0,1.0,46.0,76.05999999999949,76.05999999999949,121.56400000000012
2026-06-15,4268.96,4369.2,4262.72,4308.77,4325.5,4352.0,4299.0,4323.128333333334,23.01782346839558,-0.2602288409706661,4308.9,4262.72,600.0,19.0,46.0,106.47999999999956,150.55000000000018,118.54600000000009
2026-06-16,4310.46,4354.89,4305.94,4330.96,4340.5,4347.0,4318.0,4329.826403326404,11.90919862140454,-0.09229352379090883,4315.28,4305.94,481.0,1.0,46.0,48.95000000000073,48.95000000000073,123.77000000000007
2026-06-17,4333.02,4382.32,4219.11,4257.46,4330.5,4379.0,4312.0,4318.099469496021,37.73411517439395,-0.8847556334587905,4336.19,4329.01,754.0,10.0,46.0,163.21000000000004,163.21000000000004,120.81000000000013
2026-06-18,4257.59,4329.87,4201.59,4208.15,4268.5,4319.0,4240.0,4268.93741209564,34.62568506003297,0.022460606300680697,4271.41,4254.57,711.0,1.0,46.0,128.27999999999975,128.27999999999975,130.0960000000001
2026-06-19,4211.27,4213.3,4121.82,4155.57,4151.5,4180.0,4137.0,4162.866990291261,20.22205077492377,0.48760464069756676,4213.3,4202.73,515.0,9.0,38.0,91.48000000000047,91.48000000000047,133.77900000000008
2026-06-22,4151.68,4221.02,4136.57,4192.34,4189.5,4210.0,4179.0,4186.959637561779,18.02801961218071,-0.8945660178423638,4159.76,4139.41,607.0,9.0,46.0,84.45000000000073,84.45000000000073,125.95300000000016
2026-06-23,4193.97,4198.38,4090.89,4109.67,4122.5,4145.0,4108.0,4134.936641221374,24.848706191784494,1.0334343515991624,4194.56,4188.46,655.0,15.0,46.0,107.49000000000024,107.49000000000024,125.92100000000019
2026-06-24,4113.04,4114.97,3959.25,4001.02,4084.5,4111.0,4006.0,4039.1134831460677,41.78942716404658,-0.020209829765090226,4114.97,4097.13,890.0,7.0,46.0,155.72000000000025,155.72000000000025,123.9900000000002
2026-06-25,4003.43,4044.23,3963.64,4026.69,3989.5,4020.0,3973.0,4002.914786967419,20.736372023668714,0.34150803616659386,4008.76,3992.93,798.0,3.0,46.0,80.59000000000015,80.59000000000015,120.24300000000021
2026-06-26,4030.33,4096.02,3983.1,4087.98,4021.5,4068.0,3993.0,4041.9224519940913,28.823898122878255,0.12318670773283782,4036.62,4019.86,677.0,6.0,46.0,112.92000000000053,112.92000000000053,108.6780000000002
2026-06-29,4088.29,4088.4,4000.77,4016.32,4062.5,4071.0,4028.0,4046.213385826771,19.067383050911648,-0.3044365933194703,4088.4,4053.37,635.0,18.0,46.0,87.63000000000011,87.63000000000011,112.3640000000003
2026-06-30,4018.17,4063.39,3942.78,4007.15,4028.5,4059.0,3990.0,4008.415430267062,27.037016594992448,-0.5306401759518365,4022.09,4009.7,674.0,15.0,46.0,120.60999999999967,120.60999999999967,106.0720000000003
2026-07-01,4011.65,4115.63,3960.17,4031.42,3978.5,4061.0,3962.0,4026.1538461538466,44.524227166046664,0.2727153585958535,4018.09,4010.5,676.0,7.0,46.0,155.46000000000004,155.46000000000004,113.2380000000002
2026-07-02,4034.09,4144.04,4030.77,4123.96,4066.5,4117.0,4032.0,4087.2821637426896,31.612847673189393,0.04110242421441995,4045.2,4033.15,684.0,27.0,46.0,113.26999999999998,113.26999999999998,112.46300000000019
2026-07-03,4127.86,4195.44,4121.2,4174.94,4178.5,4187.0,4164.0,4167.893442622951,17.799027789631534,-1.2641073991449707,4128.04,4122.59,427.0,10.0,38.0,74.23999999999978,74.23999999999978,110.96200000000022
2026-07-06,4175.65,4202.87,4128.51,4164.23,4155.5,4176.0,4135.0,4161.839517625232,17.470190262823774,0.47576652760292754,4191.52,4173.4,539.0,4.0,46.0,74.35999999999967,74.35999999999967,109.23800000000014
2026-07-07,4166.35,4180.45,4092.29,4106.66,4132.5,4159.0,4120.0,4139.627986348122,17.955643157547403,0.0056033797568229154,4168.5,4163.7,586.0,13.0,46.0,88.15999999999985,88.15999999999985,108.22900000000004
2026-07-08,4097.74,4134.0,4021.78,4077.46,4071.5,4106.0,4027.0,4082.3315217391305,29.16843674302989,0.05484072269365179,4106.41,4094.06,736.0,7.0,46.0,112.2199999999998,112.2199999999998,106.296
2026-07-09,4078.2,4137.98,4054.28,4123.93,4107.5,4138.0,4077.0,4099.469171483622,23.619311632063287,-0.2190427430839075,4079.95,4072.47,519.0,5.0,46.0,83.69999999999936,83.69999999999936,101.94599999999996
2026-07-10,4125.58,4134.82,4073.61,4119.85,4104.5,4123.0,4098.0,4108.846391752577,11.303480550147412,-0.24176331132305143,4127.52,4121.56,485.0,15.0,46.0,61.20999999999958,61.20999999999958,102.25699999999988
2026-07-13,4100.15,4103.45,3986.6,4002.0,4058.5,4103.0,4040.0,4048.841692789969,30.138330788456077,-0.6529021499517992,4103.45,4070.33,638.0,33.0,46.0,116.84999999999991,133.25000000000045,97.08599999999979
2026-07-14,4001.1,4103.23,3983.56,4052.65,4023.5,4064.0,3991.0,4040.0714285714284,31.04724858899957,0.23370223319435676,4006.63,3999.97,581.0,18.0,46.0,119.66999999999962,119.66999999999962,101.64799999999983
2026-07-15,4053.6,4081.2,4017.42,4060.0,4033.5,4058.0,4023.0,4045.3443223443223,14.661114962377527,0.20006741717669005,4053.6,4048.59,546.0,8.0,46.0,63.779999999999745,63.779999999999745,101.55399999999982
2026-07-16,4062.74,4066.74,3969.28,3976.45,4033.5,4050.0,3991.0,4015.559649122807,24.228588736399548,-0.007030066309976095,4066.74,4058.31,570.0,9.0,46.0,97.45999999999958,97.45999999999958,92.38599999999978
2026-07-17,3976.06,4023.75,3959.69,4018.34,3995.5,4008.0,3975.0,3993.8118279569894,13.698215744385111,-0.029800556730385612,3980.41,3973.25,558.0,6.0,46.0,64.05999999999995,64.05999999999995,90.80499999999975
2026-07-20,4001.7,4040.76,3982.73,4008.62,4007.5,4024.0,4003.0,4011.646694214876,9.928107764449807,-0.0734052298687442,4007.57,3993.46,484.0,17.0,46.0,58.0300000000002,58.0300000000002,89.78699999999976
2026-07-21,4009.82,4087.03,3999.8,4077.82,4069.5,4086.0,4045.0,4054.2637474541752,23.039795321167944,-0.792781426009677,4010.84,3999.8,491.0,5.0,46.0,87.23000000000002,87.23000000000002,88.15399999999981
2026-07-22,4079.91,4166.07,4076.82,4129.94,4120.5,4149.0,4110.0,4125.120952380953,19.612123049826653,-0.39632928202462314,4085.05,4077.14,525.0,10.0,46.0,89.24999999999955,89.24999999999955,88.06099999999984
2026-07-23,4122.39,4141.04,4040.17,4049.09,4048.5,4121.0,4040.0,4091.7125693160815,32.48945668677105,-0.19771053976548253,4135.34,4101.07,541.0,5.0,46.0,100.86999999999989,100.86999999999989,85.76399999999981
2026-07-24,4049.08,4082.14,4022.02,4052.93,4048.5,4071.0,4040.0,4050.9692482915716,13.76629991428891,-0.17718204476395227,4050.48,4048.59,439.0,3.0,46.0,60.11999999999989,60.11999999999989,87.48099999999985
2026-07-27,4091.38,4116.2,4065.39,4076.72,4088.5,4105.0,4080.0,4090.013131313131,10.332225223719522,0.008893716432424929,4097.45,4083.83,495.0,6.0,46.0,50.809999999999945,63.26999999999998,87.37199999999989
2026-07-28,4079.65,4082.36,4011.6,4028.7,4026.5,4049.0,4022.0,4039.734234234234,14.98419885761644,0.7527508104684817,4082.36,4070.94,444.0,16.0,46.0,70.76000000000022,70.76000000000022,80.37399999999984
2026-07-29,4028.73,4116.41,3996.0,4066.11,4026.5,4057.0,4004.0,4041.844773790952,27.245426557838368,0.8066345907094662,4030.63,4014.01,641.0,9.0,46.0,120.40999999999985,120.40999999999985,75.4829999999999
2026-07-30,4069.35,4120.2,4028.47,4102.9,4076.5,4111.0,4062.0,4078.798550724637,23.00581207442912,-0.24720893587043447,4090.59,4063.22,690.0,2.0,46.0,91.73000000000002,91.73000000000002,81.14599999999992
2026-07-31,4104.29,4111.74,4021.12,4043.81,4052.5,4079.0,4022.0,4063.207423580787,22.087894823384058,0.46043428113860857,4111.27,4102.01,458.0,7.0,46.0,90.61999999999989,90.61999999999989,80.57299999999995
2026-08-03,4079.86,4084.51,4019.14,4055.03,4055.5,4072.0,4045.0,4053.915983606557,12.957572262987807,-0.39374690134390855,4084.51,4063.43,488.0,13.0,46.0,65.37000000000035,65.37000000000035,83.22899999999996
2026-08-04,4053.15,4106.37,4042.6,4077.8,4061.5,4080.0,4047.0,4069.3221757322176,14.00880513133122,0.30032118169830374,4054.85,4049.16,478.0,13.0,46.0,63.76999999999998,63.76999999999998,83.96299999999997
2026-08-05,4079.78,4267.71,4065.5,4246.23,4167.5,4264.0,4149.0,4178.461764705882,57.22847663586969,-0.27835637818693293,4085.84,4075.76,680.0,45.0,46.0,202.21000000000004,202.21000000000004,81.61699999999996
2026-08-06,4248.8,4304.11,4223.43,4240.27,4264.5,4279.0,4240.0,4262.564516129031,16.935776394989166,0.16736779649719238,4253.92,4245.73,713.0,8.0,46.0,80.67999999999938,80.67999999999938,92.91300000000001
2026-08-07,4244.64,4371.83,4229.73,4341.32,4342.5,4367.0,4282.0,4307.334808259586,39.61160065409078,-0.4283026871563053,4244.68,4235.83,678.0,12.0,46.0,142.10000000000036,142.10000000000036,90.89399999999996
2026-08-10,4342.09,4395.22,4313.45,4389.17,4335.5,4356.0,4323.0,4344.2783687943265,17.758091557903523,0.9210478907106289,4352.44,4333.12,564.0,17.0,46.0,81.77000000000044,81.77000000000044,99.09200000000001
2026-08-11,4389.63,4435.15,4356.76,4367.92,4369.5,4404.0,4361.0,4390.990566037735,19.289689125039438,0.2608422668874918,4400.78,4388.06,583.0,2.0,46.0,78.38999999999942,78.38999999999942,100.94200000000005
2026-08-12,4371.71,4441.2,4362.43,4408.86,4408.5,4427.0,4394.0,4406.7377952755905,16.646821971576543,-0.5029516393110607,4378.43,4367.32,635.0,6.0,46.0,78.76999999999953,78.76999999999953,101.70499999999997
2026-08-13,4410.69,4449.77,4343.77,4350.46,4384.5,4411.0,4362.0,4388.581803005008,23.369964587677632,0.36282325491553374,4411.57,4398.31,599.0,15.0,46.0,106.0,106.0,97.54099999999994
2026-08-14,4353.35,4397.01,4311.06,4375.68,4376.5,4397.0,4334.0,4354.80501930502,24.995976778582936,-0.06378385246195827,4362.82,4352.02,518.0,2.0,46.0,85.94999999999982,85.94999999999982,98.96799999999993
2026-08-17,4386.32,4428.87,4367.27,4416.41,4397.5,4416.0,4383.0,4400.018248175183,13.767412168124487,0.01158335082424539,4386.84,4372.33,548.0,2.0,46.0,61.599999999999454,61.599999999999454,98.50099999999993
2026-08-18,4418.2,4436.16,4329.19,4334.81,4395.5,4436.0,4377.0,4388.133776091082,23.911852625587493,-0.3602541220543628,4419.51,4410.57,527.0,9.0,46.0,106.97000000000025,106.97000000000025,98.12399999999984
2026-08-19,4334.89,4524.27,4324.69,4523.03,4356.5,4473.0,4326.0,4411.653731343284,64.13499249393017,0.22159213786497384,4343.83,4332.82,670.0,67.0,46.0,199.58000000000084,199.58000000000084,102.44399999999987
2026-08-20,4521.14,4540.95,4450.65,4518.92,4491.5,4518.0,4469.0,4498.635906040268,19.238959686445494,-0.1418153281994849,4527.27,4516.44,596.0,8.0,46.0,90.30000000000018,90.30000000000018,102.18099999999995
2026-08-21,4522.27,4632.22,4508.86,4603.37,4581.5,4630.0,4543.0,4571.970404984424,34.25640758432868,-0.14242650610004962,4524.48,4517.02,642.0,4.0,46.0,123.36000000000058,123.36000000000058,103.14300000000003
2026-08-24,4613.94,4680.92,4594.77,4652.51,4642.5,4667.0,4628.0,4641.974452554745,17.915147511116746,-0.20607155567511692,4624.54,4606.1,822.0,8.0,46.0,86.14999999999964,86.14999999999964,101.26900000000005
2026-08-25,4654.47,4696.75,4605.29,4658.6,4640.5,4659.0,4622.0,4644.561870503597,18.210058868197837,0.6124309459043912,4668.48,4652.19,695.0,8.0,46.0,91.46000000000004,91.46000000000004,101.70699999999997
2026-08-26,4658.0,4673.72,4583.13,4594.09,4630.5,4669.0,4610.0,4625.849397590361,22.672937316461837,0.0786892829872555,4673.72,4656.22,581.0,1.0,46.0,90.59000000000015,90.59000000000015,103.01400000000004
2026-08-27,4596.53,4643.06,4565.1,4600.57,4608.5,4625.0,4588.0,4604.225888324872,16.282385087670573,0.014841187459486517,4613.33,4596.1,591.0,6.0,46.0,77.96000000000004,77.96000000000004,104.1960000000001
2026-08-28,4603.35,4631.32,4445.46,4454.36,4601.5,4628.0,4541.0,4558.092686002523,53.006000725973806,-0.8312733678570856,4610.84,4601.13,793.0,47.0,46.0,185.85999999999967,185.85999999999967,101.3920000000001
2026-08-31,4435.0,4472.08,4396.51,4448.43,4436.5,4457.0,4426.0,4439.410581222057,13.750525521637249,-0.15111145963428327,4466.04,4430.4,671.0,23.0,46.0,75.56999999999971,75.56999999999971,111.38300000000008
2026-09-01,4448.47,4461.48,4322.94,4328.87,4373.5,4430.0,4323.0,4391.065420560747,41.0521997379897,0.1680956793697509,4455.87,4445.67,642.0,28.0,46.0,138.53999999999996,138.53999999999996,112.78000000000011
2026-09-02,4331.66,4397.68,4282.56,4387.48,4326.5,4359.0,4286.0,4335.170382165605,30.070796747864893,0.4511773946186038,4334.51,4326.36,628.0,28.0,46.0,115.11999999999989,115.11999999999989,115.93700000000008
2026-09-03,4390.58,4510.83,4381.18,4473.33,4428.5,4491.0,4418.0,4447.134615384615,33.955681247099655,-0.05357119078821271,4393.29,4383.59,624.0,11.0,46.0,129.64999999999964,129.64999999999964,107.49099999999999
2026-09-04,4470.52,4490.76,4365.57,4431.36,4472.5,4491.0,4428.0,4446.006766917293,29.93050144275644,-0.5482244663017961,4478.79,4470.52,665.0,28.0,46.0,125.19000000000051,125.19000000000051,111.42599999999993
2026-09-07,4420.45,4435.2,4381.16,4406.25,4406.5,4417.0,4392.0,4407.367549668873,11.406018025444304,0.23911614203112921,4435.2,4417.63,453.0,5.0,41.0,54.039999999999964,54.039999999999964,111.60899999999992
2026-09-08,4405.07,4442.99,4345.92,4355.53,4395.5,4428.0,4385.0,4403.504975124378,20.91279314689981,-0.37285214894864877,4414.53,4405.07,603.0,14.0,46.0,97.06999999999971,97.06999999999971,108.39799999999995
2026-09-09,4357.21,4434.11,4341.34,4400.73,4399.5,4430.0,4385.0,4394.995798319328,21.447404477382985,-0.6281757146964323,4358.77,4350.53,595.0,5.0,46.0,92.76999999999953,92.76999999999953,108.95899999999992
2026-09-10,4403.95,4434.81,4313.77,4316.62,4411.5,4428.0,4359.0,4380.354489164087,30.658922659984896,-0.2670098901616366,4406.53,4397.72,646.0,4.0,46.0,121.03999999999996,121.03999999999996,109.17699999999986
2026-09-11,4319.79,4402.52,4293.12,4348.19,4347.5,4368.0,4315.0,4345.854519774012,24.26652897973225,0.26259297007484433,4324.77,4313.78,708.0,7.0,46.0,109.40000000000055,109.40000000000055,113.48499999999986
2026-09-14,4333.62,4355.37,4253.6,4298.63,4331.5,4356.0,4289.0,4308.166149068322,25.038269530279972,-0.029278000292964502,4340.76,4323.32,644.0,11.0,46.0,101.76999999999953,101.76999999999953,105.83899999999994
2026-09-15,4300.56,4317.43,4261.34,4293.5,4294.5,4307.0,4280.0,4290.646484375,11.835791659322195,-0.2823689377507193,4302.79,4292.9,512.0,3.0,46.0,56.090000000000146,56.090000000000146,108.45899999999992
2026-09-16,4295.07,4367.52,4235.22,4264.13,4346.5,4365.0,4292.0,4316.094301221167,32.172864504119715,-0.5554963815228142,4298.96,4288.92,737.0,21.0,46.0,132.30000000000018,132.30000000000018,100.21399999999994
2026-09-17,4263.62,4381.24,4257.49,4341.74,4363.5,4382.0,4297.0,4323.3153618906945,34.33082427177109,-0.030255551134893234,4276.27,4257.49,677.0,1.0,46.0,123.75,123.75,101.93199999999997
2026-09-18,4342.36,4399.58,4334.39,4378.29,4356.5,4381.0,4342.0,4367.640597539544,16.58501834145371,0.09220180751168472,4349.55,4341.58,569.0,6.0,46.0,65.1899999999996,65.1899999999996,101.34200000000001
2026-09-21,4374.78,4383.39,4322.75,4343.52,4352.5,4367.0,4342.0,4355.69223659889,11.75426201019357,0.1583836917069305,4382.28,4373.44,541.0,11.0,46.0,60.64000000000033,60.64000000000033,95.34199999999991
2026-09-22,4344.69,4376.02,4291.57,4358.39,4331.5,4354.0,4315.0,4336.130934150076,17.438584208261272,-0.01117046651259175,4365.17,4344.43,653.0,12.0,46.0,84.45000000000073,84.45000000000073,96.00199999999995
2026-09-23,4357.75,4369.38,4274.9,4286.76,4285.5,4334.0,4277.0,4313.568041237114,26.76321350649387,0.41962861487840186,4365.33,4357.75,485.0,12.0,46.0,94.48000000000047,94.48000000000047,94.74000000000005
2026-09-24,4288.87,4303.26,4244.37,4274.59,4267.5,4292.0,4261.0,4273.682866556837,13.306097363171748,-0.08624598330678351,4294.45,4286.97,607.0,3.0,46.0,58.89000000000033,58.89000000000033,94.91100000000014
2026-09-25,4275.68,4315.73,4254.65,4286.17,4287.5,4296.0,4269.0,4283.658878504673,12.635323230324248,0.20560616453083966,4276.52,4267.86,535.0,6.0,46.0,61.07999999999993,61.07999999999993,88.69600000000018
2026-09-28,4278.94,4280.33,4110.89,4114.22,4154.5,4189.0,4110.0,4169.888714733542,43.27479445387587,0.9398719525670494,4280.33,4257.9,638.0,44.0,46.0,169.4399999999996,175.27999999999975,83.86400000000012
2026-09-29,4118.6,4185.21,4113.45,4181.45,4144.5,4163.0,4124.0,4146.269980506823,16.59028448748961,0.07095095552020052,4126.62,4115.42,513.0,9.0,46.0,71.76000000000022,71.76000000000022,91.21500000000015
2026-09-30,4183.79,4219.29,4147.54,4156.92,4179.5,4202.0,4167.0,4179.227642276423,15.753532580030507,-0.05297770026361888,4184.53,4176.77,492.0,5.0,46.0,71.75,71.75,92.78200000000015
2026-10-01,4161.04,4192.97,4139.28,4176.92,4174.5,4179.0,4154.0,4167.460288808665,10.926000384089498,-0.0009092973052471712,4161.54,4153.53,554.0,2.0,46.0,53.69000000000051,53.69000000000051,86.72700000000013
2026-10-02,4174.75,4225.39,4125.28,4139.7,4181.5,4198.0,4145.0,4171.7046511627905,23.080680402103596,-0.09853588582364789,4179.07,4171.79,645.0,1.0,46.0,100.11000000000058,100.11000000000058,79.72100000000019
2026-10-05,4141.74,4170.39,4123.21,4140.56,4140.5,4159.0,4130.0,4146.822957198443,11.486787292605406,0.09269304169555544,4148.28,4132.72,514.0,2.0,46.0,47.18000000000029,47.18000000000029,83.21300000000028
2026-10-06,4142.61,4184.4,4104.32,4163.77,4164.5,4175.0,4132.0,4147.527083333333,17.775489205449606,-0.12326574475265632,4145.35,4140.76,480.0,14.0,46.0,80.07999999999993,80.07999999999993,81.86700000000027
2026-10-07,4168.01,4169.97,4066.49,4109.56,4113.5,4142.0,4093.0,4119.440928270042,22.968991479872376,0.2777399429630264,4168.19,4161.59,474.0,17.0,46.0,103.48000000000047,103.48000000000047,81.4300000000002
