tf,L,var,thr,z,W,excess,n
15min,48,很陡,-1.0000,SMA,50,-0.1013,430
15min,48,很陡,-1.0000,SMA,100,-0.0770,348
15min,48,很陡,-1.0000,SMA,150,-0.0547,309
15min,48,很陡,-1.0000,SMA,250,0.1037,283
15min,48,很陡,-1.0000,SMA,500,0.1369,275
15min,48,很陡,-1.0000,SMA,1000,0.0125,272
15min,48,很陡,-1.0000,EWMA,50,-0.0434,389
15min,48,很陡,-1.0000,EWMA,100,-0.0205,335
15min,48,很陡,-1.0000,EWMA,150,0.1001,297
15min,48,很陡,-1.0000,EWMA,250,-0.0436,307
15min,48,很陡,-1.0000,EWMA,500,0.0661,280
15min,48,很陡,-1.0000,EWMA,1000,0.0464,259
15min,48,很陡,-2.0000,SMA,50,-0.0883,251
15min,48,很陡,-2.0000,SMA,100,-0.1317,193
15min,48,很陡,-2.0000,SMA,150,-0.0549,158
15min,48,很陡,-2.0000,SMA,250,0.1603,137
15min,48,很陡,-2.0000,SMA,500,0.4053,129
15min,48,很陡,-2.0000,SMA,1000,0.1527,114
15min,48,很陡,-2.0000,EWMA,50,-0.1937,155
15min,48,很陡,-2.0000,EWMA,100,-0.1178,142
15min,48,很陡,-2.0000,EWMA,150,0.0887,133
15min,48,很陡,-2.0000,EWMA,250,0.0421,123
15min,48,很陡,-2.0000,EWMA,500,0.2138,108
15min,48,很陡,-2.0000,EWMA,1000,0.2927,105
15min,48,滑,-1.0000,SMA,50,-0.0073,386
15min,48,滑,-1.0000,SMA,100,-0.0464,314
15min,48,滑,-1.0000,SMA,150,-0.1329,295
15min,48,滑,-1.0000,SMA,250,-0.0321,269
15min,48,滑,-1.0000,SMA,500,0.1984,213
15min,48,滑,-1.0000,SMA,1000,-0.1123,234
15min,48,滑,-1.0000,EWMA,50,0.0452,331
15min,48,滑,-1.0000,EWMA,100,-0.0803,290
15min,48,滑,-1.0000,EWMA,150,-0.1119,273
15min,48,滑,-1.0000,EWMA,250,-0.0135,245
15min,48,滑,-1.0000,EWMA,500,0.0459,233
15min,48,滑,-1.0000,EWMA,1000,0.1080,207
15min,48,μ|a|,-1.0000,SMA,50,0.1076,479
15min,48,μ|a|,-1.0000,SMA,100,0.0634,454
15min,48,μ|a|,-1.0000,SMA,150,0.0377,448
15min,48,μ|a|,-1.0000,SMA,250,0.0571,440
15min,48,μ|a|,-1.0000,SMA,500,0.0769,432
15min,48,μ|a|,-1.0000,SMA,1000,0.1033,414
15min,48,μ|a|,-1.0000,EWMA,50,0.0418,476
15min,48,μ|a|,-1.0000,EWMA,100,0.0701,458
15min,48,μ|a|,-1.0000,EWMA,150,0.0722,449
15min,48,μ|a|,-1.0000,EWMA,250,0.0951,443
15min,48,μ|a|,-1.0000,EWMA,500,0.0850,442
15min,48,μ|a|,-1.0000,EWMA,1000,0.1133,435
15min,48,μ|a|,-2.0000,SMA,50,0.1199,341
15min,48,μ|a|,-2.0000,SMA,100,0.2197,305
15min,48,μ|a|,-2.0000,SMA,150,0.1978,298
15min,48,μ|a|,-2.0000,SMA,250,0.2234,280
15min,48,μ|a|,-2.0000,SMA,500,0.3439,262
15min,48,μ|a|,-2.0000,SMA,1000,0.3280,252
15min,48,μ|a|,-2.0000,EWMA,50,0.1737,318
15min,48,μ|a|,-2.0000,EWMA,100,0.1302,303
15min,48,μ|a|,-2.0000,EWMA,150,0.2067,290
15min,48,μ|a|,-2.0000,EWMA,250,0.2672,281
15min,48,μ|a|,-2.0000,EWMA,500,0.2843,275
15min,48,μ|a|,-2.0000,EWMA,1000,0.3004,266
5min,48,很陡,-1.0000,SMA,50,0.0976,1194
5min,48,很陡,-1.0000,SMA,100,0.1364,988
5min,48,很陡,-1.0000,SMA,150,0.1259,943
5min,48,很陡,-1.0000,SMA,250,0.1431,862
5min,48,很陡,-1.0000,SMA,500,0.0816,853
5min,48,很陡,-1.0000,SMA,1000,0.0661,813
5min,48,很陡,-1.0000,EWMA,50,0.0946,1094
5min,48,很陡,-1.0000,EWMA,100,0.0804,982
5min,48,很陡,-1.0000,EWMA,150,0.1534,921
5min,48,很陡,-1.0000,EWMA,250,0.1487,883
5min,48,很陡,-1.0000,EWMA,500,0.1069,852
5min,48,很陡,-1.0000,EWMA,1000,0.0887,814
5min,48,很陡,-2.0000,SMA,50,0.0866,807
5min,48,很陡,-2.0000,SMA,100,0.1167,621
5min,48,很陡,-2.0000,SMA,150,0.1353,530
5min,48,很陡,-2.0000,SMA,250,0.1343,444
5min,48,很陡,-2.0000,SMA,500,0.2070,376
5min,48,很陡,-2.0000,SMA,1000,0.2625,351
5min,48,很陡,-2.0000,EWMA,50,0.0718,548
5min,48,很陡,-2.0000,EWMA,100,0.1703,474
5min,48,很陡,-2.0000,EWMA,150,0.1543,427
5min,48,很陡,-2.0000,EWMA,250,0.2450,379
5min,48,很陡,-2.0000,EWMA,500,0.2476,356
5min,48,很陡,-2.0000,EWMA,1000,0.3088,357
5min,48,滑,-1.0000,SMA,50,0.0973,1166
5min,48,滑,-1.0000,SMA,100,0.1019,932
5min,48,滑,-1.0000,SMA,150,-0.0066,886
5min,48,滑,-1.0000,SMA,250,0.0245,810
5min,48,滑,-1.0000,SMA,500,0.0831,757
5min,48,滑,-1.0000,SMA,1000,0.1291,727
5min,48,滑,-1.0000,EWMA,50,0.0290,1081
5min,48,滑,-1.0000,EWMA,100,0.0488,916
5min,48,滑,-1.0000,EWMA,150,0.0260,853
5min,48,滑,-1.0000,EWMA,250,0.0354,786
5min,48,滑,-1.0000,EWMA,500,0.0563,746
5min,48,滑,-1.0000,EWMA,1000,0.1124,718
5min,48,μ|a|,-1.0000,SMA,50,0.0801,1510
5min,48,μ|a|,-1.0000,SMA,100,0.0717,1429
5min,48,μ|a|,-1.0000,SMA,150,0.0459,1399
5min,48,μ|a|,-1.0000,SMA,250,0.0541,1390
5min,48,μ|a|,-1.0000,SMA,500,0.0569,1375
5min,48,μ|a|,-1.0000,SMA,1000,0.0443,1369
5min,48,μ|a|,-1.0000,EWMA,50,0.0919,1508
5min,48,μ|a|,-1.0000,EWMA,100,0.1158,1439
5min,48,μ|a|,-1.0000,EWMA,150,0.0855,1416
5min,48,μ|a|,-1.0000,EWMA,250,0.0652,1396
5min,48,μ|a|,-1.0000,EWMA,500,0.0603,1393
5min,48,μ|a|,-1.0000,EWMA,1000,0.0658,1388
5min,48,μ|a|,-2.0000,SMA,50,0.0448,1042
5min,48,μ|a|,-2.0000,SMA,100,0.0282,920
5min,48,μ|a|,-2.0000,SMA,150,0.0707,894
5min,48,μ|a|,-2.0000,SMA,250,0.0738,854
5min,48,μ|a|,-2.0000,SMA,500,0.0501,827
5min,48,μ|a|,-2.0000,SMA,1000,0.0350,805
5min,48,μ|a|,-2.0000,EWMA,50,0.0122,948
5min,48,μ|a|,-2.0000,EWMA,100,0.0252,900
5min,48,μ|a|,-2.0000,EWMA,150,0.0580,886
5min,48,μ|a|,-2.0000,EWMA,250,0.0540,858
5min,48,μ|a|,-2.0000,EWMA,500,0.0342,832
5min,48,μ|a|,-2.0000,EWMA,1000,0.0149,820
5min,96,很陡,-1.0000,SMA,50,-0.0206,969
5min,96,很陡,-1.0000,SMA,100,-0.0251,836
5min,96,很陡,-1.0000,SMA,150,-0.0335,755
5min,96,很陡,-1.0000,SMA,250,-0.0760,674
5min,96,很陡,-1.0000,SMA,500,0.0713,573
5min,96,很陡,-1.0000,SMA,1000,0.0380,557
5min,96,很陡,-1.0000,EWMA,50,-0.1165,892
5min,96,很陡,-1.0000,EWMA,100,-0.0929,778
5min,96,很陡,-1.0000,EWMA,150,0.0326,689
5min,96,很陡,-1.0000,EWMA,250,0.0279,641
5min,96,很陡,-1.0000,EWMA,500,-0.0079,603
5min,96,很陡,-1.0000,EWMA,1000,-0.0068,569
5min,96,很陡,-2.0000,SMA,50,0.0487,730
5min,96,很陡,-2.0000,SMA,100,0.0217,531
5min,96,很陡,-2.0000,SMA,150,-0.0803,454
5min,96,很陡,-2.0000,SMA,250,-0.1507,384
5min,96,很陡,-2.0000,SMA,500,-0.0570,306
5min,96,很陡,-2.0000,SMA,1000,-0.1259,255
5min,96,很陡,-2.0000,EWMA,50,-0.0404,422
5min,96,很陡,-2.0000,EWMA,100,0.0422,338
5min,96,很陡,-2.0000,EWMA,150,-0.0498,326
5min,96,很陡,-2.0000,EWMA,250,-0.1834,293
5min,96,很陡,-2.0000,EWMA,500,-0.1555,280
5min,96,很陡,-2.0000,EWMA,1000,-0.0392,255
5min,96,滑,-1.0000,SMA,50,-0.0574,973
5min,96,滑,-1.0000,SMA,100,-0.1068,795
5min,96,滑,-1.0000,SMA,150,-0.1765,716
5min,96,滑,-1.0000,SMA,250,-0.1654,632
5min,96,滑,-1.0000,SMA,500,-0.0620,534
5min,96,滑,-1.0000,SMA,1000,-0.1141,519
5min,96,滑,-1.0000,EWMA,50,-0.0812,866
5min,96,滑,-1.0000,EWMA,100,-0.1424,742
5min,96,滑,-1.0000,EWMA,150,-0.1626,683
5min,96,滑,-1.0000,EWMA,250,-0.1136,605
5min,96,滑,-1.0000,EWMA,500,-0.0950,536
5min,96,滑,-1.0000,EWMA,1000,-0.0007,503
5min,96,μ|a|,-1.0000,SMA,50,0.0395,1111
5min,96,μ|a|,-1.0000,SMA,100,0.0516,1004
5min,96,μ|a|,-1.0000,SMA,150,0.1223,936
5min,96,μ|a|,-1.0000,SMA,250,0.1035,896
5min,96,μ|a|,-1.0000,SMA,500,0.1355,882
5min,96,μ|a|,-1.0000,SMA,1000,0.1220,868
5min,96,μ|a|,-1.0000,EWMA,50,0.0311,1039
5min,96,μ|a|,-1.0000,EWMA,100,0.0669,972
5min,96,μ|a|,-1.0000,EWMA,150,0.1250,937
5min,96,μ|a|,-1.0000,EWMA,250,0.1373,915
5min,96,μ|a|,-1.0000,EWMA,500,0.1196,893
5min,96,μ|a|,-1.0000,EWMA,1000,0.0618,894
5min,96,μ|a|,-2.0000,SMA,50,0.0601,844
5min,96,μ|a|,-2.0000,SMA,100,0.0819,704
5min,96,μ|a|,-2.0000,SMA,150,0.0113,672
5min,96,μ|a|,-2.0000,SMA,250,0.0066,653
5min,96,μ|a|,-2.0000,SMA,500,0.0531,616
5min,96,μ|a|,-2.0000,SMA,1000,0.0387,604
5min,96,μ|a|,-2.0000,EWMA,50,0.0673,704
5min,96,μ|a|,-2.0000,EWMA,100,-0.0011,702
5min,96,μ|a|,-2.0000,EWMA,150,0.0151,675
5min,96,μ|a|,-2.0000,EWMA,250,-0.0135,655
5min,96,μ|a|,-2.0000,EWMA,500,0.0378,634
5min,96,μ|a|,-2.0000,EWMA,1000,0.0511,616
5min,144,很陡,-1.0000,SMA,50,-0.0724,883
5min,144,很陡,-1.0000,SMA,100,-0.1108,710
5min,144,很陡,-1.0000,SMA,150,-0.1789,650
5min,144,很陡,-1.0000,SMA,250,-0.1404,575
5min,144,很陡,-1.0000,SMA,500,-0.0718,494
5min,144,很陡,-1.0000,SMA,1000,0.0590,491
5min,144,很陡,-1.0000,EWMA,50,-0.1097,750
5min,144,很陡,-1.0000,EWMA,100,-0.0579,636
5min,144,很陡,-1.0000,EWMA,150,-0.0259,595
5min,144,很陡,-1.0000,EWMA,250,-0.1307,530
5min,144,很陡,-1.0000,EWMA,500,-0.1610,473
5min,144,很陡,-1.0000,EWMA,1000,-0.0483,455
5min,144,很陡,-2.0000,SMA,50,0.0854,649
5min,144,很陡,-2.0000,SMA,100,-0.0337,470
5min,144,很陡,-2.0000,SMA,150,-0.1005,409
5min,144,很陡,-2.0000,SMA,250,-0.1150,352
5min,144,很陡,-2.0000,SMA,500,0.0503,263
5min,144,很陡,-2.0000,SMA,1000,0.0837,212
5min,144,很陡,-2.0000,EWMA,50,0.0153,361
5min,144,很陡,-2.0000,EWMA,100,0.0061,309
5min,144,很陡,-2.0000,EWMA,150,-0.0583,271
5min,144,很陡,-2.0000,EWMA,250,0.0069,253
5min,144,很陡,-2.0000,EWMA,500,0.2883,212
5min,144,很陡,-2.0000,EWMA,1000,0.3823,192
5min,144,滑,-1.0000,SMA,50,-0.0910,849
5min,144,滑,-1.0000,SMA,100,0.0320,660
5min,144,滑,-1.0000,SMA,150,-0.0171,590
5min,144,滑,-1.0000,SMA,250,0.0374,497
5min,144,滑,-1.0000,SMA,500,-0.1129,447
5min,144,滑,-1.0000,SMA,1000,0.0230,384
5min,144,滑,-1.0000,EWMA,50,-0.0826,749
5min,144,滑,-1.0000,EWMA,100,-0.0500,611
5min,144,滑,-1.0000,EWMA,150,-0.0475,553
5min,144,滑,-1.0000,EWMA,250,-0.0751,478
5min,144,滑,-1.0000,EWMA,500,-0.0702,432
5min,144,滑,-1.0000,EWMA,1000,-0.0343,381
5min,144,μ|a|,-1.0000,SMA,50,-0.0605,888
5min,144,μ|a|,-1.0000,SMA,100,-0.1264,792
5min,144,μ|a|,-1.0000,SMA,150,-0.0707,726
5min,144,μ|a|,-1.0000,SMA,250,-0.0389,701
5min,144,μ|a|,-1.0000,SMA,500,-0.0469,689
5min,144,μ|a|,-1.0000,SMA,1000,-0.0866,696
5min,144,μ|a|,-1.0000,EWMA,50,-0.1031,824
5min,144,μ|a|,-1.0000,EWMA,100,-0.1417,773
5min,144,μ|a|,-1.0000,EWMA,150,-0.1334,743
5min,144,μ|a|,-1.0000,EWMA,250,-0.1169,711
5min,144,μ|a|,-1.0000,EWMA,500,-0.0222,679
5min,144,μ|a|,-1.0000,EWMA,1000,-0.0887,700
5min,144,μ|a|,-2.0000,SMA,50,-0.0285,752
5min,144,μ|a|,-2.0000,SMA,100,-0.0009,574
5min,144,μ|a|,-2.0000,SMA,150,0.0637,540
5min,144,μ|a|,-2.0000,SMA,250,0.0840,518
5min,144,μ|a|,-2.0000,SMA,500,0.1045,492
5min,144,μ|a|,-2.0000,SMA,1000,0.0875,472
5min,144,μ|a|,-2.0000,EWMA,50,-0.0524,582
5min,144,μ|a|,-2.0000,EWMA,100,0.0927,545
5min,144,μ|a|,-2.0000,EWMA,150,0.0755,535
5min,144,μ|a|,-2.0000,EWMA,250,0.0760,516
5min,144,μ|a|,-2.0000,EWMA,500,0.0724,500
5min,144,μ|a|,-2.0000,EWMA,1000,0.1174,484
5min,192,很陡,-1.0000,SMA,50,0.0320,765
5min,192,很陡,-1.0000,SMA,100,0.1669,643
5min,192,很陡,-1.0000,SMA,150,0.0946,607
5min,192,很陡,-1.0000,SMA,250,0.0674,519
5min,192,很陡,-1.0000,SMA,500,0.1378,431
5min,192,很陡,-1.0000,SMA,1000,0.2453,406
5min,192,很陡,-1.0000,EWMA,50,0.1626,659
5min,192,很陡,-1.0000,EWMA,100,0.1108,549
5min,192,很陡,-1.0000,EWMA,150,0.0619,523
5min,192,很陡,-1.0000,EWMA,250,0.0952,490
5min,192,很陡,-1.0000,EWMA,500,0.3091,415
5min,192,很陡,-1.0000,EWMA,1000,0.3881,390
5min,192,很陡,-2.0000,SMA,50,0.0028,602
5min,192,很陡,-2.0000,SMA,100,0.0532,487
5min,192,很陡,-2.0000,SMA,150,0.0569,396
5min,192,很陡,-2.0000,SMA,250,0.2224,303
5min,192,很陡,-2.0000,SMA,500,0.4996,229
5min,192,很陡,-2.0000,SMA,1000,0.1883,209
5min,192,很陡,-2.0000,EWMA,50,0.1952,362
5min,192,很陡,-2.0000,EWMA,100,0.1591,319
5min,192,很陡,-2.0000,EWMA,150,0.0988,286
5min,192,很陡,-2.0000,EWMA,250,0.2692,227
5min,192,很陡,-2.0000,EWMA,500,0.5241,188
5min,192,很陡,-2.0000,EWMA,1000,0.6470,178
5min,192,滑,-1.0000,SMA,50,0.0792,718
5min,192,滑,-1.0000,SMA,100,0.1592,599
5min,192,滑,-1.0000,SMA,150,0.0501,579
5min,192,滑,-1.0000,SMA,250,0.0488,469
5min,192,滑,-1.0000,SMA,500,0.3179,366
5min,192,滑,-1.0000,SMA,1000,0.2404,328
5min,192,滑,-1.0000,EWMA,50,0.1058,643
5min,192,滑,-1.0000,EWMA,100,0.0874,570
5min,192,滑,-1.0000,EWMA,150,0.0434,526
5min,192,滑,-1.0000,EWMA,250,0.1001,464
5min,192,滑,-1.0000,EWMA,500,0.1894,363
5min,192,滑,-1.0000,EWMA,1000,0.0934,338
5min,192,μ|a|,-1.0000,SMA,50,-0.0513,800
5min,192,μ|a|,-1.0000,SMA,100,0.0262,710
5min,192,μ|a|,-1.0000,SMA,150,0.0187,643
5min,192,μ|a|,-1.0000,SMA,250,0.0330,606
5min,192,μ|a|,-1.0000,SMA,500,0.0089,581
5min,192,μ|a|,-1.0000,SMA,1000,-0.0312,578
5min,192,μ|a|,-1.0000,EWMA,50,-0.0043,700
5min,192,μ|a|,-1.0000,EWMA,100,0.0187,655
5min,192,μ|a|,-1.0000,EWMA,150,-0.0819,647
5min,192,μ|a|,-1.0000,EWMA,250,-0.0559,606
5min,192,μ|a|,-1.0000,EWMA,500,0.0676,592
5min,192,μ|a|,-1.0000,EWMA,1000,-0.0330,598
5min,192,μ|a|,-2.0000,SMA,50,-0.1143,665
5min,192,μ|a|,-2.0000,SMA,100,0.0164,523
5min,192,μ|a|,-2.0000,SMA,150,-0.0693,481
5min,192,μ|a|,-2.0000,SMA,250,-0.0936,429
5min,192,μ|a|,-2.0000,SMA,500,-0.1331,422
5min,192,μ|a|,-2.0000,SMA,1000,-0.2748,422
5min,192,μ|a|,-2.0000,EWMA,50,-0.2893,513
5min,192,μ|a|,-2.0000,EWMA,100,-0.1427,478
5min,192,μ|a|,-2.0000,EWMA,150,-0.0791,465
5min,192,μ|a|,-2.0000,EWMA,250,-0.0268,440
5min,192,μ|a|,-2.0000,EWMA,500,-0.0712,421
5min,192,μ|a|,-2.0000,EWMA,1000,-0.1153,417
