xtime,1min,5min,10min,15min,20min,30min,1h,2h
2026-01-02,0.0,0.0,0.0,0.0,0.0,0.0,0.0,0.0
2026-01-05,0.0,0.0,0.0,0.0,0.0,0.0,0.0,0.0
2026-01-06,0.0,0.0,0.0,0.0,0.0,0.0,0.0,0.0
2026-01-07,0.0,0.0,0.0,0.0,0.0,0.0,0.0,0.0
2026-01-08,0.0,0.0,0.0,0.0,0.0,0.0,0.0,0.0
2026-01-09,0.0,0.0,0.0,0.0,0.0,0.0,0.0,0.0
2026-01-12,-0.6213639289391446,0.13419276940010583,0.48361972904925454,-0.5027333965491356,-0.39446521486358466,0.0,0.0,0.0
2026-01-13,-1.2762470902127028,-1.2599548422962163,-0.81709446153282,-0.7546538895568315,0.0,-1.5525789816160613,-0.0045115903082726914,-0.25054172228993576
2026-01-14,0.0,0.0,0.0,0.0,0.0,-0.2512894015795138,0.21861688080557118,0.0
2026-01-15,0.0,0.0,0.0,0.0,0.0,0.0,0.0,-0.2657868057064243
2026-01-16,-0.5034353018157949,1.2112642300779148,1.0698340656334149,0.88775654635529,0.9988879872569535,0.0,0.0,0.07286918622318234
2026-01-19,0.2239213506315718,-0.2778721852797553,-0.112521594829326,0.32012278043283615,-0.09381920138629891,0.12818571789048852,0.0,0.0
2026-01-20,-1.4689056148415838,-1.266202576074848,-0.7584810492276484,0.0,0.0,0.0,-0.5268488112439207,-0.2627044900800564
2026-01-21,3.447038177947565,4.5421930890203575,2.868138331155789,5.525862846473119,0.8297105558305283,-1.0044774734776305,-0.5019536134176636,0.0
2026-01-22,0.6295381166423363,1.2278150954937213,0.0,0.0,0.0,0.0,1.9817351598173776,0.0
2026-01-23,-0.6304931392961679,-0.24921614299293032,1.8100690543205273,1.3774795224153458,1.1185434095447189,0.15194524940343246,1.2999572100984251,1.8733314232397638
2026-01-26,2.170602485853125,-0.5489723778445743,0.6547202583934439,0.743454311056073,1.0986359384471378,-0.4189356090978175,-0.7526810362064351,-0.501821093794455
2026-01-27,0.018194386838101994,0.0,0.3930199784464862,0.0,0.41416617910642045,0.0,0.0,0.0
2026-01-28,3.0079557501245606,2.219934270990935,2.439735721851746,1.7762473732975084,1.3464764717858735,3.86869796775766,0.0,0.0
2026-01-29,0.0,3.5919697288207035,4.91226444067361,4.721379406740002,5.366054429466234,-0.26444300639619084,-0.7870155565569981,-0.7763942953656482
2026-01-30,0.0,-0.2504534794832906,0.0,0.0,0.0,0.0,0.0,0.0
2026-02-02,1.1534255383213126,0.8687837623351442,0.0,-0.3174533248699708,-0.2502135168358026,0.0,0.0,0.0
2026-02-03,0.0,0.0,0.0,0.0,0.0,-0.23375609550258092,0.0,0.0
2026-02-04,0.0,0.0,0.0,0.0,0.0,0.0,0.0,0.0
2026-02-05,0.0,0.0,0.0,0.0,0.0,0.0,0.0,0.0
2026-02-06,0.0,0.0,0.0,0.0,0.0,0.0,0.0,0.0
2026-02-09,0.0,0.0,0.0,0.0,0.0,0.0,0.0,0.0
2026-02-10,0.0,0.0,0.0,0.0,0.0,0.0,0.0,0.0
2026-02-11,0.0,0.0,0.0,0.0,0.0,0.0,0.0,0.0
2026-02-12,0.5103707953050031,-0.35692028547449767,-0.25076868171086786,-0.2507661074082621,-0.2506546767299858,0.0,0.0,0.0
2026-02-13,0.0,0.0,0.05752639060951814,0.1528516215102673,0.47954435454586497,0.3778007500721166,-0.2607741281001865,0.3820544317964678
2026-02-16,0.0,0.0,0.0,0.0,0.0,0.0,0.0,0.0
2026-02-17,0.0,0.0,0.0,0.0,0.0,0.0,0.0,0.0
2026-02-18,0.0,0.0,0.0,0.0,0.0,0.0,0.0,0.0
2026-02-19,0.0,0.0,0.0,0.0,0.0,0.0,0.0,0.0
2026-02-20,0.0,0.0,0.0,0.0,0.0,0.0,0.0,0.0
2026-02-23,1.3102794161824092,2.9402558564552432,2.1845111601253966,0.5320619554791186,-1.0052886355652353,-0.25086008822047473,-0.25059227671168105,0.0
2026-02-24,-0.2165161766651162,-0.08500343385152583,-0.25094631679982454,-0.2509824147755192,1.464458866269851,0.0842112337651399,-0.5277926951414046,-0.5206107102129427
2026-02-25,0.0,0.0,0.0,0.0,0.0,0.0,0.0,0.0
2026-02-26,0.0,0.0,0.0,0.0,0.0,0.0,0.0,0.0
2026-02-27,-0.2545626385086736,-0.17970539444009903,-0.2512863627175311,-0.25113483455733204,-0.2509986019572576,0.0,0.0,0.0
2026-03-02,-0.6430042891859991,1.9894244496161368,0.2002872341398213,-0.25148506449423574,-0.7529293230352296,-0.5014816118584802,-0.5010933231932508,-0.25037108898714017
2026-03-03,0.0,0.0,0.0,0.0,0.0,0.0,0.0,0.0
2026-03-04,0.0,0.0,0.0,0.0,0.0,0.0,0.0,0.0
2026-03-05,0.0,0.0,0.0,0.0,0.0,0.0,0.0,0.0
2026-03-06,0.0,0.0,0.0,0.0,0.0,0.0,0.0,0.0
2026-03-09,0.0,0.0,0.0,0.0,0.0,0.0,0.0,0.0
2026-03-10,0.0,0.0,0.0,0.0,0.0,0.0,0.0,0.0
2026-03-11,0.0,0.0,0.0,0.0,0.0,0.0,0.0,0.0
2026-03-12,0.3991056456121085,-0.2527090831688638,0.0,0.0,0.0,0.0,0.0,0.0
2026-03-13,0.0,0.0,0.0,0.0,0.0,0.0,0.0,0.0
2026-03-16,1.14223031798706,-0.06652132636704322,0.08701682703166269,-0.5031898302979159,-0.5020382666220327,-0.25069436178232524,-0.5012074718676814,0.0
2026-03-17,0.0,0.0,0.0,0.0,0.0,0.0,0.0,0.0
2026-03-18,-0.7911485775185501,-0.05404651346019773,0.17460727781463262,-0.2506613756613755,0.0,-0.25066353855633033,0.0,0.0
2026-03-19,4.154889426523391,14.460173284131937,6.244955806510527,17.397506074021898,7.379924066149451,1.3243807085805486,0.0,1.434332695442622
2026-03-20,1.603564218124156,1.7281890680235024,2.739982571812277,2.03141151827398,3.6781906344629713,3.9458649373749286,4.802152503586246,3.9728194836021102
2026-03-23,2.349475114625418,-0.015469150579528634,1.0698021889551912,0.5331615930586857,0.3086759909640801,-0.03928051643298597,0.0,-0.2503068531582393
2026-03-24,-3.259496802019048,-1.597654402628225,-1.0183946371511088,-0.017901920738332466,-0.29122529044506273,-0.28012642964468076,-0.11866385801850854,0.0
2026-03-25,0.0,0.0,0.0,0.0,0.0,0.0,-0.14922016167379826,-0.2530717382527956
2026-03-26,0.0,0.0,0.0,0.0,0.0,0.0,0.0,0.0
2026-03-27,0.0,0.0,0.0,0.0,0.0,0.0,0.0,0.0
2026-03-30,0.0,0.0,0.0,0.0,0.0,0.0,0.0,0.0
2026-03-31,0.0,0.0,0.0,0.0,0.0,0.0,0.0,0.0
2026-04-01,-0.8910301691057789,-1.668395496335521,-1.0485025878202316,-0.02497241308612827,0.9148721946149581,-0.25082142270412144,0.0,0.0
2026-04-02,-0.8176842185768043,-0.7581482712056734,-1.0376000222411663,-0.5032533140584653,-0.5025366088591068,-0.8040128232604646,-0.26259559154296225,-0.7676052994532729
2026-04-15,0.0,0.0,0.0,0.0,0.0,0.0,0.0,0.0
2026-04-16,0.0,0.0,0.0,0.0,0.0,0.0,0.0,0.0
2026-04-17,0.0,0.0,0.0,0.0,0.0,0.0,0.0,0.0
2026-04-20,0.0,0.0,0.0,0.0,0.0,0.0,0.0,0.0
2026-04-21,-0.2569524027809695,0.0,0.0,0.0,0.0,0.0,0.0,0.0
2026-04-22,0.0,0.0,0.0,0.0,0.0,0.0,0.0,0.0
2026-04-23,0.0,0.0,0.0,0.0,0.0,0.0,0.0,0.0
2026-04-24,0.0,0.0,0.0,0.0,0.0,0.0,0.0,0.0
2026-04-27,0.0,0.0,0.0,0.0,0.0,0.0,0.0,0.0
2026-04-28,-1.2596328797709204,-0.758294979250768,-0.502848238507973,-0.2511786343384126,-0.2515913820541034,0.0,-0.2511144585690878,0.0
2026-04-29,0.7033884494060861,-1.7755518368615042,-0.7588192958672882,-0.7562208428896683,-0.48113053572931674,-0.25154171961033384,0.0,0.0
2026-04-30,0.0,0.0,0.0,0.0,-0.5591252139538341,-0.15076638359344893,-0.5505897236508077,-1.0570914929871642
2026-05-01,0.0,0.0,0.0,0.0,0.0,0.0,0.0,0.0
2026-05-04,0.0,0.0,0.0,0.0,0.0,0.0,0.0,0.0
2026-05-05,0.0,0.0,0.0,0.0,0.0,0.0,0.0,0.0
2026-05-06,-1.0261890136492768,-0.5058647302576127,0.0,-0.25144637294170147,0.0,0.0,0.0,0.0
2026-05-07,1.972281110602602,1.3478426681241398,0.35033562487308423,-0.04671803332605068,-1.0087980727703738,-0.24788161784817558,0.0,-0.25072946476525104
2026-05-08,0.0,0.0,0.0,0.0,0.0,0.0,-0.26928875049426676,0.03403965420034112
2026-05-11,0.0,0.0,0.0,0.0,0.0,0.0,0.0,0.0
2026-05-12,0.0,0.0,0.0,0.0,0.0,0.0,0.0,0.0
2026-05-13,0.0,0.0,0.0,0.0,0.0,0.0,0.0,0.0
2026-05-14,0.0,0.0,0.0,0.0,0.0,0.0,0.0,0.0
2026-05-15,2.1188995419825662,-1.0098801669243676,-0.3076915690739535,-0.1774610103748635,-0.293658867342647,0.6844924777841448,0.006024470529777376,0.0
2026-05-18,1.764161514426599,-0.31214282684266187,-0.7064010213049061,-1.0094888474557242,-0.7557470070653796,-0.5027664594459218,0.0,0.0
2026-05-19,0.0,0.0,0.0,0.0,0.0,0.0,0.0,0.0
2026-05-20,0.0,0.0,0.0,0.0,0.0,0.0,0.0,0.0
2026-05-21,0.0,0.0,0.0,0.0,0.0,0.0,0.0,0.008822505396563481
2026-05-22,0.0,0.0,0.0,0.0,0.0,0.0,0.0,0.0
2026-05-25,0.0,0.0,0.0,0.0,0.0,0.0,0.0,0.0
2026-05-26,0.0,0.0,0.0,0.0,0.0,0.0,0.0,0.0
2026-05-27,0.10365478373672499,0.29139386876339224,0.48300821985032616,0.0,0.0,0.0,0.0,0.0
2026-05-28,-2.5477534199157112,0.10103019578463734,-0.5170921755085073,0.46715025843782787,-0.5037064596671033,-0.5225213080686493,-0.25102249488752376,-0.2507228418009107
2026-05-29,0.0,0.0,0.0,0.0,0.0,0.0,0.0,0.0
2026-06-01,0.0,0.0,0.0,0.0,0.0,0.0,0.0,0.0
2026-06-02,0.0,0.0,0.0,0.0,0.0,0.0,0.0,0.0
2026-06-03,0.0,0.0,0.0,0.0,0.0,0.0,0.0,0.0
2026-06-04,0.0,0.0,0.0,0.0,0.0,0.0,0.0,0.0
2026-06-05,0.30918622725375394,0.21309705589721678,0.2671807228915723,0.19636137170721363,0.18702394437716793,0.0,0.052667191823708236,0.0
2026-06-08,-0.3294138231673468,1.5459325535991886,0.05944008140513657,-0.08349926987919606,-0.5033586715875268,-0.5025808249423649,0.0,0.0
2026-06-09,-0.6834432083988293,-0.22525777455860094,0.0,0.0,0.0,0.0,-0.2621584571766814,0.0
2026-06-10,3.558289764221035,7.532458624306952,2.0557603961741817,1.7419487111216787,0.8235480024609811,1.9098680829897619,-0.25076616739494934,0.0
2026-06-11,2.063636720805029,-0.37304067844990835,0.28054651010050957,0.37291173276019435,0.2064347540702498,0.0,2.1012376250037166,0.0
2026-06-12,0.0,0.0,0.0,0.0,0.0,0.0,0.0,0.26561873566461414
2026-06-15,-1.3258797311777772,-0.5095692454720411,-0.25233855009893746,-0.25211810162232623,-0.25221233559429773,-0.2519071570784897,0.0,0.0
2026-06-16,0.0,0.0,0.0,0.0,0.0,0.0,0.0,0.0
2026-06-17,-0.2523666484616797,0.0,0.0,0.0,0.0,0.0,-0.06565461226068883,0.0
2026-06-18,-0.03436018957347108,0.2026543999675021,0.38997281580124393,0.4677788075378462,0.137883825542735,-0.025392566090238423,0.0,-0.25105758819530033
2026-06-19,0.13122846889098438,-0.5087570168403988,-0.7602460464997419,-0.504828778563025,0.1377009795458526,-0.2516940317956729,-0.27712098293660525,0.0
2026-06-22,-0.2574346405228719,0.0,0.0,0.0,0.0,0.0,0.0,0.0
2026-06-23,-0.514236834515437,0.0,0.0,0.0,0.0,0.0,0.0,0.0
2026-06-24,2.2107936899153993,-0.3759628864683961,-0.6061009212561903,-0.5032139577594087,-0.25144389438943965,-0.502672304936425,-0.2508938130457418,-0.2507151895252234
2026-06-25,0.9862484940321458,1.6232611641378587,-0.04769904119681839,-0.12960759390594054,0.4530372965157726,0.027558301664979076,-0.25064904960593526,0.0
2026-06-26,0.0,0.0,0.0,0.0,0.0,0.0,0.0,0.0
2026-06-29,0.0,0.0,0.0,0.0,0.0,0.0,0.0,0.0
2026-06-30,0.0,0.0,0.0,0.0,0.0,0.0,0.0,0.0
2026-07-01,0.0,0.0,0.0,0.0,0.0,0.0,0.0,0.0
2026-07-02,0.0,0.0,0.0,0.0,0.0,0.0,0.0,0.0
2026-07-03,-0.5420633963273555,-0.2324925868081245,-0.25228430855736905,0.0,-0.25214324407075644,-0.25226131901993004,0.0,-0.024353668046309774
2026-07-06,-1.2956416486201132,0.0,0.0,0.0,0.0,-0.25233746885514585,0.0,0.0
2026-07-07,0.0,0.0,0.0,0.0,0.0,0.0,0.0,0.0
2026-07-08,-1.0311822748117154,-0.5043831328297159,-0.2518837069697167,-0.5033776336817595,-0.2515614007995768,-0.25105543957318344,0.0,0.0
2026-07-09,0.0,0.0,0.0,0.0,0.0,0.0,0.0,0.0
2026-07-10,0.0,0.0,0.0,0.0,0.0,0.0,0.0,0.0
2026-07-13,-0.26109485491344364,-0.5106232522091441,-0.253133608815429,0.0,0.0,0.0,0.0,0.0
2026-07-14,-0.2562005996184215,0.0,-0.5090412048468067,-0.30200213205409965,-0.2533147561286563,-0.25226927009301486,-0.27003540089632083,0.0
2026-07-15,0.0,0.0,0.0,0.0,0.0,0.0,0.0,0.0
2026-07-16,0.0,0.0,0.0,0.0,0.0,0.0,0.0,0.0
2026-07-17,0.0,0.0,0.0,0.0,0.0,0.0,0.0,0.0
2026-07-20,0.0,0.0,0.0,0.0,0.0,0.0,0.0,0.0
2026-07-21,0.0,0.0,0.0,0.0,0.0,0.0,0.0,0.0
2026-07-22,-1.0735043054496374,-1.4798606746966063,-1.064599434539866,-1.2654974768947078,0.3476778517811044,0.0,0.0,0.0
2026-07-23,0.0,0.0,0.0,0.0,-0.29376226520886073,-0.28927933368560815,-0.27261237379224285,-0.26761691946551175
2026-07-24,0.0,0.0,0.0,0.0,0.0,0.0,0.0,0.0
2026-07-27,0.0,0.0,0.0,0.0,0.0,0.0,0.0,0.0
2026-07-28,0.0,0.0,0.0,0.0,0.0,0.0,0.0,0.0
2026-07-29,0.0,0.0,0.0,0.0,0.0,0.0,0.0,0.0
2026-07-30,0.0,0.0,0.0,0.0,0.0,0.0,0.0,0.0
2026-07-31,0.0,0.0,0.0,0.0,0.0,0.0,0.0,0.0
2026-08-03,0.0,0.0,0.0,0.0,0.0,0.0,0.0,0.0
2026-08-04,0.0,0.0,0.0,0.0,0.0,0.0,0.0,0.0
2026-08-05,2.790513030412779,0.4385548724899545,2.5148678308153625,1.5897902251470724,-0.25233118147350575,-0.25151560574264453,0.0,0.0
2026-08-06,2.0550866659312845,-1.2283407106427529,-1.2619522407082568,0.0,-0.5040951550358519,3.1156285229014102,0.0,0.0
2026-08-07,-0.4911346841060726,1.3635671087709207,2.8757005256356676,3.2745369452242183,2.876729600900558,3.2495479914719905,2.0700678085635213,0.7796029203114552
2026-08-10,0.9250427500190594,1.402683940110201,0.11919898546533803,-0.01244865989386068,-0.25304314748395834,-0.25233158464485655,0.0,0.0
2026-08-11,1.3606305802410095,1.7919832837576202,1.2734418480800598,2.1524975061715006,1.2591194126866254,0.9417223251243161,0.11378853794212901,-0.25092053785712265
2026-08-12,0.4526833816877988,1.4716646526790464,0.45103406326032824,1.2106074556952102,0.6358452138492849,0.6539031474127235,0.5239370124075217,0.0
2026-08-13,0.03924766861156398,-0.5962628190340091,-0.5575850770735334,-0.544952502730486,-0.27917488031540844,-0.26881993896235845,-0.27495423451200024,0.6605956356032258
2026-08-14,0.0,0.0,0.0,0.0,0.0,0.0,0.0,0.0
2026-08-17,0.0,0.0,0.0,0.0,0.0,0.0,0.0,0.0
2026-08-18,0.0,0.0,0.0,0.0,0.0,0.0,0.0,0.0
2026-08-19,-1.2370270273007964,-0.019537863189192966,0.0,0.0,0.0,0.0,0.0,0.0
2026-08-20,-5.214409850129989,-1.7149702630433192,-0.517403519226215,-0.21597227610106823,-1.0767523405958452,-0.251294857565666,-0.2666546132964376,0.0
2026-08-21,1.3030753084724165,3.5432002911866296,2.848283927916615,2.588669548089604,3.494834792237802,0.2583118703150637,1.0281449956916782,0.06651542053002067
2026-08-24,0.657127098948097,0.0,0.0,0.0,0.0,-0.14438077764176327,0.0,0.0
2026-08-25,-1.943433129589149,0.9035492213761454,-1.057632571008418,-0.7809503925134029,-0.5836398552193109,-0.502716973289005,-0.501956263536638,-0.2625132863078557
2026-08-26,-0.5249114825166858,-0.25380693405846366,-0.40902533757891035,-0.5365713395078959,0.023744121196991718,-0.2748476999088637,-0.2672810675562963,-0.2629746518384943
2026-08-27,0.0,0.0,0.0,0.0,0.0,0.0,0.0,-0.07874447828353584
2026-08-28,-0.5907387668511124,0.3549767284312789,-0.25077196658487333,-0.25078499537413607,-0.2508379470297791,-0.25088344797122697,-0.2507833920877403,0.0
2026-08-31,-7.216995733091961,0.5593839710469899,-0.4160151943696001,-0.8868869389309797,-0.5038780940722447,-0.4047531755828653,0.0,0.0
2026-09-01,1.3699342746874767,2.2998435050916615,1.881358270312698,0.4228978380091333,0.0,-0.5028065966036763,0.5670492221372084,0.0
2026-09-02,-0.3232782708447122,-0.7617118813250292,1.0164883096621327,1.4034541067001036,2.888817647670314,0.5389598441511696,-0.2510120359995693,0.0
2026-09-03,-0.14367926337998202,-0.2521469099831314,0.0,0.0,0.0,-0.25110327436068985,-0.28862808967234743,-0.5544578751249636
2026-09-04,0.0,0.0,0.0,0.0,0.0,0.0,0.0,0.0
2026-09-07,0.0,0.0,0.0,0.0,0.0,0.0,0.0,0.0
2026-09-08,0.0,0.0,0.0,0.0,0.0,0.0,0.0,0.0
2026-09-09,0.0,0.0,0.0,0.0,0.0,0.0,0.0,0.0
2026-09-10,0.0,0.0,0.0,0.0,0.0,0.0,0.0,0.0
2026-09-11,0.0,0.0,0.0,0.0,0.0,0.0,0.0,0.0
2026-09-14,0.0,0.0,0.0,0.0,0.0,0.0,0.0,0.0
2026-09-15,0.0,0.0,0.0,0.0,0.0,0.0,0.0,0.0
2026-09-16,0.0,0.0,0.0,0.0,0.0,0.0,0.0,0.0
2026-09-17,0.0,0.0,0.0,0.0,0.0,0.0,0.0,0.0
2026-09-18,0.0,0.0,0.0,0.0,0.0,0.0,0.0,0.0
2026-09-21,0.0,0.0,0.0,0.0,0.0,0.0,0.0,0.0
2026-09-22,0.0,0.0,0.0,0.0,0.0,0.0,0.0,0.0
2026-09-23,0.0,0.0,0.0,0.0,0.0,0.0,0.0,0.0
2026-09-24,0.0,0.0,0.0,0.0,0.0,0.0,0.0,0.0
2026-09-25,0.0,0.0,0.0,0.0,0.0,0.0,0.0,0.0
2026-09-28,1.8175057311384781,4.772822598584454,1.015185699573128,1.4383189362321254,0.8472644758379342,0.0,0.0,0.0
2026-09-29,-3.804476257464014,-0.9395624169684746,-1.014993391338864,-0.845015766146106,-0.627990546256432,-0.13071406184824386,-0.7715941382863186,0.0
2026-09-30,0.0,0.0,0.0,0.0,0.0,0.0,0.0,0.0
2026-10-01,0.0,0.0,0.0,0.0,0.0,0.0,0.0,0.0
2026-10-02,0.0,0.0,0.0,0.0,0.0,0.0,0.0,0.0
2026-10-05,0.0,0.0,0.0,0.0,0.0,0.0,0.0,0.0
2026-10-06,0.0,0.0,0.0,0.0,0.0,0.0,0.0,0.0
2026-10-07,0.8969377370709302,0.3472686733556271,0.34997145420438797,0.0,0.0,0.0,0.0,0.0
2026-10-08,0.0,0.0,0.0,0.0,0.7362732382187634,0.0,0.0,0.0
