h,win,rev,z,days,trades,mean,t,H1,H2
1,3,False,all,157,157,0.011050003494948066,0.40282472994223406,0.004200963163598918,0.015763321572435648
1,3,False,z>0,62,62,0.05139983536600689,0.89969928415749,0.018655863366191263,0.06940901996590551
1,3,False,z>0.5,36,36,0.06810663562852318,0.7871246573819849,0.0018350377967326719,0.097266138674511
1,3,True,all,157,243,0.04538019696622483,1.3068941455815903,0.03204749129815907,0.054555392264678655
1,3,True,z>0,62,82,0.06991432458811715,1.0992106213499548,0.05236816441197977,0.07956471268499274
1,3,True,z>0.5,36,43,0.05930600751121408,0.6252727949744603,-0.0763173948799572,0.11898030456332939
1,6,False,all,158,158,0.01386166610534766,0.5058677759574053,0.011140835975514065,0.015763321572435648
1,6,False,z>0,63,63,0.05781083315286527,1.021749163983637,0.03764007347801268,0.06940901996590551
1,6,False,z>0.5,37,37,0.07857112374499779,0.9265139523120594,0.03962317597517861,0.097266138674511
1,6,True,all,158,258,0.057679872635767584,1.585558559444753,0.06528014372588832,0.05236785520718856
1,6,True,z>0,63,92,0.07538236513869453,1.1663527374288243,0.06905549911257598,0.07902031310371271
1,6,True,z>0.5,37,52,0.05567795834620914,0.5791054545862898,-0.033609540096153044,0.09853595759854299
2,3,False,all,159,159,0.029629072737525984,0.9873715942314067,0.00931865668006022,0.044042916391211356
2,3,False,z>0,71,71,0.035560357005075,0.6657285719152225,0.02706533608452006,0.04109199853473866
2,3,False,z>0.5,47,47,0.06512148780528747,0.8470727976236307,0.05641686680818422,0.07052435601038605
2,3,True,all,159,239,0.06077150726316235,1.7757689374975831,0.013700663493583006,0.09417662219641221
2,3,True,z>0,71,98,0.07911518008168857,1.347776956963535,0.06654722525219268,0.0872989646218254
2,3,True,z>0.5,47,63,0.14686620958608965,1.781347039784843,0.11803683583049532,0.16476030364128616
2,6,False,all,159,159,0.029629072737525984,0.9873715942314067,0.00931865668006022,0.044042916391211356
2,6,False,z>0,71,71,0.035560357005075,0.6657285719152225,0.02706533608452006,0.04109199853473866
2,6,False,z>0.5,47,47,0.06512148780528747,0.8470727976236307,0.05641686680818422,0.07052435601038605
2,6,True,all,159,253,0.06391932267119207,1.7849649467822233,0.02865733014986343,0.08894396252503821
2,6,True,z>0,71,106,0.07408189723889429,1.2211263516404023,0.06227214247309569,0.08177197010964683
2,6,True,z>0.5,47,69,0.1302495450003909,1.5213905604129963,0.08785225408026405,0.156565104881849
3,3,False,all,155,155,0.08720626883686299,2.5354476230295684,0.08326337340140798,0.08983486579383299
3,3,False,z>0,62,62,0.1395555036520225,2.1399292760396125,0.14845815786245253,0.13499560759302173
3,3,False,z>0.5,36,36,0.16439704113620668,1.9067980183279643,0.2329999057286108,0.1415294196054053
3,3,True,all,155,202,0.10357994713246521,2.736492917801818,0.07324281042955531,0.12380470493440517
3,3,True,z>0,62,72,0.127392303666099,1.896617068572525,0.16666944886287288,0.10727474149214163
3,3,True,z>0.5,36,40,0.16811374500310364,1.9397726756717,0.275492918062925,0.13232068731649654
3,6,False,all,157,157,0.08006940296689355,2.314085713736723,0.06587896479649716,0.08983486579383299
3,6,False,z>0,64,64,0.12041196597677999,1.8395250539891677,0.09441503961739248,0.13499560759302173
3,6,False,z>0.5,38,38,0.13084784413136746,1.5069721220636667,0.10462943160418375,0.1415294196054053
3,6,True,all,157,226,0.0915043674056914,2.3445045400243076,0.04511176275695339,0.12343046092740358
3,6,True,z>0,64,83,0.10129173553094126,1.4580142363756419,0.09786626389320391,0.1032133415716232
3,6,True,z>0.5,38,46,0.12998689524892101,1.4580754163964404,0.13939644169589532,0.12615337632607962
4,3,False,all,145,145,0.038691851482889845,1.1887598640414945,0.005214588038393658,0.06037598803216579
4,3,False,z>0,58,58,0.04730362073326954,0.7326141262049876,-0.08967478680740339,0.12504812231040824
4,3,False,z>0.5,32,32,0.08019829794587127,0.7935195609925548,-0.141645342294591,0.19640210950039907
4,3,True,all,145,165,0.06479293238205962,1.8584642508092861,0.057654873232942376,0.06941644796728332
4,3,True,z>0,58,63,0.09713894370962745,1.3977742212300182,0.018872068254837067,0.14156068383261655
4,3,True,z>0.5,32,34,0.10838140306022698,1.0920268670742515,-0.0915452397982333,0.21310488265275374
4,6,False,all,156,156,0.03270036597082948,1.0052056531480864,0.004773228987048281,0.05212793952476422
4,6,False,z>0,68,68,0.03466642130824821,0.5636356292151928,-0.06489434688784983,0.10023082963250787
4,6,False,z>0.5,39,39,0.06536866638912159,0.6879212905630733,-0.08730385772394503,0.1607889939597882
4,6,True,all,156,202,0.07462069312834571,2.1245143319090745,0.05879706424528925,0.08562843496003716
4,6,True,z>0,68,82,0.10335909308704799,1.6057470496530428,0.03368346393874929,0.14924304398958618
4,6,True,z>0.5,39,49,0.13057902995412887,1.4270077448924339,-0.03437652902278943,0.23367625431470276
5,3,False,all,149,149,0.052124556419543465,1.9306103465228934,0.016758405230717824,0.07803231833693902
5,3,False,z>0,57,57,0.07150317104852227,1.3777347231863726,-0.0682484622053708,0.17314072250589907
5,3,False,z>0.5,32,32,0.09435663828760986,1.206438646822443,-0.06558084605842099,0.20378754862963092
5,3,True,all,149,187,0.07035653317470099,2.142476556843917,0.06151458264024655,0.07683377600808042
5,3,True,z>0,57,65,0.08886129374629122,1.5208476642670594,-0.024673657936783538,0.17143216769761827
5,3,True,z>0.5,32,34,0.10616194979559589,1.3352144687831964,-0.08466447515828045,0.23672739844824808
5,6,False,all,159,159,0.054431809289680985,2.0634008814077185,0.02723211232222121,0.07424028425511366
5,6,False,z>0,66,66,0.07781969699653483,1.6172257228675226,-0.031042539174117877,0.15803397628017365
5,6,False,z>0.5,40,40,0.10664155804248265,1.5581452287708284,0.006378227611524272,0.17348377832978826
5,6,True,all,159,227,0.06359697415105806,1.9169284997127807,0.0655206073676168,0.06219606735204243
5,6,True,z>0,66,86,0.07011050355604835,1.2331674404654973,-0.015679545145190512,0.133324223651698
5,6,True,z>0.5,40,50,0.09411115604365723,1.2534927293952778,-0.027492671941908978,0.17518037470070139
6,3,False,all,159,159,0.049140734035833994,1.667444666532667,0.09016875543953745,0.01926163149183255
6,3,False,z>0,73,73,0.0277580937177961,0.6381276591680374,0.09275860840481467,-0.012686670976348796
6,3,False,z>0.5,44,44,0.01895978233702936,0.334559368274311,0.043607067130687314,0.00022784589384930554
6,3,True,all,159,229,0.059994361235549416,1.8769192566410982,0.09682263559562486,0.03317377012549447
6,3,True,z>0,73,95,0.044429481036519905,0.9225227476917096,0.0944598096425945,0.013299498792740174
6,3,True,z>0.5,44,54,0.02845089592441111,0.46446152837835175,0.02666757027169715,0.02980622342047374
6,6,False,all,160,160,0.05015384762234887,1.7115349923320105,0.09016875543953745,0.021325903280933443
6,6,False,z>0,74,74,0.03023756417942338,0.7035426635731215,0.09275860840481467,-0.00781872360994524
6,6,False,z>0.5,45,45,0.023232651793500123,0.4181408740708448,0.043607067130687314,0.008343655970171036
6,6,True,all,160,254,0.05615569279532619,1.7060158297862884,0.09643156077276176,0.027139744897603797
6,6,True,z>0,74,112,0.040307407494763275,0.7973653251212867,0.10287647845854796,0.002221886038546513
6,6,True,z>0.5,45,68,0.01991681341482828,0.30223361892233297,0.04572062091425306,0.0010601848575563233
7,3,False,all,159,159,0.03243648013619472,1.3059938080203142,0.0735204428328941,0.0032801195127306446
7,3,False,z>0,61,61,0.06518853185566457,1.2515327716839941,0.19392892162665046,-0.007434252117712086
7,3,False,z>0.5,40,40,0.04423216018518344,0.6615975812584352,0.17205821681794845,-0.02459725492476695
7,3,True,all,159,230,0.05739719399248105,1.8957010177654832,0.09314818464273045,0.03202552320843311
7,3,True,z>0,61,81,0.11535767365565536,1.8852632111297218,0.19769432405898868,0.0689113580435186
7,3,True,z>0.5,40,51,0.0889180399229426,1.12208905334306,0.19498828158563278,0.03180329441226329
7,6,False,all,159,159,0.03243648013619472,1.3059938080203142,0.0735204428328941,0.0032801195127306446
7,6,False,z>0,61,61,0.06518853185566457,1.2515327716839941,0.19392892162665046,-0.007434252117712086
7,6,False,z>0.5,40,40,0.04423216018518344,0.6615975812584352,0.17205821681794845,-0.02459725492476695
7,6,True,all,159,245,0.0608825871185893,1.960585768014584,0.08352691078950147,0.044812421932780684
7,6,True,z>0,61,87,0.1290121873121631,2.0521709914653554,0.18456640957259918,0.09767390808832742
7,6,True,z>0.5,40,54,0.09407159365617357,1.175899897363514,0.19498828158563278,0.03973183861723399
8,3,False,all,156,156,0.0194910708155759,0.7204642406855025,0.0015990628940397373,0.03161146327855202
8,3,False,z>0,65,65,0.0442766199150829,0.8863632172861452,0.046019073838656235,0.043502195949050325
8,3,False,z>0.5,34,34,0.021397170608874316,0.3088970305643916,0.014690332112526976,0.024604789020170884
8,3,True,all,156,199,0.0369266994431015,1.1879564265625495,0.039313268313080366,0.03530999149892226
8,3,True,z>0,65,78,0.07704860131561525,1.3844273439707964,0.10569387009760409,0.06431737074584241
8,3,True,z>0.5,34,41,0.09080353887771384,1.1010946812984352,0.12964177801983673,0.07222872885322032
8,6,False,all,159,159,0.01550063782139205,0.5797771609027877,-0.0072009798682424455,0.03161146327855202
8,6,False,z>0,67,67,0.03300641568363185,0.6720756407748371,0.011537774231639516,0.043502195949050325
8,6,False,z>0.5,36,36,0.0016931488062408742,0.02533030825426285,-0.03884283003378911,0.024604789020170884
8,6,True,all,159,225,0.02775886756263794,0.8842346971588628,0.02518503965309063,0.029585455111348927
8,6,True,z>0,67,87,0.06831378329739296,1.2313792916648432,0.08119621812253552,0.062015704049545504
8,6,True,z>0.5,36,46,0.07942940236467208,1.0003277454623978,0.07112421200104582,0.08412364039628692
9,3,False,all,157,157,0.028312953731701257,1.0073266435591275,0.011380462185898114,0.04059366188580024
9,3,False,z>0,68,68,0.05052299088899103,0.9363536913598994,0.006306431689338498,0.07789514658401402
9,3,False,z>0.5,39,39,0.025815651281804068,0.37514510143228164,-0.05082713786415323,0.06413704585478272
9,3,True,all,157,210,0.03709682099733363,1.179458750990118,0.04888083567229087,0.028550172991320674
9,3,True,z>0,68,79,0.08648972116978351,1.4339144362844136,0.12834018669044925,0.06058229013318093
9,3,True,z>0.5,39,45,0.04265910813685647,0.5821871063408683,0.03175379280440252,0.04811176580308345
9,6,False,all,160,160,0.02795651106319272,1.003707492185395,0.018926431319889886,0.03446205238363671
9,6,False,z>0,71,71,0.04878128753077647,0.9306250130041588,0.025219541410598064,0.06323963174088593
9,6,False,z>0.5,42,42,0.024636153195811857,0.37567818437548045,-0.010270885576474664,0.04208967258195512
9,6,True,all,160,239,0.04628980399081772,1.447364569206095,0.0819907050144735,0.020569800027538814
9,6,True,z>0,71,97,0.08999452707621501,1.5048450449603237,0.17234034715244567,0.03946413748398254
9,6,True,z>0.5,42,56,0.051271098824682865,0.7163933228047052,0.1092458792465373,0.022283708613755636
10,3,False,all,156,156,0.042311414849229755,1.5473686856473803,0.05424032107731209,0.03379076754345666
10,3,False,z>0,63,63,0.13053088667126703,2.1861783719238823,0.19355862483194325,0.10121565961978969
10,3,False,z>0.5,36,36,0.18869072744441515,2.1511443672048713,0.2685108463637688,0.15356987511989953
10,3,True,all,156,208,0.02420880093072454,0.8170579028605406,0.040114602343596616,0.012847514207244483
10,3,True,z>0,63,77,0.1328770845919464,2.12381435398637,0.22820594685419868,0.08853807888857322
10,3,True,z>0.5,36,40,0.22299614089293382,2.5040269411375675,0.3742704825356808,0.15643543057012516
10,6,False,all,160,160,0.0407040122232354,1.519723171055003,0.049624253912027176,0.03427760154421336
10,6,False,z>0,67,67,0.12142547909742751,2.1452826751409133,0.16683530175997277,0.09922512135129427
10,6,False,z>0.5,39,39,0.17595396843793226,2.152738707587917,0.21175565016015335,0.15805312757682177
10,6,True,all,160,248,0.02906040939296194,0.93589400047706,0.047497971987226904,0.015777434190642002
10,6,True,z>0,67,101,0.12029951992201751,1.943058681738898,0.19986482851499018,0.08140092460989752
10,6,True,z>0.5,39,55,0.21335031867213777,2.4507709899471615,0.32733802956044994,0.1563564632279816
11,3,False,all,158,158,0.012762750195400322,0.5139099015116353,0.014743205467732914,0.011378561026565714
11,3,False,z>0,63,63,0.0423243155792074,0.8657501744054651,0.13625573538998442,-0.01947267113840906
11,3,False,z>0.5,37,37,0.09435289679586753,1.3679322044951976,0.2540831452106303,0.02677471477423713
11,3,True,all,158,211,0.010558256218161956,0.3861405874150332,-0.004482161062767116,0.02107037582311239
11,3,True,z>0,63,76,0.037565208528403844,0.7372400599727209,0.08577856387034342,0.005845895803443598
11,3,True,z>0.5,37,41,0.09047043649020638,1.2891597103190062,0.23416311455330555,0.029677380386587498
11,6,False,all,160,160,0.011069112940551644,0.45047707095871825,0.01063958052265151,0.011378561026565714
11,6,False,z>0,65,65,0.037245775709308905,0.7830066320285584,0.11707173793943045,-0.01947267113840906
11,6,False,z>0.5,38,38,0.08571754074059831,1.2663575234080706,0.21342699700104759,0.02677471477423713
11,6,True,all,160,259,0.0010941108487993248,0.03620810004762211,-0.017480793514222683,0.014476031196352825
11,6,True,z>0,65,97,0.01285635474023779,0.23672327095350146,0.05596455866480038,-0.017773158574582986
11,6,True,z>0.5,38,51,0.03945130292652754,0.5154373854796231,0.15926667782959977,-0.015848100874890407
12,3,False,all,158,158,-0.004020740673453401,-0.16968954982490309,0.02133709871313655,-0.022212234146441846
12,3,False,z>0,60,60,-0.023716931670426728,-0.5847073140768637,0.06780894985498687,-0.06947987243313353
12,3,False,z>0.5,37,37,-0.00189349521443637,-0.030792638597267295,0.14623310750772153,-0.0920575142627064
12,3,True,all,158,236,-0.00437487123944646,-0.15289079120254223,0.014026327828863676,-0.01757573144062547
12,3,True,z>0,60,86,-0.05053161477962667,-1.03438469976092,0.021925670539904057,-0.08676025743939204
12,3,True,z>0.5,37,53,-0.018156930025537678,-0.24503087676049326,0.09071973962488265,-0.08442968546492394
12,6,False,all,160,160,-0.0043425921056627365,-0.1854482046687769,0.019026190048164717,-0.021178166345516926
12,6,False,z>0,62,62,-0.023912155011709756,-0.6082112824621125,0.058223105488560044,-0.06598143478014062
12,6,False,z>0.5,39,39,-0.0033230008572960666,-0.0568716877429246,0.12758464821787502,-0.085140281529278
12,6,True,all,160,267,-0.017758262054571667,-0.5988538860284431,0.0006769268126336226,-0.031039527152450754
12,6,True,z>0,62,99,-0.07118236674954025,-1.4245080491269777,0.008320813446570234,-0.11190350782559685
12,6,True,z>0.5,39,60,-0.04676459974884552,-0.6337458379472235,0.04325399764193101,-0.10302622311808085
13,3,False,all,159,159,0.0069347225109169415,0.30528456192992076,0.034067246906676084,-0.012320617382847609
13,3,False,z>0,72,72,0.000383051527218249,0.010348005150217946,0.05663808897915253,-0.0354156086694672
13,3,False,z>0.5,45,45,0.013338031377917677,0.26225834991476865,0.12424311401862533,-0.05399719736822624
13,3,True,all,159,248,-0.015752523303648392,-0.623456979313303,0.03860539112460067,-0.054329107736599346
13,3,True,z>0,72,104,-0.02239138158861072,-0.5498965452338495,0.06163051723015022,-0.07585986265509494
13,3,True,z>0.5,45,61,-0.0016496384283138925,-0.030479352838924213,0.11162085394001554,-0.07042100879479964
13,6,False,all,160,160,0.007023505260889221,0.31114136734612874,0.033874302363389605,-0.012320617382847609
13,6,False,z>0,73,73,0.000667392773509525,0.01828100302578424,0.05541401565250871,-0.0354156086694672
13,6,False,z>0.5,46,46,0.013507638576364724,0.27156079671297123,0.11851516115683955,-0.05399719736822624
13,6,True,all,160,267,-0.014180155449617931,-0.5471131063643109,0.04526762213588138,-0.05700812424777335
13,6,True,z>0,73,115,-0.02987459616214012,-0.7185994528309206,0.05850590687146315,-0.08812538225246956
13,6,True,z>0.5,46,70,-0.00912069736843934,-0.16483093786609623,0.10813053149050394,-0.08449648734918859
14,3,False,all,160,160,-0.02055745069725171,-1.1269097030109665,-0.0033778915053115865,-0.03293412237316554
14,3,False,z>0,66,66,-0.029844091487647675,-0.8940886375823618,-0.02953257148833384,-0.030046579487201668
14,3,False,z>0.5,40,40,-0.05075012450636385,-1.0569094079634382,-0.005697815358732023,-0.07500906020124253
14,3,True,all,160,240,-0.022524530227317558,-0.9035217509484408,0.003941579789288227,-0.04159151271239914
14,3,True,z>0,66,92,-0.012554221246164536,-0.28224164362744053,-0.0006303256323577686,-0.02030475339513893
14,3,True,z>0.5,40,55,-0.0556956343132986,-0.9484388177844695,0.034061654986672685,-0.10402648239789852
14,6,False,all,160,160,-0.02055745069725171,-1.1269097030109665,-0.0033778915053115865,-0.03293412237316554
14,6,False,z>0,66,66,-0.029844091487647675,-0.8940886375823618,-0.02953257148833384,-0.030046579487201668
14,6,False,z>0.5,40,40,-0.05075012450636385,-1.0569094079634382,-0.005697815358732023,-0.07500906020124253
14,6,True,all,160,258,-0.021277364728286265,-0.8389477369656517,0.010248336117119058,-0.04398942877820192
14,6,True,z>0,66,96,-0.018879803231591767,-0.41907804628838424,-0.0006303256323577686,-0.030741963671093876
14,6,True,z>0.5,40,57,-0.05937023533857085,-1.0028792931691801,0.034061654986672685,-0.10967971474447123
15,3,False,all,153,153,-0.043187633950510784,-1.994686948514837,-0.022354778211010454,-0.05857553875809626
15,3,False,z>0,58,58,-0.05962736440778144,-1.3389668109996258,-0.0638509379717765,-0.05723020103362208
15,3,False,z>0.5,34,34,-0.013679448272643408,-0.20011764399840926,-0.035923236036721595,0.006092807517648313
15,3,True,all,153,212,-0.02936369134518178,-1.173445594635945,-0.020879275601206917,-0.03563058933789049
15,3,True,z>0,58,69,-0.04472040875171734,-0.9983079984036195,-0.06646730558332029,-0.03237757541486161
15,3,True,z>0.5,34,40,-0.008705943645216513,-0.1247855800655685,-0.0393572185268728,0.01853963402736686
15,6,False,all,155,155,-0.04401568676757762,-2.057754756130776,-0.022500763666819284,-0.0599705735613984
15,6,False,z>0,60,60,-0.06121850983662839,-1.420808572449092,-0.0624027052591682,-0.06053292301305272
15,6,False,z>0.5,35,35,-0.018509567929196072,-0.27812707790843916,-0.035923236036721595,-0.0038454263649640528
15,6,True,all,155,229,-0.025607013367019437,-1.0129953093077761,-0.026093206072895298,-0.025246465967156437
15,6,True,z>0,60,81,-0.045310412250340555,-1.0098732495893055,-0.07930420850245946,-0.025629793367534875
15,6,True,z>0.5,35,42,-0.023719267533419103,-0.33835088057674284,-0.0393572185268728,-0.010550466696826508
16,3,False,all,148,148,-0.023402182288012708,-1.0786229818043342,-0.017510830659733925,-0.027532900096346097
16,3,False,z>0,56,56,-0.043996764169078044,-1.031312420543373,-0.060583963649353985,-0.03613966967842103
16,3,False,z>0.5,34,34,-0.029981310674493864,-0.47779517876455174,-0.03220682517380514,-0.028916934174823244
16,3,True,all,148,187,-0.009484248826065113,-0.3855523927114135,-0.010518268122329413,-0.00875924679075336
16,3,True,z>0,56,64,-0.013521745161089874,-0.2878968291440821,-0.06179684154335147,0.009345405756823513
16,3,True,z>0.5,34,38,0.007566110925657585,0.10771468799920687,-0.03491681394347566,0.027884031515243053
16,6,False,all,155,155,-0.024016735304378853,-1.1479607067166187,-0.013378794591240181,-0.031498363937795065
16,6,False,z>0,63,63,-0.043220472809860494,-1.1205348029981028,-0.041837787108760675,-0.04391181566041043
16,6,False,z>0.5,39,39,-0.0382586808417035,-0.6896710375005757,-0.027385404372943414,-0.04369531907608356
16,6,True,all,155,205,-0.008176322171838597,-0.3414840732732621,-0.007031364627754071,-0.00898156703800793
16,6,True,z>0,63,75,-0.012820623098901217,-0.30444085239686736,-0.04028064371912571,0.0009093872112110232
16,6,True,z>0.5,39,45,-0.0069389778490282035,-0.11142103782454922,-0.02967847179343385,0.004430769123174619
17,3,False,all,145,145,0.015765008791381496,0.8507056214404864,-0.020224788107963285,0.04045568340837384
17,3,False,z>0,57,57,0.041298608914897214,1.1463388628829594,-0.04548095322727748,0.09192002016449911
17,3,False,z>0.5,37,37,0.0612113091119318,1.5514066788545304,-0.01621168816048728,0.11399971634312661
17,3,True,all,145,164,0.0228189760259342,1.2321129482271338,-0.008265951234763062,0.044144681937342785
17,3,True,z>0,57,58,0.042264135171269694,1.1789299052141153,-0.04548095322727748,0.0934487700704222
17,3,True,z>0.5,37,38,0.06269874145282994,1.605771772688418,-0.01621168816048728,0.11650130709827348
17,6,False,all,152,152,0.016002756076282678,0.9030671351987483,-0.016953528843788,0.03997096329087953
17,6,False,z>0,61,61,0.04043029008261617,1.198554556634172,-0.033714921235295285,0.09192002016449911
17,6,False,z>0.5,38,38,0.06333086820084026,1.6466052950328427,-0.006338797994803493,0.11399971634312661
17,6,True,all,152,187,0.03292632507157017,1.8624818057141366,0.005296096137075778,0.05302103702392973
17,6,True,z>0,61,70,0.06702272689281963,2.0457447913390197,-0.007709434525346532,0.11892006121099054
17,6,True,z>0.5,38,40,0.06657932613891682,1.7843778814368736,-0.0020633976801986073,0.11650130709827348
18,3,False,all,145,145,0.0010869204386641637,0.06501027126857815,-0.012993404095985912,0.011025973051358334
18,3,False,z>0,53,53,0.0005172828796734619,0.015535314530984345,-0.045699385265134986,0.022341820614721883
18,3,False,z>0.5,31,31,0.0024138802170036605,0.06019962614581047,0.015392511781723064,-0.0037664205281008186
18,3,True,all,145,182,-0.0052379274140208505,-0.2837867293385695,-0.026697580177768812,0.009910062772154166
18,3,True,z>0,53,61,-0.011763656218095712,-0.31231647573103377,-0.06512788860259726,0.013436120185696678
18,3,True,z>0.5,31,36,-0.002541328199104796,-0.056183453911806014,0.014692665317562728,-0.010747991778470292
18,6,False,all,150,150,0.003965192788400447,0.24415872678693898,-0.007988816071881689,0.012621544032053025
18,6,False,z>0,56,56,0.006090494184734388,0.19178833586774588,-0.034672471622667594,0.025399267461924804
18,6,False,z>0.5,34,34,0.011425940248516063,0.3080519296471412,0.027882743465137135,0.0035552952318711993
18,6,True,all,150,197,0.0025685692638876653,0.1450819371734129,-0.010305968418654488,0.011891510344349222
18,6,True,z>0,56,66,0.0006555967148348464,0.018417788208016476,-0.03376964067097131,0.016962288108111442
18,6,True,z>0.5,34,39,0.00690795610441717,0.16553707658641642,0.027246519406809545,-0.0028191828662922384
19,3,False,all,152,152,0.0007385752716011466,0.06273223676741962,0.010839011635633453,-0.007222945156518436
19,3,False,z>0,66,66,-0.014448336009600469,-0.7082106617478232,-0.02190108999358077,-0.010189619447326012
19,3,False,z>0.5,40,40,-0.03155320260011672,-1.1582721593252292,-0.0488523191306764,-0.017399379984204263
19,3,True,all,152,192,0.01864122782112827,1.471364834269376,0.025023543802359608,0.013610461106510626
19,3,True,z>0,66,80,0.012339226660124589,0.5539439027936656,0.002058609845383695,0.01821386483997652
19,3,True,z>0.5,40,48,-0.0006993514917031124,-0.022683807308856004,-0.016906052678723787,0.01256067675222289
19,6,False,all,153,153,0.0008981910051528069,0.07678590673502457,0.010839011635633453,-0.006846401811617003
19,6,False,z>0,67,67,-0.013857170061621283,-0.6893059649751574,-0.02190108999358077,-0.00936754033215552
19,6,False,z>0.5,41,41,-0.030169959060967415,-1.1340017739062507,-0.0488523191306764,-0.015548981615108204
19,6,True,all,153,199,0.020328664716065988,1.6139952585691149,0.02860925199738733,0.013877509508524939
19,6,True,z>0,67,83,0.012133998835937632,0.5511827359748339,0.002058609845383695,0.01775747176089796
19,6,True,z>0.5,41,50,0.0012863332320212106,0.04303962838064554,-0.016906052678723787,0.015523852640430338
20,3,False,all,149,149,0.017507002432942568,1.4071441070957575,0.023392840548461743,0.013539021680907167
20,3,False,z>0,58,58,0.019693836716025672,0.7811789062517386,0.0016927552461966726,0.0306944976142545
20,3,False,z>0.5,35,35,0.034404447288087524,0.9011480975492374,0.00963692338706911,0.0443114568484949
20,3,True,all,149,183,0.020463230216809115,1.514517855430619,0.0324313705255735,0.012394821019889299
20,3,True,z>0,58,64,0.01708049694356535,0.6450892896690713,0.0014217708311286075,0.026649718456721143
20,3,True,z>0.5,35,39,0.025838686312810923,0.639410211242243,0.009040757673919366,0.032557857768367546
20,6,False,all,149,149,0.017507002432942568,1.4071441070957575,0.023392840548461743,0.013539021680907167
20,6,False,z>0,58,58,0.019693836716025672,0.7811789062517386,0.0016927552461966726,0.0306944976142545
20,6,False,z>0.5,35,35,0.034404447288087524,0.9011480975492374,0.00963692338706911,0.0443114568484949
20,6,True,all,149,183,0.020463230216809115,1.514517855430619,0.0324313705255735,0.012394821019889299
20,6,True,z>0,58,64,0.01708049694356535,0.6450892896690713,0.0014217708311286075,0.026649718456721143
20,6,True,z>0.5,35,39,0.025838686312810923,0.639410211242243,0.009040757673919366,0.032557857768367546
