leg,time,xtime,side,bars,nights,htf,added,reason,stop_usd,R,addR,usd,add_usd,R_1 單位,R_1R 且同向加 1,R_同向 2 單位 + 1R 加 1
C,2026-01-02 18:45:00,2026-01-02 23:45:00,-1,20,0,False,False,flat,45.05,-0.14472853885694043,0.0,-6.5199999999996,0.0,-0.14472853885694043,-0.14472853885694043,-0.14472853885694043
B,2026-01-06 22:00:00,2026-01-07 03:30:00,1,9,1,False,False,stop,23.69,-1.032918833371015,0.0,-24.47464285714275,0.0,-1.032918833371015,-1.032918833371015,-1.032918833371015
B,2026-01-07 01:30:00,2026-01-07 03:00:00,1,3,0,False,False,stop,16.77,-1.004769163948527,0.0,-16.85442857142887,0.0,-1.004769163948527,-1.004769163948527,-1.004769163948527
B,2026-01-07 09:30:00,2026-01-07 19:30:00,-1,20,0,False,True,time,20.44,0.4495928993255496,-1.003913757556697,9.189999999999527,-20.52071428571442,0.4495928993255496,0.4495928993255496,0.4495928993255496
C,2026-01-08 08:15:00,2026-01-08 17:00:00,-1,35,0,False,True,stop,15.04,-1.0053174316804985,-1.0053174316804985,-15.124857142856927,-15.124857142856927,-1.0053174316804985,-1.0053174316804985,-1.0053174316804985
A,2026-01-09 01:15:00,2026-01-09 21:15:00,1,80,0,True,True,time,32.85,0.6646195867275889,-0.33538041327241114,21.829999999999856,-11.015857142858367,0.6646195867275889,0.3292391734551778,0.9938587601827666
B,2026-01-09 02:30:00,2026-01-09 12:30:00,1,20,0,True,False,time,18.72,0.5287109903985441,0.0,9.900000000000473,0.0,0.5287109903985441,0.5287109903985441,1.0574219807970882
B,2026-01-09 19:00:00,2026-01-09 23:30:00,1,9,0,True,False,flat,46.05,0.11986877719267743,0.0,5.520000000000364,0.0,0.11986877719267743,0.11986877719267743,0.23973755438535485
C,2026-01-14 05:00:00,2026-01-14 07:00:00,1,8,0,True,False,tp,14.01,1.4942889777270132,0.0,20.931999999999718,0.0,1.4942889777270132,1.4942889777270132,2.9885779554540264
B,2026-01-14 09:30:00,2026-01-14 16:30:00,1,14,0,True,False,stop,20.13,-1.003973434750525,0.0,-20.21371428571463,0.0,-1.003973434750525,-1.003973434750525,-2.00794686950105
A,2026-01-14 10:00:00,2026-01-14 16:45:00,1,27,0,True,False,stop,14.81,-1.0054034234547173,0.0,-14.88542857142882,0.0,-1.0054034234547173,-1.0054034234547173,-2.0108068469094347
C,2026-01-20 08:30:00,2026-01-20 18:30:00,1,40,0,True,True,time,31.1,1.1066126235776328,0.10661262357763275,34.42,3.3160714285713038,1.1066126235776328,1.2132252471552656,2.3198378707328984
B,2026-01-20 12:00:00,2026-01-20 22:00:00,1,20,0,True,True,time,34.77,0.6448948563327703,-0.3551051436672296,22.4200000000004,-12.345357142856884,0.6448948563327703,0.2897897126655407,0.934684568998311
A,2026-01-20 12:30:00,2026-01-20 18:45:00,1,25,0,True,True,tp,20.25,1.4955546147332992,-1.0044453852667232,30.27857142857116,-20.335714285713802,1.4955546147332992,0.491109229466576,1.9866638441998752
B,2026-01-20 15:00:00,2026-01-20 15:30:00,1,1,0,True,False,tp,4.35,1.9747230201066854,0.0,8.593571428570286,0.0,1.9747230201066854,1.9747230201066854,3.949446040213371
C,2026-01-21 04:30:00,2026-01-21 14:30:00,1,40,0,True,False,time,58.51,0.5900184716509524,0.0,34.51999999999942,0.0,0.5900184716509524,0.5900184716509524,1.180036943301905
B,2026-01-21 05:00:00,2026-01-21 15:00:00,1,20,0,True,False,time,78.01,0.4386572918946241,0.0,34.2200000000004,0.0,0.4386572918946241,0.4386572918946241,0.8773145837892482
A,2026-01-21 05:00:00,2026-01-21 21:45:00,1,67,0,True,False,stop,77.65,-1.001802894012828,0.0,-77.79292857142867,0.0,-1.001802894012828,-1.001802894012828,-2.003605788025656
B,2026-01-21 08:30:00,2026-01-21 17:00:00,1,17,0,True,True,stop,32.28,-1.0027878449958183,-1.0027878449958183,-32.37299999999945,-32.37299999999945,-1.0027878449958183,-2.0055756899916366,-3.008363534987455
A,2026-01-21 08:30:00,2026-01-21 17:15:00,1,35,0,True,False,stop,45.54,-1.002635083310982,0.0,-45.65935714285671,0.0,-1.002635083310982,-1.002635083310982,-2.005270166621964
A,2026-01-21 11:30:00,2026-01-21 17:15:00,1,23,0,True,False,stop,35.18,-1.0025579860934883,0.0,-35.27392857142863,0.0,-1.0025579860934883,-1.0025579860934883,-2.0051159721869767
C,2026-01-22 10:00:00,2026-01-22 17:45:00,1,31,0,False,True,tp,27.88,1.4964137047710697,0.4964137047710698,41.725892857143116,13.841964285714676,1.4964137047710697,1.4964137047710697,1.4964137047710697
B,2026-01-22 11:30:00,2026-01-22 18:30:00,1,14,0,False,True,tp,30.49,1.9967197443275007,0.9967197443275007,60.8708571428564,30.3854285714282,1.9967197443275007,1.9967197443275007,1.9967197443275007
B,2026-01-22 15:00:00,2026-01-22 15:30:00,1,1,0,False,False,stop,14.53,-1.0068827861518344,0.0,-14.628999999999541,0.0,-1.0068827861518344,-1.0068827861518344,-1.0068827861518344
C,2026-01-22 21:30:00,2026-01-23 08:30:00,1,40,1,True,True,time,38.33,1.0091143042958717,0.00911430429587181,38.67999999999956,0.3493571428563882,1.0091143042958717,1.0182286085917436,2.0273429128876153
A,2026-01-22 21:45:00,2026-01-23 18:45:00,1,80,1,True,False,time,85.71,0.7919339932783361,0.0,67.8800000000003,0.0,0.7919339932783361,0.7919339932783361,1.5838679865566723
A,2026-01-22 23:15:00,2026-01-23 20:15:00,1,80,1,True,True,time,56.24,0.9363894315159387,-0.06361056848406131,52.66000000000003,-3.5772857142863357,0.9363894315159387,0.8727788630318773,1.809168294547816
B,2026-01-23 03:00:00,2026-01-23 10:00:00,1,14,0,True,False,stop,43.17,-1.0025481711907736,0.0,-43.278214285714384,0.0,-1.0025481711907736,-1.0025481711907736,-2.005096342381547
A,2026-01-23 03:00:00,2026-01-23 10:15:00,1,29,0,True,False,stop,44.51,-1.002246527510334,0.0,-44.61314285714216,0.0,-1.002246527510334,-1.002246527510334,-2.004493055020668
C,2026-01-23 19:00:00,2026-01-23 23:45:00,1,19,0,True,False,flat,47.53,0.05049647351264549,0.0,2.4,0.0,0.05049647351264549,0.05049647351264549,0.10099294702529098
B,2026-01-27 10:00:00,2026-01-27 16:00:00,1,12,0,False,True,stop,21.68,-1.004613245286252,-1.004613245286252,-21.7767142857143,-21.7767142857143,-1.004613245286252,-1.004613245286252,-1.004613245286252
B,2026-01-27 12:30:00,2026-01-27 13:30:00,1,2,0,True,False,stop,14.24,-1.0070226832669522,0.0,-14.339571428571253,0.0,-1.0070226832669522,-1.0070226832669522,-2.0140453665339044
C,2026-01-28 01:00:00,2026-01-28 10:00:00,1,36,0,True,True,tp,81.9,1.4987790275303072,0.49877902753030723,122.75289285714226,40.85096428571378,1.4987790275303072,1.9975580550606145,3.4963370825909217
B,2026-01-28 01:00:00,2026-01-28 11:00:00,1,20,0,True,True,time,96.14,1.0939222742956127,0.09392227429561274,105.17000000000044,9.029714285715636,1.0939222742956127,1.1878445485912255,2.2817668228868384
A,2026-01-28 01:15:00,2026-01-28 20:15:00,1,76,0,True,True,tp,95.73,1.4989553657637544,0.49895536576375443,143.49092857142787,47.76364285714262,1.4989553657637544,1.9979107315275089,3.4968660972912633
C,2026-01-28 06:00:00,2026-01-28 09:45:00,1,15,0,True,True,tp,35.26,1.4971641032185532,0.4971641032185532,52.79332142857347,17.531107142858126,1.4971641032185532,1.9943282064371064,3.4914923096556594
C,2026-01-28 10:30:00,2026-01-28 13:00:00,1,10,0,True,False,stop,39.45,-1.0025346431403506,0.0,-39.55328571428581,0.0,-1.0025346431403506,-1.0025346431403506,-2.005069286280701
A,2026-01-28 11:00:00,2026-01-28 22:30:00,1,46,0,True,True,tp,50.88,1.4980344366695406,0.4980344366695405,76.21399999999849,25.33799999999919,1.4980344366695406,1.9960688733390812,3.494103310008622
B,2026-01-28 11:00:00,2026-01-28 21:00:00,1,20,0,True,True,time,43.74,0.17396785170767468,-1.0022860427294045,7.610000000000037,-43.843714285714306,0.17396785170767468,-0.8283181910217298,-0.6543503393140551
C,2026-01-29 02:15:00,2026-01-29 12:15:00,1,40,0,True,False,time,100.0,0.12490000000000145,0.0,12.490000000000146,0.0,0.12490000000000145,0.12490000000000145,0.2498000000000029
A,2026-01-29 02:45:00,2026-01-29 17:00:00,1,57,0,True,False,stop,100.0,-1.001,0.0,-100.1,0.0,-1.001,-1.001,-2.002
B,2026-01-29 03:00:00,2026-01-29 13:00:00,1,20,0,True,False,time,100.0,0.08380000000000473,0.0,8.380000000000473,0.0,0.08380000000000473,0.08380000000000473,0.16760000000000946
A,2026-01-29 04:45:00,2026-01-29 17:00:00,1,49,0,True,False,stop,100.0,-1.001,0.0,-100.1,0.0,-1.001,-1.001,-2.002
B,2026-01-29 05:00:00,2026-01-29 15:00:00,1,20,0,True,False,time,100.0,-0.02530000000000291,0.0,-2.530000000000291,0.0,-0.02530000000000291,-0.02530000000000291,-0.05060000000000582
B,2026-01-29 07:00:00,2026-01-29 17:00:00,1,20,0,True,False,stop,100.0,-1.001,0.0,-100.1,0.0,-1.001,-1.001,-2.002
B,2026-01-29 09:00:00,2026-01-29 10:30:00,1,3,0,True,False,stop,36.94,-1.0027071449289375,0.0,-37.03928571428569,0.0,-1.0027071449289375,-1.0027071449289375,-2.005414289857875
A,2026-01-29 09:15:00,2026-01-29 10:30:00,1,5,0,True,False,stop,35.28,-1.0028347770447854,0.0,-35.37614285714299,0.0,-1.0028347770447854,-1.0028347770447854,-2.005669554089571
B,2026-01-29 18:30:00,2026-01-29 19:00:00,-1,1,0,False,False,stop,100.0,-1.001,0.0,-100.1,0.0,-1.001,-1.001,-1.001
A,2026-01-29 18:30:00,2026-01-29 19:30:00,-1,4,0,False,False,stop,100.0,-1.001,0.0,-100.1,0.0,-1.001,-1.001,-1.001
B,2026-01-30 09:30:00,2026-01-30 11:00:00,-1,3,0,False,True,tp,66.9,1.9985053290357986,0.9985053290357986,133.70871428571482,66.80435714285741,1.9985053290357986,1.9985053290357986,1.9985053290357986
A,2026-01-30 12:15:00,2026-01-30 19:00:00,-1,27,0,True,True,tp,100.0,1.499,0.499,149.9,49.9,1.499,1.9980000000000002,3.4970000000000003
B,2026-01-30 12:30:00,2026-01-30 19:00:00,-1,13,0,True,True,tp,92.07,1.9989138572420508,0.9989138572420508,184.0378571428577,91.96892857142885,1.9989138572420508,2.9978277144841017,4.996741571726153
B,2026-01-30 17:00:00,2026-01-30 19:30:00,-1,5,0,True,True,tp,100.0,1.999,0.9990000000000001,199.9,99.9,1.999,2.998,4.997
A,2026-02-03 10:45:00,2026-02-04 04:00:00,1,65,1,False,True,tp,100.0,1.4920000000000002,0.492,149.20000000000002,49.199999999999996,1.4920000000000002,1.4920000000000002,1.4920000000000002
A,2026-02-04 08:00:00,2026-02-04 16:30:00,1,34,0,False,False,stop,50.46,-1.0019818518990389,0.0,-50.557857142857394,0.0,-1.0019818518990389,-1.0019818518990389,-1.0019818518990389
B,2026-02-04 08:00:00,2026-02-04 16:30:00,1,17,0,False,False,stop,46.78,-1.0021375090080737,0.0,-46.88342857142889,0.0,-1.0021375090080737,-1.0021375090080737,-1.0021375090080737
A,2026-02-04 10:30:00,2026-02-04 11:30:00,1,4,0,False,False,stop,29.92,-1.0033417513641507,0.0,-30.02442857142851,0.0,-1.0033417513641507,-1.0033417513641507,-1.0033417513641507
B,2026-02-04 10:30:00,2026-02-04 11:30:00,1,2,0,False,False,stop,34.44,-1.0029032753093026,0.0,-34.54385714285727,0.0,-1.0029032753093026,-1.0029032753093026,-1.0029032753093026
C,2026-02-04 19:15:00,2026-02-05 01:15:00,-1,20,3,True,False,stop,94.69,-1.0232330440266182,0.0,-96.89271428571482,0.0,-1.0232330440266182,-1.0232330440266182,-2.0464660880532364
B,2026-02-04 20:00:00,2026-02-05 07:00:00,-1,20,3,True,True,time,100.0,0.5545000000000054,-0.44549999999999457,55.45000000000054,-44.54999999999946,0.5545000000000054,0.10900000000001087,0.6635000000000163
A,2026-02-04 20:00:00,2026-02-05 01:15:00,-1,17,3,True,False,stop,100.0,-1.0219999999999998,0.0,-102.19999999999999,0.0,-1.0219999999999998,-1.0219999999999998,-2.0439999999999996
B,2026-02-06 03:00:00,2026-02-06 04:00:00,-1,2,0,False,False,stop,100.0,-1.001,0.0,-100.1,0.0,-1.001,-1.001,-1.001
C,2026-02-06 08:15:00,2026-02-06 15:15:00,1,28,0,False,True,tp,49.07,1.4979619614665236,0.49796196146652355,73.50017857142976,24.433392857143552,1.4979619614665236,1.4979619614665236,1.4979619614665236
B,2026-02-06 18:00:00,2026-02-06 23:30:00,1,11,0,True,False,flat,69.5,0.39479214731946005,0.0,27.439999999999962,0.0,0.39479214731946005,0.39479214731946005,0.7895842946389201
B,2026-02-11 07:00:00,2026-02-11 12:30:00,1,11,0,True,False,tp,23.85,1.9958079941551459,0.0,47.60985714285598,0.0,1.9958079941551459,1.9958079941551459,3.9916159883102917
C,2026-02-11 14:00:00,2026-02-11 14:30:00,1,2,0,True,False,stop,47.41,-1.0021093009625945,0.0,-47.509071428571225,0.0,-1.0021093009625945,-1.0021093009625945,-2.004218601925189
B,2026-02-12 19:30:00,2026-02-13 06:30:00,-1,20,1,True,False,time,100.0,-0.3638999999999924,0.0,-36.38999999999924,0.0,-0.3638999999999924,-0.3638999999999924,-0.7277999999999848
B,2026-02-12 21:30:00,2026-02-13 08:30:00,-1,20,1,True,False,time,100.0,-0.22480000000000294,0.0,-22.48000000000029,0.0,-0.22480000000000294,-0.22480000000000294,-0.4496000000000059
A,2026-02-12 23:45:00,2026-02-13 03:45:00,-1,12,0,True,False,stop,54.33,-1.0018405988782866,0.0,-54.430142857143075,0.0,-1.0018405988782866,-1.0018405988782866,-2.003681197756573
B,2026-02-13 01:00:00,2026-02-13 03:00:00,-1,4,0,True,False,stop,58.95,-1.0016962171933421,0.0,-59.054714285714546,0.0,-1.0016962171933421,-1.0016962171933421,-2.0033924343866842
C,2026-02-13 05:00:00,2026-02-13 15:00:00,1,40,0,False,False,time,58.91,-0.28553344117027035,0.0,-16.820000000000256,0.0,-0.28553344117027035,-0.28553344117027035,-0.28553344117027035
B,2026-02-17 08:30:00,2026-02-17 18:30:00,-1,20,0,True,True,time,63.04,0.6511428707390171,-0.34885712926098295,41.049999999999635,-21.99300000000003,0.6511428707390171,0.30228574147803416,0.9534286122170512
A,2026-02-17 08:30:00,2026-02-18 05:30:00,-1,80,1,True,True,time,63.78,-0.1668161696113732,-1.012542569143712,-10.640000000000144,-64.58278571428563,-0.1668161696113732,-1.1793587387550852,-1.3461749083664585
C,2026-02-18 08:00:00,2026-02-18 09:00:00,1,4,0,True,False,tp,9.74,1.4897284646255193,0.0,14.503464285713926,0.0,1.4897284646255193,1.4897284646255193,2.9794569292510387
B,2026-02-18 08:00:00,2026-02-18 18:00:00,1,20,0,True,True,time,48.7,1.3610874383387535,0.36108743833875334,66.28000000000011,17.58364285714324,1.3610874383387535,1.722174876677507,3.08326231501626
A,2026-02-18 08:15:00,2026-02-18 17:00:00,1,35,0,True,True,tp,48.17,1.497923899036235,0.4979238990362348,72.15082142857082,23.983607142856634,1.497923899036235,1.9958477980724698,3.4937716971087047
C,2026-02-18 15:45:00,2026-02-19 02:45:00,1,40,3,True,True,time,49.02,0.095879232966128,-0.904120767033872,4.699999999999637,-44.3200000000008,0.095879232966128,-0.808241534067744,-0.712362301101616
A,2026-02-18 18:15:00,2026-02-19 15:15:00,1,80,3,True,False,time,91.66,-0.16637418059742043,0.0,-15.250000000000181,0.0,-0.16637418059742043,-0.16637418059742043,-0.33274836119484086
B,2026-02-18 20:00:00,2026-02-19 07:00:00,1,20,3,True,False,time,40.63,-0.02978445827978555,0.0,-1.210000000000218,0.0,-0.02978445827978555,-0.02978445827978555,-0.0595689165595711
B,2026-02-19 04:00:00,2026-02-19 07:00:00,-1,6,0,False,False,stop,17.3,-1.0057805377551696,0.0,-17.39942857142851,0.0,-1.0057805377551696,-1.0057805377551696,-1.0057805377551696
C,2026-02-19 09:30:00,2026-02-19 12:00:00,1,10,0,False,False,stop,28.45,-1.0035154857145727,0.0,-28.545571428571385,0.0,-1.0035154857145727,-1.0035154857145727,-1.0035154857145727
B,2026-02-19 10:30:00,2026-02-19 15:00:00,1,9,0,False,False,stop,41.15,-1.0024300492952858,0.0,-41.25142857142928,0.0,-1.0024300492952858,-1.0024300492952858,-1.0024300492952858
B,2026-02-24 02:00:00,2026-02-24 03:00:00,1,2,0,True,False,stop,22.45,-1.0044543571567204,0.0,-22.549928571428246,0.0,-1.0044543571567204,-1.0044543571567204,-2.0089087143134408
A,2026-02-24 02:15:00,2026-02-24 03:00:00,1,3,0,True,False,stop,22.16,-1.0045120536289802,0.0,-22.26285714285732,0.0,-1.0045120536289802,-1.0045120536289802,-2.0090241072579604
C,2026-02-25 06:15:00,2026-02-25 07:45:00,1,6,0,True,True,tp,17.52,1.4942916556237382,0.49429165562373845,26.177321428570757,8.65910714285692,1.4942916556237382,1.9885833112474767,3.482874966871215
C,2026-02-25 23:45:00,2026-02-26 10:45:00,-1,40,0,False,False,time,43.57,-0.3068378716421813,0.0,-13.370000000000436,0.0,-0.3068378716421813,-0.3068378716421813,-0.3068378716421813
C,2026-02-27 16:00:00,2026-02-27 23:45:00,1,31,0,True,True,flat,49.92,1.0706717775039951,0.07067177750399521,53.44999999999927,3.528071428570365,1.0706717775039951,1.1413435550079902,2.2120153325119856
B,2026-02-27 16:30:00,2026-02-27 23:30:00,1,14,0,True,True,flat,56.47,0.9956920212591088,-0.004307978740891127,56.229999999999926,-0.24328571428541182,0.9956920212591088,0.9913840425182177,1.9870760637773266
B,2026-02-27 18:30:00,2026-02-27 23:30:00,1,10,0,True,True,flat,48.0,1.0593166745283356,0.059316674528335646,50.84999999999982,2.847357142857072,1.0593166745283356,1.1186333490566711,2.177950023585007
B,2026-03-03 07:00:00,2026-03-03 07:30:00,1,1,0,False,False,stop,27.76,-1.0036018884186424,0.0,-27.86321428571373,0.0,-1.0036018884186424,-1.0036018884186424,-1.0036018884186424
B,2026-03-03 12:30:00,2026-03-03 16:30:00,-1,8,0,False,True,tp,90.58,1.9988960505419604,0.9988960505419604,181.06771428571338,90.48385714285669,1.9988960505419604,1.9988960505419604,1.9988960505419604
B,2026-03-03 14:30:00,2026-03-03 16:30:00,-1,4,0,False,False,tp,100.0,1.999,0.0,199.9,0.0,1.999,1.999,1.999
A,2026-03-03 14:30:00,2026-03-03 16:45:00,-1,9,0,False,True,tp,100.0,1.499,0.499,149.9,49.9,1.499,1.499,1.499
C,2026-03-03 17:30:00,2026-03-04 03:00:00,-1,34,1,True,False,stop,100.0,-1.0079999999999998,0.0,-100.8,0.0,-1.0079999999999998,-1.0079999999999998,-2.0159999999999996
B,2026-03-03 18:00:00,2026-03-04 05:00:00,-1,20,1,True,False,time,100.0,-0.5052999999999956,0.0,-50.52999999999957,0.0,-0.5052999999999956,-0.5052999999999956,-1.0105999999999913
A,2026-03-03 19:00:00,2026-03-04 12:15:00,-1,65,1,True,False,stop,100.0,-1.0079999999999998,0.0,-100.8,0.0,-1.0079999999999998,-1.0079999999999998,-2.0159999999999996
C,2026-03-05 03:30:00,2026-03-05 08:00:00,1,18,0,False,False,stop,27.35,-1.0036562020939592,0.0,-27.45078571428585,0.0,-1.0036562020939592,-1.0036562020939592,-1.0036562020939592
B,2026-03-05 06:00:00,2026-03-05 08:00:00,1,4,0,False,False,stop,31.19,-1.00320625861682,0.0,-31.289000000000307,0.0,-1.00320625861682,-1.00320625861682,-1.00320625861682
A,2026-03-05 21:00:00,2026-03-06 03:45:00,-1,23,1,True,False,stop,52.06,-1.015367537996924,0.0,-52.85778571428528,0.0,-1.015367537996924,-1.015367537996924,-2.030735075993848
B,2026-03-05 21:00:00,2026-03-06 03:30:00,-1,11,1,True,False,stop,59.9,-1.0133557837698608,0.0,-60.69914285714258,0.0,-1.0133557837698608,-1.0133557837698608,-2.0267115675397216
B,2026-03-06 06:30:00,2026-03-06 13:30:00,1,14,0,False,False,stop,62.61,-1.0015971288187064,0.0,-62.71235714285704,0.0,-1.0015971288187064,-1.0015971288187064,-1.0015971288187064
B,2026-03-06 15:00:00,2026-03-06 15:30:00,-1,1,0,True,False,stop,32.28,-1.0030974342182408,0.0,-32.384785714286046,0.0,-1.0030974342182408,-1.0030974342182408,-2.0061948684364816
B,2026-03-09 23:30:00,2026-03-10 10:30:00,1,20,0,False,False,time,52.73,0.7750239071130501,0.0,40.869999999999344,0.0,0.7750239071130501,0.7750239071130501,0.7750239071130501
C,2026-03-09 23:45:00,2026-03-10 10:45:00,1,40,0,False,True,time,36.78,1.1110550148741007,0.11105501487410085,40.869999999999344,4.085142857141728,1.1110550148741007,1.1110550148741007,1.1110550148741007
B,2026-03-10 03:30:00,2026-03-10 04:00:00,1,1,0,False,False,tp,14.96,1.9933167844185604,0.0,29.825714285715,0.0,1.9933167844185604,1.9933167844185604,1.9933167844185604
B,2026-03-10 06:00:00,2026-03-10 16:00:00,1,20,0,False,True,time,44.09,1.2416594985736449,0.241659498573645,54.74999999999945,10.655785714284685,1.2416594985736449,1.2416594985736449,1.2416594985736449
A,2026-03-10 07:30:00,2026-03-10 16:15:00,1,35,0,False,True,tp,38.63,1.4974112090947922,0.49741120909479225,57.84210714285691,19.214035714285636,1.4974112090947922,1.4974112090947922,1.4974112090947922
B,2026-03-10 13:00:00,2026-03-10 13:30:00,1,1,0,True,False,stop,16.28,-1.0061430991057403,0.0,-16.378428571428778,0.0,-1.0061430991057403,-1.0061430991057403,-2.0122861982114806
B,2026-03-10 17:30:00,2026-03-11 04:30:00,1,20,1,True,False,time,51.93,0.020603866594775762,0.0,1.0699999999998908,0.0,0.020603866594775762,0.020603866594775762,0.041207733189551524
B,2026-03-10 20:30:00,2026-03-10 21:00:00,1,1,0,True,False,stop,44.01,-1.0022720412343027,0.0,-44.113285714286214,0.0,-1.0022720412343027,-1.0022720412343027,-2.0045440824686054
C,2026-03-12 13:30:00,2026-03-12 14:15:00,1,3,0,True,False,stop,8.23,-1.0121504573779314,0.0,-8.33014285714271,0.0,-1.0121504573779314,-1.0121504573779314,-2.024300914755863
C,2026-03-12 18:45:00,2026-03-12 23:15:00,-1,18,0,False,True,tp,40.54,1.497533157012794,0.4975331570127941,60.70646428571526,20.168821428571754,1.497533157012794,1.497533157012794,1.497533157012794
C,2026-03-13 01:00:00,2026-03-13 02:45:00,-1,7,0,True,False,stop,18.77,-1.0053268801984645,0.0,-18.872714285713847,0.0,-1.0053268801984645,-1.0053268801984645,-2.010653760396929
B,2026-03-13 01:00:00,2026-03-13 11:00:00,-1,20,0,True,False,time,46.8,0.46427018076655374,0.0,21.729999999999926,0.0,0.46427018076655374,0.46427018076655374,0.9285403615331075
A,2026-03-13 01:15:00,2026-03-13 19:00:00,-1,71,0,True,True,tp,46.11,1.4978315081860567,0.49783150818605654,69.07249999999968,22.95749999999989,1.4978315081860567,1.9956630163721132,3.49349452455817
C,2026-03-13 05:30:00,2026-03-13 07:30:00,1,8,0,False,False,stop,14.65,-1.0068237094659471,0.0,-14.754785714285935,0.0,-1.0068237094659471,-1.0068237094659471,-1.0068237094659471
C,2026-03-13 10:30:00,2026-03-13 15:00:00,-1,18,0,True,True,stop,22.55,-1.0044342246124804,-1.0044342246124804,-22.651857142857445,-22.651857142857445,-1.0044342246124804,-2.008868449224961,-3.0133026738374413
A,2026-03-18 16:45:00,2026-03-19 10:45:00,-1,68,3,True,True,tp,100.0,1.4780000000000002,0.478,147.8,47.8,1.4780000000000002,1.9560000000000002,3.434
C,2026-03-18 16:45:00,2026-03-19 03:45:00,-1,40,3,True,False,time,86.22,0.4027847501462022,0.0,34.72999999999938,0.0,0.4027847501462022,0.4027847501462022,0.8055695002924044
B,2026-03-18 17:30:00,2026-03-19 04:30:00,-1,20,3,True,False,time,100.0,0.17400000000000362,0.0,17.40000000000036,0.0,0.17400000000000362,0.17400000000000362,0.34800000000000725
C,2026-03-19 01:00:00,2026-03-19 11:00:00,-1,40,0,True,True,tp,61.77,1.4980573071270304,0.49805730712703056,92.53489285714375,30.764964285714886,1.4980573071270304,1.996114614254061,3.4941719213810916
B,2026-03-19 01:30:00,2026-03-19 11:30:00,-1,20,0,True,True,tp,66.91,1.9980571642069869,0.9980571642069868,133.6949999999989,66.78249999999946,1.9980571642069869,2.9961143284139737,4.994171492620961
A,2026-03-19 01:30:00,2026-03-19 11:00:00,-1,38,0,True,True,tp,72.88,1.4982161916868715,0.4982161916868714,109.1866785714293,36.3088928571434,1.4982161916868715,1.996432383373743,3.4946485750606144
C,2026-03-19 05:15:00,2026-03-19 08:45:00,1,14,0,False,False,stop,25.51,-1.0043126745022921,0.0,-25.616214285714122,0.0,-1.0043126745022921,-1.0043126745022921,-1.0043126745022921
C,2026-03-19 12:15:00,2026-03-19 15:30:00,-1,13,0,True,True,tp,78.25,1.498721986398284,0.4987219863982838,117.26964285714294,39.02321428571431,1.498721986398284,1.9974439727965678,3.4961659591948515
A,2026-03-19 12:45:00,2026-03-19 15:45:00,-1,12,0,True,True,tp,100.0,1.499,0.499,149.9,49.9,1.499,1.9980000000000002,3.4970000000000003
B,2026-03-19 16:30:00,2026-03-20 03:30:00,-1,20,1,True,False,time,100.0,-0.2807999999999975,0.0,-28.079999999999746,0.0,-0.2807999999999975,-0.2807999999999975,-0.561599999999995
A,2026-03-19 16:45:00,2026-03-20 06:00:00,-1,49,1,True,False,stop,100.0,-1.0079999999999998,0.0,-100.8,0.0,-1.0079999999999998,-1.0079999999999998,-2.0159999999999996
C,2026-03-20 07:00:00,2026-03-20 09:30:00,1,10,0,False,False,stop,50.64,-1.0021722173402186,0.0,-50.749500000000225,0.0,-1.0021722173402186,-1.0021722173402186,-1.0021722173402186
B,2026-03-20 08:00:00,2026-03-20 16:30:00,1,17,0,False,False,stop,82.67,-1.001451628372768,0.0,-82.78578571428545,0.0,-1.001451628372768,-1.001451628372768,-1.001451628372768
A,2026-03-20 18:30:00,2026-03-20 23:45:00,-1,21,0,True,False,flat,100.0,0.6461999999999936,0.0,64.61999999999935,0.0,0.6461999999999936,0.6461999999999936,1.2923999999999871
B,2026-03-24 08:30:00,2026-03-24 09:00:00,-1,1,0,False,False,stop,35.94,-1.0027825367990493,0.0,-36.03842857142863,0.0,-1.0027825367990493,-1.0027825367990493,-1.0027825367990493
B,2026-03-24 14:30:00,2026-03-24 15:30:00,1,2,0,False,False,stop,36.57,-1.0027341346951928,0.0,-36.67464285714377,0.0,-1.0027341346951928,-1.0027341346951928,-1.0027341346951928
C,2026-03-25 05:30:00,2026-03-25 09:00:00,1,14,0,False,False,stop,56.84,-1.0017593310520674,0.0,-56.93978571428634,0.0,-1.0017593310520674,-1.0017593310520674,-1.0017593310520674
A,2026-03-25 05:45:00,2026-03-26 02:45:00,1,80,3,False,False,time,100.0,-0.8760999999999942,0.0,-87.60999999999942,0.0,-0.8760999999999942,-0.8760999999999942,-0.8760999999999942
B,2026-03-25 06:00:00,2026-03-25 16:00:00,1,20,0,False,False,time,100.0,-0.06600000000000474,0.0,-6.600000000000473,0.0,-0.06600000000000474,-0.06600000000000474,-0.06600000000000474
C,2026-03-26 09:30:00,2026-03-26 19:30:00,-1,40,0,False,True,time,78.6,0.8382067871193607,-0.16179321288063933,65.87999999999957,-12.71635714285694,0.8382067871193607,0.8382067871193607,0.8382067871193607
B,2026-03-26 10:00:00,2026-03-26 20:00:00,-1,20,0,False,False,time,84.19,0.7739735034722087,0.0,65.16000000000022,0.0,0.7739735034722087,0.7739735034722087,0.7739735034722087
B,2026-03-26 13:00:00,2026-03-26 23:00:00,-1,20,0,False,True,time,56.42,0.6592830676410784,-0.3407169323589217,37.20000000000018,-19.22492857142843,0.6592830676410784,0.6592830676410784,0.6592830676410784
C,2026-03-27 09:15:00,2026-03-27 11:30:00,1,9,0,True,False,stop,33.33,-1.003000505799549,0.0,-33.42771428571414,0.0,-1.003000505799549,-1.003000505799549,-2.006001011599098
B,2026-03-27 10:30:00,2026-03-27 13:30:00,1,6,0,True,False,stop,28.14,-1.0035540211210399,0.0,-28.237142857142864,0.0,-1.0035540211210399,-1.0035540211210399,-2.0071080422420797
C,2026-03-27 14:30:00,2026-03-27 15:45:00,-1,5,0,False,False,stop,17.51,-1.0057116047569508,0.0,-17.60821428571453,0.0,-1.0057116047569508,-1.0057116047569508,-1.0057116047569508
C,2026-03-27 18:45:00,2026-03-27 23:45:00,1,20,0,True,False,flat,100.0,-0.2840000000000018,0.0,-28.400000000000183,0.0,-0.2840000000000018,-0.2840000000000018,-0.5680000000000036
C,2026-03-31 23:15:00,2026-04-01 01:30:00,1,5,1,True,False,tp,17.11,1.4532571814915147,0.0,24.872392857143677,0.0,1.4532571814915147,1.4532571814915147,2.9065143629830295
A,2026-04-01 01:00:00,2026-04-01 14:30:00,1,54,0,True,True,tp,60.94,1.498359014752465,0.4983590147524648,91.30849999999955,30.36950000000015,1.498359014752465,1.9967180295049298,3.495077044257395
B,2026-04-01 01:00:00,2026-04-01 11:00:00,1,20,0,True,True,time,61.6,0.9093660248108282,-0.09063397518917181,56.0200000000008,-5.583357142855311,0.9093660248108282,0.8187320496216564,1.7280980744324845
B,2026-04-01 04:30:00,2026-04-01 14:30:00,1,20,0,True,True,tp,33.0,1.9969693033727325,0.9969693033727323,65.89142857142761,32.8957142857138,1.9969693033727325,2.9939386067454645,4.990907910118198
A,2026-04-01 04:45:00,2026-04-01 10:30:00,1,23,0,True,True,tp,32.74,1.496945765522042,0.496945765522042,49.012142857142315,16.2707142857138,1.496945765522042,1.993891531044084,3.490837296566126
C,2026-04-01 20:45:00,2026-04-01 21:00:00,1,1,0,True,False,stop,5.67,-1.0176389063878053,0.0,-5.769285714285251,0.0,-1.0176389063878053,-1.0176389063878053,-2.0352778127756106
C,2026-04-02 06:15:00,2026-04-02 16:15:00,-1,40,0,False,True,time,97.68,0.9606312456351428,-0.03936875436485724,93.8300000000003,-3.8453571428568467,0.9606312456351428,0.9606312456351428,0.9606312456351428
A,2026-04-02 10:00:00,2026-04-02 23:45:00,-1,55,0,False,False,flat,84.23,-0.6486170181189066,0.0,-54.630000000000656,0.0,-0.6486170181189066,-0.6486170181189066,-0.6486170181189066
B,2026-04-02 10:00:00,2026-04-02 20:00:00,-1,20,0,False,False,time,82.34,-0.3797694560495204,0.0,-31.270000000000074,0.0,-0.3797694560495204,-0.3797694560495204,-0.3797694560495204
A,2026-04-02 13:00:00,2026-04-02 17:30:00,-1,18,0,False,False,stop,57.02,-1.001753695914139,0.0,-57.122428571428465,0.0,-1.001753695914139,-1.001753695914139,-1.001753695914139
C,2026-04-15 05:15:00,2026-04-15 15:15:00,1,40,0,True,False,time,100.0,-0.21850000000000253,0.0,-21.850000000000254,0.0,-0.21850000000000253,-0.21850000000000253,-0.43700000000000505
B,2026-04-15 05:30:00,2026-04-15 15:30:00,1,20,0,True,False,time,100.0,-0.1238999999999931,0.0,-12.38999999999931,0.0,-0.1238999999999931,-0.1238999999999931,-0.2477999999999862
A,2026-04-15 05:30:00,2026-04-16 02:30:00,1,80,3,True,False,time,100.0,-0.07240000000000218,0.0,-7.240000000000218,0.0,-0.07240000000000218,-0.07240000000000218,-0.14480000000000437
A,2026-04-15 08:30:00,2026-04-16 05:30:00,1,80,3,True,False,time,100.0,-0.01809999999999927,0.0,-1.8099999999999268,0.0,-0.01809999999999927,-0.01809999999999927,-0.03619999999999854
C,2026-04-15 10:00:00,2026-04-15 12:45:00,-1,11,0,False,True,tp,15.44,1.491582374787825,0.49158237478782496,23.035678571428544,7.591892857142848,1.491582374787825,1.491582374787825,1.491582374787825
B,2026-04-15 14:00:00,2026-04-15 16:30:00,-1,5,0,False,False,stop,18.43,-1.0070536894283797,0.0,-18.560071428571863,0.0,-1.0070536894283797,-1.0070536894283797,-1.0070536894283797
A,2026-04-15 14:15:00,2026-04-15 16:30:00,-1,9,0,False,False,stop,18.16,-1.00715957593281,0.0,-18.287500000000254,0.0,-1.00715957593281,-1.00715957593281,-1.00715957593281
C,2026-04-17 16:45:00,2026-04-17 23:45:00,1,28,0,True,False,flat,92.46,-0.5185874151588431,0.0,-47.94999999999971,0.0,-0.5185874151588431,-0.5185874151588431,-1.0371748303176862
B,2026-04-17 18:00:00,2026-04-17 23:30:00,1,11,0,True,False,flat,85.73,-0.39345076366374454,0.0,-33.72999999999946,0.0,-0.39345076366374454,-0.39345076366374454,-0.7869015273274891
A,2026-04-17 19:00:00,2026-04-17 23:45:00,1,19,0,True,False,flat,89.04,-0.43912390208996244,0.0,-39.09999999999935,0.0,-0.43912390208996244,-0.43912390208996244,-0.8782478041799249
C,2026-04-21 08:30:00,2026-04-21 08:45:00,-1,1,0,True,False,tp,6.54,1.4801342574905874,0.0,9.685892857143807,0.0,1.4801342574905874,1.4801342574905874,2.9602685149811747
B,2026-04-21 10:30:00,2026-04-21 17:30:00,-1,14,0,True,True,tp,22.72,1.9942787625780776,-1.0057212374219222,45.31471428571523,-22.852357142857617,1.9942787625780776,0.9885575251561554,2.9828362877342327
B,2026-04-21 21:30:00,2026-04-22 08:30:00,-1,20,1,True,False,time,75.55,-0.7839014100354367,0.0,-59.22000000000033,0.0,-0.7839014100354367,-0.7839014100354367,-1.5678028200708733
C,2026-04-21 21:45:00,2026-04-21 22:30:00,-1,3,0,True,False,tp,19.63,1.4933759890521838,0.0,29.30835714285615,0.0,1.4933759890521838,1.4933759890521838,2.9867519781043677
C,2026-04-22 05:30:00,2026-04-22 15:30:00,1,40,0,False,True,time,16.25,-0.30158751093586933,-1.0080013013105427,-4.9000000000004365,-16.377357142857253,-0.30158751093586933,-0.30158751093586933,-0.30158751093586933
A,2026-04-22 09:30:00,2026-04-22 13:00:00,1,14,0,False,False,stop,16.42,-1.0079171741778319,0.0,-16.55000000000007,0.0,-1.0079171741778319,-1.0079171741778319,-1.0079171741778319
B,2026-04-22 10:00:00,2026-04-22 13:00:00,1,6,0,False,False,stop,15.96,-1.008145181140773,0.0,-16.09035714285699,0.0,-1.008145181140773,-1.008145181140773,-1.008145181140773
B,2026-04-22 20:00:00,2026-04-23 07:00:00,-1,20,3,False,True,time,26.83,1.0237557765615408,-1.3190152692889252,27.46999999999982,-35.39257142857103,1.0237557765615408,1.0237557765615408,1.0237557765615408
B,2026-04-24 02:00:00,2026-04-24 12:00:00,-1,20,0,True,True,time,29.31,0.3742759035821692,-1.0044353571071722,10.970000000000363,-29.439928571428826,0.3742759035821692,-0.630159453525003,-0.2558835499428338
B,2026-04-24 19:00:00,2026-04-24 23:30:00,1,9,0,False,False,flat,35.15,-0.45751726969173495,0.0,-16.080000000000727,0.0,-0.45751726969173495,-0.45751726969173495,-0.45751726969173495
C,2026-04-28 09:15:00,2026-04-28 14:30:00,-1,21,0,True,False,tp,40.64,1.4968009843125079,0.0,60.82624999999927,0.0,1.4968009843125079,1.4968009843125079,2.9936019686250157
A,2026-04-28 09:45:00,2026-04-29 06:45:00,-1,80,1,True,True,time,51.75,0.6326578780647287,-0.3673421219352711,32.74000000000061,-19.009928571426897,0.6326578780647287,0.2653157561294576,0.8979736341941864
B,2026-04-28 10:30:00,2026-04-28 20:30:00,-1,20,0,True,True,time,43.97,0.8707234154526334,-0.1292765845473665,38.29000000000007,-5.684928571428718,0.8707234154526334,0.7414468309052669,1.6121702463579004
A,2026-04-28 11:45:00,2026-04-28 14:45:00,-1,12,0,True,True,tp,42.9,1.4969697776949,0.4969697776948999,64.22171428571448,21.320571428571494,1.4969697776949,1.9939395553898,3.4909093330847
B,2026-04-28 16:00:00,2026-04-29 03:00:00,-1,20,1,True,False,time,55.53,-0.3442900432677714,0.0,-19.119999999999962,0.0,-0.3442900432677714,-0.3442900432677714,-0.6885800865355428
A,2026-04-28 16:00:00,2026-04-29 13:00:00,-1,80,1,True,False,time,60.75,0.12098438255049171,0.0,7.349999999999381,0.0,0.12098438255049171,0.12098438255049171,0.24196876510098342
C,2026-04-29 11:30:00,2026-04-29 16:15:00,-1,19,0,True,True,tp,21.92,1.4940701159911378,0.4940701159911378,32.754285714286304,10.831428571428768,1.4940701159911378,1.9881402319822756,3.4822103479734134
B,2026-04-29 17:30:00,2026-04-30 04:00:00,-1,19,3,True,False,stop,38.73,-1.057574706962815,0.0,-40.96228571428536,0.0,-1.057574706962815,-1.057574706962815,-2.11514941392563
A,2026-04-29 17:30:00,2026-04-30 04:15:00,-1,39,3,True,False,stop,39.06,-1.0570971877531836,0.0,-41.28621428571431,0.0,-1.0570971877531836,-1.0570971877531836,-2.1141943755063672
C,2026-04-30 05:00:00,2026-04-30 07:00:00,1,8,0,False,False,stop,26.36,-1.0049312470365102,0.0,-26.49250000000018,0.0,-1.0049312470365102,-1.0049312470365102,-1.0049312470365102
C,2026-04-30 11:45:00,2026-04-30 21:45:00,1,40,0,False,False,time,47.96,0.12469299637031263,0.0,5.979999999999673,0.0,0.12469299637031263,0.12469299637031263,0.12469299637031263
B,2026-04-30 14:30:00,2026-05-01 01:30:00,1,20,1,False,False,time,46.89,-0.013222576483007082,0.0,-0.6199999999999636,0.0,-0.013222576483007082,-0.013222576483007082,-0.013222576483007082
A,2026-04-30 15:30:00,2026-05-01 09:30:00,1,68,1,False,False,stop,33.4,-1.0248498742536485,0.0,-34.23057142857132,0.0,-1.0248498742536485,-1.0248498742536485,-1.0248498742536485
C,2026-05-01 10:00:00,2026-05-01 12:00:00,-1,8,0,True,True,tp,20.82,1.4937562394722308,0.4937562394722308,31.101178571429156,10.28039285714305,1.4937562394722308,1.9875124789444616,3.4812687184166924
A,2026-05-01 12:30:00,2026-05-01 16:45:00,-1,17,0,True,False,stop,46.55,-1.002792533195855,0.0,-46.682714285713594,0.0,-1.002792533195855,-1.002792533195855,-2.00558506639171
B,2026-05-01 13:00:00,2026-05-01 16:30:00,-1,7,0,True,False,stop,44.36,-1.0029308889933846,0.0,-44.48514285714271,0.0,-1.0029308889933846,-1.0029308889933846,-2.005861777986769
C,2026-05-01 17:45:00,2026-05-01 23:45:00,1,24,0,False,False,flat,47.12,-0.35379689650781143,0.0,-16.669999999999963,0.0,-0.35379689650781143,-0.35379689650781143,-0.35379689650781143
C,2026-05-05 23:00:00,2026-05-06 01:45:00,-1,7,1,False,True,stop,9.34,-1.0888759713638816,-1.0888759713638816,-10.168857142857705,-10.168857142857705,-1.0888759713638816,-1.0888759713638816,-1.0888759713638816
C,2026-05-06 06:45:00,2026-05-06 10:45:00,1,16,0,True,True,tp,24.19,1.494626687648172,0.4946266876481719,36.16046428571382,11.966821428571274,1.494626687648172,1.989253375296344,3.483880062944516
A,2026-05-06 08:30:00,2026-05-06 13:30:00,1,20,0,True,True,tp,41.26,1.496849030470914,0.49684903047091417,61.75571428571413,20.498571428571378,1.496849030470914,1.9936980609418282,3.4905470914127426
A,2026-05-06 10:00:00,2026-05-06 12:00:00,1,8,0,True,True,tp,32.56,1.496006810362985,0.4960068103629853,48.70314285714186,16.147714285713956,1.496006810362985,1.9920136207259704,3.4880204310889553
A,2026-05-06 13:00:00,2026-05-07 10:00:00,1,80,3,True,False,time,54.66,0.8912804577665164,0.0,48.720000000000724,0.0,0.8912804577665164,0.8912804577665164,1.7825609155330329
B,2026-05-06 14:30:00,2026-05-07 01:30:00,1,20,3,True,False,time,36.23,0.013802568066366233,0.0,0.4999999999995639,0.0,0.013802568066366233,0.013802568066366233,0.027605136132732466
A,2026-05-06 14:30:00,2026-05-07 11:30:00,1,80,3,True,True,time,43.43,0.7679718404842643,-0.2320281595157356,33.35000000000083,-10.076071428570213,0.7679718404842643,0.5359436809685286,1.3039155214527929
B,2026-05-07 12:00:00,2026-05-07 20:00:00,1,16,0,True,False,stop,44.48,-1.0029226524837729,0.0,-44.6101428571418,0.0,-1.0029226524837729,-1.0029226524837729,-2.0058453049675458
C,2026-05-12 03:30:00,2026-05-12 04:15:00,1,3,0,True,False,stop,21.27,-1.0061119973134076,0.0,-21.39964285714348,0.0,-1.0061119973134076,-1.0061119973134076,-2.0122239946268152
C,2026-05-12 08:45:00,2026-05-12 10:00:00,-1,5,0,False,True,tp,16.79,1.4922591730925725,0.49225917309257244,25.06110714285762,8.267035714286175,1.4922591730925725,1.4922591730925725,1.4922591730925725
B,2026-05-12 11:00:00,2026-05-12 18:00:00,-1,14,0,False,True,tp,28.63,1.9954593650595644,0.9954593650595647,57.13071428571413,28.500357142857066,1.9954593650595644,1.9954593650595644,1.9954593650595644
A,2026-05-12 11:45:00,2026-05-12 18:15:00,-1,26,0,False,True,tp,27.82,1.4953277505943,0.49532775059429984,41.605785714286064,13.781928571428688,1.4953277505943,1.4953277505943,1.4953277505943
B,2026-05-12 15:00:00,2026-05-12 15:30:00,-1,1,0,False,False,stop,13.12,-1.0099105869027785,0.0,-13.247285714285573,0.0,-1.0099105869027785,-1.0099105869027785,-1.0099105869027785
C,2026-05-12 23:30:00,2026-05-13 10:30:00,1,40,1,False,False,time,35.4,-0.3378053947182605,0.0,-11.959999999999926,0.0,-0.3378053947182605,-0.3378053947182605,-0.3378053947182605
B,2026-05-13 03:30:00,2026-05-13 05:30:00,1,4,0,False,False,stop,19.47,-1.0066784334303294,0.0,-19.595642857143392,0.0,-1.0066784334303294,-1.0066784334303294,-1.0066784334303294
C,2026-05-14 23:45:00,2026-05-15 03:30:00,-1,11,0,True,True,tp,22.65,1.492053631679502,0.4920536316795019,33.797785714286256,11.145928571428449,1.492053631679502,1.9841072633590038,3.4761608950385057
B,2026-05-15 02:00:00,2026-05-15 03:30:00,-1,3,0,True,True,tp,18.7,1.9930498273913175,0.9930498273913176,37.279142857142794,18.5745714285714,1.9930498273913175,2.986099654782635,4.979149482173953
A,2026-05-15 05:30:00,2026-05-15 12:15:00,-1,27,0,True,True,tp,48.88,1.4973404877136378,0.49734048771363776,73.19171428571383,24.310571428571276,1.4973404877136378,1.9946809754272756,3.4920214631409134
B,2026-05-15 05:30:00,2026-05-15 15:30:00,-1,20,0,True,True,time,48.59,1.4833709206491144,0.48337092064911424,72.06999999999982,23.4847142857144,1.4833709206491144,1.9667418412982287,3.450112761947343
C,2026-05-15 09:30:00,2026-05-15 19:30:00,-1,40,0,True,True,time,54.25,0.37421966246493316,-0.6257803375350669,20.300000000000292,-33.946214285713616,0.37421966246493316,-0.25156067507013374,0.12265898739479941
B,2026-05-15 10:00:00,2026-05-15 20:00:00,-1,20,0,True,True,time,43.44,0.5500136492055387,-0.44998635079446125,23.889999999999528,-19.545285714286255,0.5500136492055387,0.10002729841107749,0.6500409476166162
A,2026-05-15 10:45:00,2026-05-15 23:45:00,-1,52,0,True,True,flat,52.91,0.6047728456992381,-0.39522715430076194,32.00000000000011,-20.91242857142777,0.6047728456992381,0.20954569139847612,0.8143185370977142
A,2026-05-15 13:00:00,2026-05-15 23:45:00,-1,43,0,True,True,flat,35.7,0.6243422658466546,-1.0036412963014834,22.290000000000074,-35.83157142857079,0.6243422658466546,-0.3792990304548287,0.24504323539182593
B,2026-05-15 14:30:00,2026-05-15 23:30:00,-1,18,0,True,True,flat,38.71,0.34233113663164577,-1.0033587205858199,13.250000000000108,-38.83521428571465,0.34233113663164577,-0.6610275839541742,-0.31869644732252833
C,2026-05-19 02:45:00,2026-05-19 04:00:00,1,5,0,False,False,stop,20.76,-1.006263227627028,0.0,-20.886071428571885,0.0,-1.006263227627028,-1.006263227627028,-1.006263227627028
C,2026-05-19 07:45:00,2026-05-19 16:00:00,-1,33,0,True,False,tp,18.27,1.492885316779316,0.0,27.278107142857262,0.0,1.492885316779316,1.492885316779316,2.985770633558632
B,2026-05-19 12:30:00,2026-05-19 16:00:00,-1,7,0,True,False,tp,18.76,1.99306994029487,0.0,37.387714285713734,0.0,1.99306994029487,1.99306994029487,3.98613988058974
B,2026-05-20 02:00:00,2026-05-20 12:00:00,-1,20,0,True,True,time,23.07,0.5140318561057786,-1.0056344132625419,11.86000000000069,-23.202500000000217,0.5140318561057786,-0.49160255715676326,0.022429298949015353
B,2026-05-20 15:30:00,2026-05-20 17:00:00,1,3,0,False,False,stop,24.56,-1.0052937754508435,0.0,-24.687142857142934,0.0,-1.0052937754508435,-1.0052937754508435,-1.0052937754508435
B,2026-05-20 19:00:00,2026-05-21 06:00:00,1,20,3,False,False,time,60.53,0.12489320828278758,0.0,7.559999999999963,0.0,0.12489320828278758,0.12489320828278758,0.12489320828278758
B,2026-05-20 23:30:00,2026-05-21 08:00:00,1,15,0,False,True,stop,22.81,-1.0078923879171298,-1.0078923879171298,-22.98678571428598,-22.98678571428598,-1.0078923879171298,-1.0078923879171298,-1.0078923879171298
C,2026-05-21 21:30:00,2026-05-22 08:30:00,1,40,1,False,False,time,32.08,-0.37559333505508224,0.0,-12.050000000000255,0.0,-0.37559333505508224,-0.37559333505508224,-0.37559333505508224
C,2026-05-26 06:00:00,2026-05-26 12:30:00,-1,26,0,False,True,tp,15.28,1.4914897994491751,-1.0085102005508249,22.783678571429046,-15.405785714286031,1.4914897994491751,1.4914897994491751,1.4914897994491751
B,2026-05-26 07:00:00,2026-05-26 17:00:00,-1,20,0,False,False,time,37.0,0.39914912016555537,0.0,14.770000000000545,0.0,0.39914912016555537,0.39914912016555537,0.39914912016555537
A,2026-05-26 08:45:00,2026-05-26 20:45:00,-1,48,0,True,True,tp,23.53,1.4944742323130082,-1.0055257676870109,35.15921428571357,-23.656142857142076,1.4944742323130082,0.4889484646259974,1.9834226969390056
B,2026-05-26 09:00:00,2026-05-26 19:00:00,-1,20,0,True,True,time,16.06,1.3848500887324935,-1.0080948971014039,22.239999999999892,-16.189500000000297,1.3848500887324935,0.3767551916310896,1.761605280363583
B,2026-05-26 12:30:00,2026-05-26 13:30:00,-1,2,0,True,False,stop,17.34,-1.0074970856109502,0.0,-17.470071428572627,0.0,-1.0074970856109502,-1.0074970856109502,-2.0149941712219004
B,2026-05-27 15:00:00,2026-05-28 02:00:00,-1,20,3,True,True,time,45.53,0.039532016226966005,-1.0489757756589457,1.8000000000006553,-47.76271428571407,0.039532016226966005,-1.0094437594319796,-0.9699117432050137
B,2026-05-27 17:30:00,2026-05-28 04:30:00,-1,20,3,True,False,time,58.76,0.3699530447952476,0.0,21.740000000000258,0.0,0.3699530447952476,0.3699530447952476,0.7399060895904952
A,2026-05-28 08:00:00,2026-05-28 17:00:00,-1,36,0,True,False,stop,84.6,-1.0015367143864329,0.0,-84.72607142857203,0.0,-1.0015367143864329,-1.0015367143864329,-2.0030734287728658
B,2026-05-28 08:00:00,2026-05-28 17:00:00,-1,18,0,True,False,stop,81.78,-1.0015896418240005,0.0,-81.90942857142807,0.0,-1.0015896418240005,-1.0015896418240005,-2.003179283648001
C,2026-05-28 08:00:00,2026-05-28 13:00:00,-1,20,0,True,False,stop,27.99,-1.0046451678768773,0.0,-28.116071428572358,0.0,-1.0046451678768773,-1.0046451678768773,-2.0092903357537546
C,2026-05-28 20:15:00,2026-05-29 07:15:00,1,40,1,False,False,time,34.7,0.1835681968819599,0.0,6.3700000000007275,0.0,0.1835681968819599,0.1835681968819599,0.1835681968819599
B,2026-05-28 21:00:00,2026-05-29 08:00:00,1,20,1,False,False,time,89.99,0.03156018939287756,0.0,2.839999999999163,0.0,0.03156018939287756,0.03156018939287756,0.03156018939287756
A,2026-05-28 21:00:00,2026-05-29 18:00:00,1,80,1,False,False,time,90.38,0.9020022540572297,0.0,81.52000000000037,0.0,0.9020022540572297,0.9020022540572297,0.9020022540572297
C,2026-06-02 10:30:00,2026-06-02 15:45:00,1,21,0,True,False,stop,16.45,-1.0079035935294756,0.0,-16.57821428571413,0.0,-1.0079035935294756,-1.0079035935294756,-2.015807187058951
B,2026-06-02 11:00:00,2026-06-02 17:00:00,1,12,0,True,False,stop,39.2,-1.0033163507022647,0.0,-39.32971428571444,0.0,-1.0033163507022647,-1.0033163507022647,-2.0066327014045293
B,2026-06-02 22:00:00,2026-06-03 09:00:00,-1,20,1,False,True,time,20.0,1.3088457431802645,-1.0414951095049507,26.18000000000022,-20.83235714285736,1.3088457431802645,1.3088457431802645,1.3088457431802645
A,2026-06-02 22:00:00,2026-06-03 10:30:00,-1,46,1,False,True,tp,21.8,1.4619242351260384,-1.0380757648739614,31.867964285713168,-22.62864285714211,1.4619242351260384,1.4619242351260384,1.4619242351260384
B,2026-06-03 01:00:00,2026-06-03 02:00:00,-1,2,0,False,True,tp,3.75,1.9653518123667415,0.9653518123667415,7.374000000000815,3.6220000000004076,1.9653518123667415,1.9653518123667415,1.9653518123667415
B,2026-06-04 07:00:00,2026-06-04 17:00:00,1,20,0,False,True,time,32.72,0.3449984393655341,-0.6550015606344659,11.290000000000072,-21.43478571428557,0.3449984393655341,0.3449984393655341,0.3449984393655341
C,2026-06-04 15:30:00,2026-06-04 17:45:00,1,9,0,False,False,stop,38.78,-1.0033519223827378,0.0,-38.91371428571518,0.0,-1.0033519223827378,-1.0033519223827378,-1.0033519223827378
C,2026-06-05 05:15:00,2026-06-05 14:45:00,-1,38,0,True,True,stop,19.71,-1.0065942028985508,-1.0065942028985508,-19.844285714285324,-19.844285714285324,-1.0065942028985508,-2.0131884057971017,-3.0197826086956523
A,2026-06-05 07:00:00,2026-06-05 14:45:00,-1,31,0,True,False,stop,32.71,-1.0039741722476128,0.0,-32.84121428571496,0.0,-1.0039741722476128,-1.0039741722476128,-2.0079483444952255
B,2026-06-05 07:30:00,2026-06-05 14:30:00,-1,14,0,True,False,stop,26.13,-1.0049747572072478,0.0,-26.261928571428943,0.0,-1.0049747572072478,-1.0049747572072478,-2.0099495144144957
C,2026-06-05 17:45:00,2026-06-05 23:45:00,-1,24,0,True,False,flat,97.94,0.4247507761693179,0.0,41.59999999999956,0.0,0.4247507761693179,0.4247507761693179,0.8495015523386358
C,2026-06-09 20:15:00,2026-06-10 03:30:00,-1,25,1,True,True,tp,40.85,1.4796821533420415,0.4796821533420415,60.44617857143013,19.59539285714338,1.4796821533420415,1.959364306684083,3.4390464600261246
A,2026-06-09 20:15:00,2026-06-10 17:15:00,-1,80,1,True,True,time,100.0,1.0114999999999958,0.011499999999995635,101.14999999999957,1.1499999999995636,1.0114999999999958,1.0229999999999915,2.0344999999999875
B,2026-06-09 21:00:00,2026-06-10 08:00:00,-1,20,1,True,True,time,94.68,0.8761513018915714,-0.12384869810842856,82.94999999999975,-11.725428571428965,0.8761513018915714,0.7523026037831428,1.6284539056747143
A,2026-06-09 23:15:00,2026-06-10 02:30:00,-1,9,1,True,True,tp,27.61,1.469935005795661,0.46993500579566116,40.58028571428523,12.973428571428412,1.469935005795661,1.939870011591322,3.4098050173869834
B,2026-06-09 23:30:00,2026-06-10 04:00:00,-1,7,0,True,True,tp,31.17,1.9939035430499246,0.9939035430499246,62.141285714286425,30.97564285714321,1.9939035430499246,2.987807086099849,4.981710629149774
C,2026-06-10 03:00:00,2026-06-10 11:00:00,-1,32,0,True,True,tp,37.84,1.496564410692599,0.49656441069259905,56.628821428571534,18.789607142856877,1.496564410692599,1.993128821385198,3.489693232077797
A,2026-06-10 06:45:00,2026-06-10 22:00:00,-1,61,0,True,True,tp,63.89,1.497965352865946,0.49796535286594584,95.70971428571477,31.81657142857159,1.497965352865946,1.9959307057318918,3.493896058597838
B,2026-06-10 07:00:00,2026-06-10 17:00:00,-1,20,0,True,False,time,56.95,0.23213083007968977,0.0,13.220000000000363,0.0,0.23213083007968977,0.23213083007968977,0.46426166015937953
C,2026-06-10 14:00:00,2026-06-10 14:45:00,-1,3,0,True,True,tp,12.13,1.4892869966507156,0.4892869966507155,18.072178571429614,5.937392857143204,1.4892869966507156,1.9785739933014312,3.467860989952147
B,2026-06-11 02:30:00,2026-06-11 12:30:00,-1,20,0,True,False,time,74.99,-0.5904843549078443,0.0,-44.27999999999985,0.0,-0.5904843549078443,-0.5904843549078443,-1.1809687098156887
A,2026-06-11 02:30:00,2026-06-11 20:30:00,-1,72,0,True,False,stop,65.95,-1.0019711860258074,0.0,-66.08014285714296,0.0,-1.0019711860258074,-1.0019711860258074,-2.0039423720516147
C,2026-06-12 01:00:00,2026-06-12 11:00:00,1,40,0,False,False,time,50.77,-0.12173296413858203,0.0,-6.18,0.0,-0.12173296413858203,-0.12173296413858203,-0.12173296413858203
A,2026-06-12 02:45:00,2026-06-12 22:45:00,1,80,0,False,False,time,89.97,-0.10448142755292933,0.0,-9.400000000000182,0.0,-0.10448142755292933,-0.10448142755292933,-0.10448142755292933
B,2026-06-12 03:00:00,2026-06-12 13:00:00,1,20,0,False,False,time,73.76,-0.1871039656937338,0.0,-13.800000000000074,0.0,-0.1871039656937338,-0.1871039656937338,-0.1871039656937338
C,2026-06-16 01:30:00,2026-06-16 04:00:00,-1,10,0,False,False,stop,12.85,-1.0101190376906355,0.0,-12.977071428571326,0.0,-1.0101190376906355,-1.0101190376906355,-1.0101190376906355
B,2026-06-16 02:30:00,2026-06-16 06:30:00,-1,8,0,False,False,stop,13.25,-1.0098131722966595,0.0,-13.377500000000401,0.0,-1.0098131722966595,-1.0098131722966595,-1.0098131722966595
A,2026-06-16 04:15:00,2026-06-16 05:00:00,-1,3,0,False,True,tp,7.2,1.481956616568187,0.4819566165681872,10.677285714285171,3.4724285714283907,1.481956616568187,1.481956616568187,1.481956616568187
B,2026-06-16 15:00:00,2026-06-16 17:00:00,1,4,0,False,False,stop,18.44,-1.007048471798367,0.0,-18.57371428571503,0.0,-1.007048471798367,-1.007048471798367,-1.007048471798367
C,2026-06-18 04:45:00,2026-06-18 11:45:00,1,28,0,False,False,stop,50.91,-1.0025533359614924,0.0,-51.04378571428595,0.0,-1.0025533359614924,-1.0025533359614924,-1.0025533359614924
C,2026-06-18 13:00:00,2026-06-18 19:30:00,-1,26,0,True,True,tp,31.54,1.4958781471592053,0.4958781471592054,47.178821428571716,15.639607142857239,1.4958781471592053,1.9917562943184106,3.487634441477616
A,2026-06-18 15:00:00,2026-06-19 05:15:00,-1,53,1,True,True,tp,54.07,1.484649244483892,0.4846492444838919,80.27350000000017,26.204499999999754,1.484649244483892,1.9692984889677838,3.4539477334516757
B,2026-06-18 16:00:00,2026-06-18 22:00:00,-1,12,0,True,True,tp,28.07,1.9953679902676895,0.9953679902676896,56.001142857144366,27.935571428572185,1.9953679902676895,2.990735980535379,4.986103970803069
B,2026-06-18 20:30:00,2026-06-19 07:30:00,-1,20,1,True,True,tp,48.06,1.9827288171617887,0.9827288171617885,95.28385714285643,47.22692857142821,1.9827288171617887,2.9654576343235775,4.948186451485366
A,2026-06-18 20:30:00,2026-06-19 06:45:00,-1,37,1,True,True,tp,47.97,1.4826979314945294,0.48269793149452944,71.12671428571404,23.15557142857135,1.4826979314945294,1.9653958629890589,3.4480937944835883
C,2026-06-18 22:45:00,2026-06-19 02:45:00,-1,12,1,True,True,tp,17.07,1.4513732251436415,0.45137322514364137,24.773178571428545,7.704392857142847,1.4513732251436415,1.9027464502872828,3.3541196754309244
C,2026-06-19 03:30:00,2026-06-19 06:45:00,-1,13,0,True,True,tp,22.73,1.4942818722783708,0.4942818722783709,33.97207142856961,11.237357142856235,1.4942818722783708,1.9885637445567417,3.4828456168351125
B,2026-06-19 04:00:00,2026-06-19 07:30:00,-1,7,0,True,True,tp,29.91,1.9956541049605288,0.995654104960529,59.69657142857351,29.78328571428676,1.9956541049605288,2.9913082099210575,4.986962314881587
A,2026-06-19 04:15:00,2026-06-19 06:45:00,-1,10,0,True,True,tp,29.58,1.495604894505409,0.49560489450540907,44.23753571428653,14.659178571429146,1.495604894505409,1.991209789010818,3.486814683516227
C,2026-06-19 08:30:00,2026-06-19 11:15:00,-1,11,0,True,False,stop,36.72,-1.0035401879411863,0.0,-36.85121428571427,0.0,-1.0035401879411863,-1.0035401879411863,-2.0070803758823725
A,2026-06-19 08:45:00,2026-06-19 19:45:00,-1,44,0,True,False,flat,55.95,-0.2868768217061161,0.0,-16.05000000000007,0.0,-0.2868768217061161,-0.2868768217061161,-0.5737536434122322
B,2026-06-19 09:00:00,2026-06-19 19:00:00,-1,20,0,True,False,time,50.41,-0.10791998957076378,0.0,-5.4400000000004,0.0,-0.10791998957076378,-0.10791998957076378,-0.21583997914152755
C,2026-06-23 08:30:00,2026-06-23 10:45:00,-1,9,0,True,True,tp,20.34,1.493609191527614,0.49360919152761384,30.382571428571392,10.04085714285713,1.493609191527614,1.987218383055228,3.480827574582842
A,2026-06-23 09:00:00,2026-06-24 06:00:00,-1,80,1,True,True,time,64.43,0.9944224626972428,-0.005577537302757214,64.07000000000009,-0.3593571428569521,0.9944224626972428,0.9888449253944855,1.9832673880917284
A,2026-06-23 11:45:00,2026-06-24 08:45:00,-1,80,1,True,True,time,42.84,0.6669390137146376,-0.3330609862853624,28.570000000000547,-14.26749999999909,0.6669390137146376,0.3338780274292752,1.0008170411439128
B,2026-06-23 12:00:00,2026-06-23 17:00:00,-1,10,0,True,False,stop,29.16,-1.0044581509451525,0.0,-29.290071428571427,0.0,-1.0044581509451525,-1.0044581509451525,-2.008916301890305
A,2026-06-24 06:45:00,2026-06-24 16:00:00,-1,37,0,True,True,tp,50.62,1.4974316711635942,0.49743167116359405,75.79485714285613,25.178285714285376,1.4974316711635942,1.9948633423271882,3.4922950134907826
B,2026-06-24 07:00:00,2026-06-24 17:00:00,-1,20,0,True,True,time,50.44,0.780207734380981,-0.2197922656190189,39.350000000000016,-11.08528571428531,0.780207734380981,0.5604154687619621,1.340623203142943
C,2026-06-24 14:45:00,2026-06-24 15:15:00,-1,2,0,True,False,tp,26.42,1.4950794320258594,0.0,39.49957142857112,0.0,1.4950794320258594,1.4950794320258594,2.9901588640517187
C,2026-06-26 10:30:00,2026-06-26 16:45:00,1,25,0,False,True,tp,26.64,1.495119662130455,0.4951196621304551,39.826249999999725,13.188749999999908,1.495119662130455,1.495119662130455,1.495119662130455
C,2026-06-26 14:00:00,2026-06-26 16:45:00,1,11,0,False,True,tp,18.54,1.4929872151537926,-1.0070127848462196,27.67635714285745,-18.66757142857148,1.4929872151537926,1.4929872151537926,1.4929872151537926
B,2026-06-30 02:00:00,2026-06-30 03:30:00,-1,3,0,False,True,tp,9.29,1.986007104085618,0.9860071040856179,18.450857142856986,9.160428571428492,1.986007104085618,1.986007104085618,1.986007104085618
A,2026-06-30 05:15:00,2026-06-30 09:30:00,-1,17,0,True,False,stop,61.93,-1.002099059459896,0.0,-62.06249999999989,0.0,-1.002099059459896,-1.002099059459896,-2.004198118919792
B,2026-06-30 06:30:00,2026-06-30 09:30:00,-1,6,0,True,False,stop,53.93,-1.002410401278837,0.0,-54.06292857142888,0.0,-1.002410401278837,-1.002410401278837,-2.004820802557674
C,2026-06-30 10:30:00,2026-06-30 20:30:00,1,40,0,False,False,time,54.74,0.009682361139018759,0.0,0.5299999999998545,0.0,0.009682361139018759,0.009682361139018759,0.009682361139018759
A,2026-06-30 15:00:00,2026-06-30 15:45:00,1,3,0,True,False,stop,14.85,-1.008752103871123,0.0,-14.983571428571286,0.0,-1.008752103871123,-1.008752103871123,-2.017504207742246
C,2026-07-01 05:15:00,2026-07-01 14:00:00,-1,35,0,True,False,stop,29.77,-1.0043667598402053,0.0,-29.90035714285739,0.0,-1.0043667598402053,-1.0043667598402053,-2.0087335196804106
A,2026-07-01 05:45:00,2026-07-01 14:00:00,-1,33,0,False,False,stop,40.05,-1.0032461394127699,0.0,-40.1775714285717,0.0,-1.0032461394127699,-1.0032461394127699,-1.0032461394127699
B,2026-07-01 10:30:00,2026-07-01 13:00:00,-1,5,0,True,False,stop,12.03,-1.0108062533769544,0.0,-12.16007142857132,0.0,-1.0108062533769544,-1.0108062533769544,-2.021612506753909
C,2026-07-01 15:00:00,2026-07-01 16:30:00,1,6,0,False,False,tp,41.47,1.496864987770007,0.0,62.07071428571418,0.0,1.496864987770007,1.496864987770007,1.496864987770007
B,2026-07-01 15:30:00,2026-07-02 02:30:00,1,20,3,False,True,time,54.63,0.18525855519771156,-0.8147414448022885,10.119999999999909,-44.506357142857254,0.18525855519771156,0.18525855519771156,0.18525855519771156
A,2026-07-01 17:45:00,2026-07-02 14:45:00,1,80,3,True,False,time,100.0,-0.30389999999999856,0.0,-30.38999999999985,0.0,-0.30389999999999856,-0.30389999999999856,-0.6077999999999971
B,2026-07-01 18:00:00,2026-07-02 05:00:00,1,20,3,True,False,time,99.35,-0.34745248482303903,0.0,-34.51999999999997,0.0,-0.34745248482303903,-0.34745248482303903,-0.6949049696460781
C,2026-07-01 22:00:00,2026-07-01 22:45:00,-1,3,0,False,True,tp,11.44,1.4886350153926857,0.48863501539268567,17.027964285715026,5.589321428571675,1.4886350153926857,1.4886350153926857,1.4886350153926857
B,2026-07-02 03:30:00,2026-07-02 06:30:00,-1,6,0,False,False,stop,17.63,-1.0073727790515852,0.0,-17.762428571428135,0.0,-1.0073727790515852,-1.0073727790515852,-1.0073727790515852
A,2026-07-02 03:30:00,2026-07-02 06:45:00,-1,13,0,False,False,stop,29.67,-1.0043815407134207,0.0,-29.7999285714285,0.0,-1.0043815407134207,-1.0043815407134207,-1.0043815407134207
B,2026-07-02 10:30:00,2026-07-02 15:30:00,1,10,0,False,True,tp,12.58,1.989666430092264,-1.0103335699077363,25.030714285713767,-12.710357142856884,1.989666430092264,1.989666430092264,1.989666430092264
B,2026-07-02 17:00:00,2026-07-03 04:00:00,1,20,1,True,True,time,60.66,1.1612593262491353,0.16125932624912764,70.43999999999953,9.781714285712878,1.1612593262491353,1.322518652498263,2.483777978747398
C,2026-07-03 05:00:00,2026-07-03 15:00:00,1,40,0,True,False,time,57.66,-0.027576774558010064,0.0,-1.5900000000000363,0.0,-0.027576774558010064,-0.027576774558010064,-0.05515354911602013
B,2026-07-03 05:30:00,2026-07-03 15:30:00,1,20,0,True,False,time,63.71,-0.10704395887754749,0.0,-6.820000000000509,0.0,-0.10704395887754749,-0.10704395887754749,-0.21408791775509498
A,2026-07-03 05:30:00,2026-07-03 19:45:00,1,57,0,True,False,flat,65.89,-0.129463240332002,0.0,-8.530000000000546,0.0,-0.129463240332002,-0.129463240332002,-0.258926480664004
A,2026-07-03 13:00:00,2026-07-03 17:00:00,1,16,0,True,False,stop,19.96,-1.0065126531547006,0.0,-20.091142857142476,0.0,-1.0065126531547006,-1.0065126531547006,-2.0130253063094012
B,2026-07-03 13:00:00,2026-07-03 17:00:00,1,8,0,True,False,stop,18.91,-1.0068731636945898,0.0,-19.044142857142905,0.0,-1.0068731636945898,-1.0068731636945898,-2.0137463273891796
C,2026-07-07 07:00:00,2026-07-07 08:30:00,-1,6,0,False,True,tp,10.76,1.487923186155418,0.487923186155418,16.01664285714389,5.252214285714326,1.487923186155418,1.487923186155418,1.487923186155418
B,2026-07-07 09:00:00,2026-07-07 14:30:00,-1,11,0,False,False,stop,20.63,-1.0063001938521183,0.0,-20.764285714286306,0.0,-1.0063001938521183,-1.0063001938521183,-1.0063001938521183
A,2026-07-07 09:15:00,2026-07-07 14:30:00,-1,21,0,False,False,stop,20.24,-1.0064241718289473,0.0,-20.366071428572358,0.0,-1.0064241718289473,-1.0064241718289473,-1.0064241718289473
C,2026-07-07 15:45:00,2026-07-07 21:45:00,1,24,0,True,False,stop,41.3,-1.0031478630852517,0.0,-41.42785714285754,0.0,-1.0031478630852517,-1.0031478630852517,-2.0062957261705034
C,2026-07-07 22:45:00,2026-07-08 09:45:00,-1,40,1,False,False,time,34.83,-0.29456518618472777,0.0,-10.260000000000291,0.0,-0.29456518618472777,-0.29456518618472777,-0.29456518618472777
B,2026-07-08 03:00:00,2026-07-08 13:00:00,-1,20,0,False,True,time,38.2,1.4283951125190462,0.42839511251904616,54.56000000000005,16.36328571428623,1.4283951125190462,1.4283951125190462,1.4283951125190462
A,2026-07-08 03:00:00,2026-07-08 18:15:00,-1,61,0,False,True,tp,44.66,1.4970890991561587,0.4970890991561587,66.85957142857171,22.199857142857237,1.4970890991561587,1.4970890991561587,1.4970890991561587
A,2026-07-08 13:30:00,2026-07-09 10:30:00,-1,80,3,True,False,time,77.77,-0.6952616255040118,0.0,-54.07000000000015,0.0,-0.6952616255040118,-0.6952616255040118,-1.3905232510080237
C,2026-07-08 13:30:00,2026-07-08 23:30:00,-1,40,0,True,False,time,65.1,-0.27342849932520835,0.0,-17.80000000000007,0.0,-0.27342849932520835,-0.27342849932520835,-0.5468569986504167
B,2026-07-08 14:00:00,2026-07-09 01:00:00,-1,20,3,True,False,time,81.24,-0.3259652914493038,0.0,-26.479999999999997,0.0,-0.3259652914493038,-0.3259652914493038,-0.6519305828986076
A,2026-07-08 19:15:00,2026-07-08 21:45:00,-1,10,0,True,False,stop,43.98,-1.0029555722280143,0.0,-44.11471428571429,0.0,-1.0029555722280143,-1.0029555722280143,-2.0059111444560287
C,2026-07-08 22:30:00,2026-07-09 04:30:00,1,20,3,False,False,stop,21.59,-1.1032769423144353,0.0,-23.822428571428624,0.0,-1.1032769423144353,-1.1032769423144353,-1.1032769423144353
C,2026-07-09 11:00:00,2026-07-09 21:00:00,1,40,0,False,False,time,35.28,0.5777205429746695,0.0,20.37999999999931,0.0,0.5777205429746695,0.5777205429746695,0.5777205429746695
C,2026-07-10 10:15:00,2026-07-10 11:30:00,-1,5,0,False,True,tp,8.14,1.4840292037416736,0.48402920374167363,12.079785714285316,3.939928571428136,1.4840292037416736,1.4840292037416736,1.4840292037416736
B,2026-07-10 15:00:00,2026-07-10 17:30:00,-1,5,0,True,True,tp,12.11,1.9892670959828271,-1.0107329040171729,24.094571428570926,-12.242285714285464,1.9892670959828271,0.9785341919656543,2.9678012879484816
C,2026-07-14 16:15:00,2026-07-15 03:15:00,1,40,1,True,False,time,67.4,-0.35934718100890645,0.0,-24.220000000000326,0.0,-0.35934718100890645,-0.35934718100890645,-0.7186943620178129
A,2026-07-14 16:45:00,2026-07-15 13:45:00,1,80,1,True,False,time,64.32,-0.7665201075482645,0.0,-49.30000000000026,0.0,-0.7665201075482645,-0.7665201075482645,-1.533040215096529
C,2026-07-14 23:00:00,2026-07-15 04:30:00,-1,18,1,False,False,tp,10.71,1.422509569601364,0.0,15.236499999999905,0.0,1.422509569601364,1.422509569601364,1.422509569601364
B,2026-07-15 03:00:00,2026-07-15 03:30:00,-1,1,0,False,False,stop,2.05,-1.0634477950148071,0.0,-2.1789285714288598,0.0,-1.0634477950148071,-1.0634477950148071,-1.0634477950148071
C,2026-07-15 16:30:00,2026-07-16 03:30:00,1,40,3,False,False,time,34.44,-0.24189901722041737,0.0,-8.32999999999991,0.0,-0.24189901722041737,-0.24189901722041737,-0.24189901722041737
C,2026-07-16 06:15:00,2026-07-16 15:30:00,-1,37,0,True,True,tp,17.4,1.4925297169501544,0.4925297169501542,25.97342857142814,8.571142857142712,1.4925297169501544,1.9850594339003085,3.477589150850463
B,2026-07-16 09:30:00,2026-07-16 14:30:00,-1,10,0,False,False,stop,10.37,-1.0125371119178337,0.0,-10.499214285714407,0.0,-1.0125371119178337,-1.0125371119178337,-1.0125371119178337
B,2026-07-17 01:30:00,2026-07-17 04:00:00,-1,5,0,True,False,stop,15.74,-1.008257525918196,0.0,-15.873214285714203,0.0,-1.008257525918196,-1.008257525918196,-2.016515051836392
C,2026-07-21 07:00:00,2026-07-21 09:45:00,1,11,0,False,True,tp,25.34,1.4948695397244207,0.4948695397244209,37.87828571428519,12.539428571428397,1.4948695397244207,1.4948695397244207,1.4948695397244207
C,2026-07-21 10:00:00,2026-07-21 16:45:00,1,27,0,False,False,stop,27.36,-1.0047508294373921,0.0,-27.49364285714262,0.0,-1.0047508294373921,-1.0047508294373921,-1.0047508294373921
A,2026-07-21 10:15:00,2026-07-22 06:00:00,1,75,1,False,True,tp,42.24,1.4803505116983733,0.48035051169838405,62.530428571428196,20.29014285714304,1.4803505116983733,1.4803505116983733,1.4803505116983733
B,2026-07-21 10:30:00,2026-07-21 20:30:00,1,20,0,False,False,time,35.6,-0.07865073855451411,0.0,-2.8000000000000727,0.0,-0.07865073855451411,-0.07865073855451411,-0.07865073855451411
C,2026-07-22 06:45:00,2026-07-22 10:00:00,1,13,0,True,False,stop,18.79,-1.0069182318215857,0.0,-18.920928571428593,0.0,-1.0069182318215857,-1.0069182318215857,-2.0138364636431714
A,2026-07-22 07:00:00,2026-07-23 04:00:00,1,80,3,True,False,time,50.92,0.10350468141938013,0.0,5.2700000000000005,0.0,0.10350468141938013,0.10350468141938013,0.20700936283876026
B,2026-07-22 07:00:00,2026-07-22 17:00:00,1,20,0,True,False,time,53.0,0.32718436264686523,0.0,17.340000000000256,0.0,0.32718436264686523,0.32718436264686523,0.6543687252937305
C,2026-07-22 23:00:00,2026-07-23 01:00:00,-1,4,3,False,False,tp,9.66,1.2691989236183048,0.0,12.263000000000392,0.0,1.2691989236183048,1.2691989236183048,1.2691989236183048
C,2026-07-23 11:45:00,2026-07-23 16:00:00,-1,17,0,False,True,tp,31.23,1.4958370597747894,0.4958370597747895,46.711892857142736,15.483964285714245,1.4958370597747894,1.4958370597747894,1.4958370597747894
B,2026-07-23 13:30:00,2026-07-23 23:30:00,-1,20,0,False,True,time,35.98,1.2221794255808383,0.2221794255808384,43.96999999999991,7.993285714285885,1.2221794255808383,1.2221794255808383,1.2221794255808383
C,2026-07-23 16:45:00,2026-07-24 03:45:00,-1,40,1,False,False,time,46.83,-0.15867277439391636,0.0,-7.429999999999909,0.0,-0.15867277439391636,-0.15867277439391636,-0.15867277439391636
A,2026-07-23 17:15:00,2026-07-24 14:15:00,-1,80,1,False,False,time,40.09,-0.09055094960897762,0.0,-3.6299999999997272,0.0,-0.09055094960897762,-0.09055094960897762,-0.09055094960897762
B,2026-07-23 18:00:00,2026-07-24 05:00:00,-1,20,1,False,False,time,49.6,-0.006854394516488717,0.0,-0.34000000000021824,0.0,-0.006854394516488717,-0.006854394516488717,-0.006854394516488717
A,2026-07-23 19:30:00,2026-07-24 16:30:00,-1,80,1,False,False,time,40.04,-0.08066299919372913,0.0,-3.230000000000091,0.0,-0.08066299919372913,-0.08066299919372913,-0.08066299919372913
B,2026-07-23 22:00:00,2026-07-24 09:00:00,-1,20,1,False,True,time,14.61,0.7392305548629342,-0.26076944513706574,10.800000000000109,-3.809785714285754,0.7392305548629342,0.7392305548629342,0.7392305548629342
A,2026-07-23 22:00:00,2026-07-24 13:15:00,-1,57,1,False,True,stop,18.91,-1.0438982557810064,-1.0438982557810064,-19.73735714285756,-19.73735714285756,-1.0438982557810064,-1.0438982557810064,-1.0438982557810064
B,2026-07-24 01:00:00,2026-07-24 05:30:00,-1,9,0,False,True,tp,5.29,1.9754077317010554,-1.0245922682989446,10.442428571428644,-5.4162142857143225,1.9754077317010554,1.9754077317010554,1.9754077317010554
C,2026-07-24 12:15:00,2026-07-24 18:15:00,1,24,0,False,True,tp,18.61,1.493015232166775,0.4930152321667747,27.78789285714276,9.175964285714253,1.493015232166775,1.493015232166775,1.493015232166775
B,2026-07-24 15:30:00,2026-07-24 18:00:00,1,5,0,True,True,tp,11.86,1.989034228871309,-1.010965771128691,23.580142857143183,-11.985071428571592,1.989034228871309,0.978068457742618,2.967102686613927
A,2026-07-28 06:00:00,2026-07-29 03:00:00,-1,80,1,True,True,time,31.87,0.7649793133743708,-1.0260431841714819,24.380000000000038,-32.70014285714259,0.7649793133743708,-0.26106387079711113,0.5039154425772596
B,2026-07-28 06:00:00,2026-07-28 16:00:00,-1,20,0,True,True,time,28.01,0.663996062941928,-0.33600393705807197,18.60000000000002,-9.412214285714418,0.663996062941928,0.32799212588385607,0.9919881888257841
C,2026-07-28 06:15:00,2026-07-28 12:45:00,-1,26,0,True,True,tp,13.27,1.4902063131612084,0.49020631316120844,19.780785714285795,6.506928571428598,1.4902063131612084,1.9804126263224169,3.470618939483625
A,2026-07-28 09:00:00,2026-07-28 12:45:00,-1,15,0,True,False,tp,15.52,1.4916218604993738,0.0,23.144857142856946,0.0,1.4916218604993738,1.4916218604993738,2.9832437209987477
C,2026-07-30 10:00:00,2026-07-30 10:30:00,-1,2,0,False,False,tp,6.15,1.478866697631176,0.0,9.097142857143007,0.0,1.478866697631176,1.478866697631176,1.478866697631176
C,2026-07-30 14:15:00,2026-07-30 16:45:00,1,10,0,False,True,tp,18.1,1.4928180196675895,0.49281801966758937,27.02128571428568,8.92042857142871,1.4928180196675895,1.4928180196675895,1.4928180196675895
C,2026-07-30 17:30:00,2026-07-31 04:30:00,1,40,1,False,False,time,46.95,-0.5513907228351173,0.0,-25.889999999999944,0.0,-0.5513907228351173,-0.5513907228351173,-0.5513907228351173
A,2026-07-30 18:45:00,2026-07-31 11:00:00,1,61,1,False,False,stop,44.57,-1.0186227200389764,0.0,-45.399214285714685,0.0,-1.0186227200389764,-1.0186227200389764,-1.0186227200389764
B,2026-07-30 20:00:00,2026-07-31 07:00:00,1,20,1,True,False,time,38.09,-0.5895941618102559,0.0,-22.459999999999653,0.0,-0.5895941618102559,-0.5895941618102559,-1.1791883236205118
C,2026-07-31 06:30:00,2026-07-31 15:15:00,-1,35,0,False,True,tp,19.24,1.4932428167800909,0.4932428167800908,28.728178571428653,9.489392857142883,1.4932428167800909,1.4932428167800909,1.4932428167800909
B,2026-07-31 09:00:00,2026-07-31 10:30:00,-1,3,0,False,True,tp,7.95,1.9836442719004996,0.9836442719004996,15.766571428571405,7.818285714285703,1.9836442719004996,1.9836442719004996,1.9836442719004996
A,2026-07-31 09:45:00,2026-07-31 11:30:00,-1,7,0,False,True,tp,13.31,1.4902352657134423,0.49023526571344234,19.83982142857087,6.526607142856956,1.4902352657134423,1.4902352657134423,1.4902352657134423
C,2026-07-31 13:00:00,2026-07-31 16:30:00,-1,14,0,False,True,tp,19.08,1.4931858175146955,0.4931858175146954,28.486785714285926,9.40892857142864,1.4931858175146955,1.4931858175146955,1.4931858175146955
B,2026-07-31 13:30:00,2026-07-31 23:30:00,-1,20,0,False,False,flat,33.83,0.3118494339415408,0.0,10.549999999999836,0.0,0.3118494339415408,0.3118494339415408,0.3118494339415408
A,2026-07-31 13:30:00,2026-07-31 23:45:00,-1,41,0,False,True,flat,33.36,0.32464167797909643,-1.0038968991816513,10.830000000000036,-33.489857142856984,0.32464167797909643,0.32464167797909643,0.32464167797909643
B,2026-08-04 04:30:00,2026-08-04 14:30:00,1,20,0,False,True,time,16.96,0.952437118509125,-0.04756288149087499,16.1500000000002,-0.8065000000000327,0.952437118509125,0.952437118509125,0.952437118509125
C,2026-08-05 06:30:00,2026-08-05 15:15:00,1,35,0,False,True,tp,49.32,1.4973640303107503,0.49736403031074095,73.84657142857134,24.528857142856506,1.4973640303107503,1.4973640303107503,1.4973640303107503
A,2026-08-05 10:15:00,2026-08-05 18:00:00,1,31,0,True,True,tp,63.76,1.4979610036343503,0.49796100363435014,95.50528571428652,31.74842857142914,1.4979610036343503,1.9959220072687005,3.4938830109030508
B,2026-08-05 11:00:00,2026-08-05 17:30:00,1,13,0,True,True,tp,38.46,1.9966196764547466,0.9966196764547464,76.78571428571479,38.32785714285739,1.9966196764547466,2.9932393529094927,4.98985902936424
A,2026-08-05 16:15:00,2026-08-06 02:30:00,1,37,3,True,True,tp,47.96,1.453504650279623,0.4535046502796229,69.71267857143042,21.750892857143775,1.453504650279623,1.907009300559246,3.3605139508388686
B,2026-08-05 18:30:00,2026-08-06 05:30:00,1,20,3,True,False,time,73.77,0.5910261623966337,0.0,43.59999999999992,0.0,0.5910261623966337,0.5910261623966337,1.1820523247932675
C,2026-08-05 18:45:00,2026-08-06 03:45:00,1,32,3,True,True,tp,44.63,1.4500361685647165,0.4500361685647164,64.71842857142886,20.086142857142953,1.4500361685647165,1.900072337129433,3.3501085056941493
A,2026-08-05 22:15:00,2026-08-06 03:45:00,1,18,3,True,True,tp,29.05,1.4232393864068291,0.42323938640682934,41.347035714284644,12.295678571428216,1.4232393864068291,1.8464787728136585,3.2697181592204876
B,2026-08-05 22:30:00,2026-08-06 03:30:00,1,8,3,True,True,tp,24.13,1.9075672298887647,0.9075672298887649,46.02128571428467,21.89564285714234,1.9075672298887647,2.8151344597775294,4.7227016896662946
C,2026-08-07 10:30:00,2026-08-07 12:30:00,1,8,0,True,True,tp,21.24,1.4938801930092975,0.4938801930092974,31.733750000000438,10.491250000000145,1.4938801930092975,1.987760386018595,3.4816405790278924
B,2026-08-07 11:00:00,2026-08-07 15:30:00,1,9,0,True,False,tp,38.29,1.9966052629615538,0.0,76.45914285714127,0.0,1.9966052629615538,1.9966052629615538,3.9932105259231077
A,2026-08-07 13:45:00,2026-08-07 23:45:00,1,40,0,True,True,flat,39.28,0.6183415006682343,-0.3816584993317657,24.290000000000074,-14.992500000000183,0.6183415006682343,0.23668300133646863,0.8550245020047029
B,2026-08-07 15:00:00,2026-08-07 15:30:00,1,1,0,True,False,tp,28.94,1.995507736812616,0.0,57.7472857142867,0.0,1.995507736812616,1.995507736812616,3.991015473625232
C,2026-08-07 16:15:00,2026-08-07 23:45:00,1,30,0,True,False,flat,55.93,-0.27053779316669363,0.0,-15.13,0.0,-0.27053779316669363,-0.27053779316669363,-0.5410755863333873
A,2026-08-07 16:45:00,2026-08-07 23:45:00,1,28,0,True,False,flat,47.94,-0.1464360958718458,0.0,-7.020000000000327,0.0,-0.1464360958718458,-0.1464360958718458,-0.2928721917436916
B,2026-08-07 17:00:00,2026-08-07 23:30:00,1,13,0,True,False,flat,48.96,-0.1572556410720356,0.0,-7.700000000000618,0.0,-0.1572556410720356,-0.1572556410720356,-0.3145112821440712
B,2026-08-10 23:30:00,2026-08-11 10:30:00,1,20,0,True,True,time,40.24,-0.7996294002069617,-1.0042242696716963,-32.18000000000022,-40.41364285714273,-0.7996294002069617,-1.803853669878658,-2.6034830700856197
A,2026-08-11 05:30:00,2026-08-11 08:30:00,1,12,0,True,False,stop,31.44,-1.0038171494527617,0.0,-31.557071428570563,0.0,-1.0038171494527617,-1.0038171494527617,-2.0076342989055234
B,2026-08-11 05:30:00,2026-08-11 08:30:00,1,6,0,True,False,stop,24.11,-1.0049772616173138,0.0,-24.229642857142718,0.0,-1.0049772616173138,-1.0049772616173138,-2.0099545232346276
C,2026-08-11 11:00:00,2026-08-11 14:00:00,-1,12,0,False,False,stop,18.44,-1.0065087015140481,0.0,-18.556857142856753,0.0,-1.0065087015140481,-1.0065087015140481,-1.0065087015140481
C,2026-08-11 15:45:00,2026-08-11 18:30:00,1,11,0,True,False,stop,16.34,-1.0073424006153633,0.0,-16.463428571428377,0.0,-1.0073424006153633,-1.0073424006153633,-2.0146848012307266
C,2026-08-12 06:45:00,2026-08-12 08:45:00,1,8,0,True,False,stop,17.79,-1.0067464731606828,0.0,-17.907071428570926,0.0,-1.0067464731606828,-1.0067464731606828,-2.0134929463213656
B,2026-08-12 08:00:00,2026-08-12 15:00:00,1,14,0,True,True,tp,16.09,1.9925418853048504,0.9925418853048504,32.059714285714,15.969857142857,1.9925418853048504,2.985083770609701,4.977625655914551
C,2026-08-12 13:30:00,2026-08-12 15:30:00,1,8,0,True,False,stop,13.65,-1.00878996688066,0.0,-13.77192857142938,0.0,-1.00878996688066,-1.00878996688066,-2.01757993376132
B,2026-08-13 13:00:00,2026-08-13 22:00:00,-1,18,0,False,True,tp,20.93,1.9942664464254025,0.9942664464254023,41.738857142857235,20.809428571428615,1.9942664464254025,1.9942664464254025,1.9942664464254025
B,2026-08-14 06:00:00,2026-08-14 14:30:00,-1,17,0,True,False,stop,39.55,-1.0030343093695138,0.0,-39.6677142857153,0.0,-1.0030343093695138,-1.0030343093695138,-2.0060686187390275
C,2026-08-14 13:15:00,2026-08-14 14:45:00,1,6,0,False,True,tp,9.98,1.48797448873682,0.48797448873682003,14.848178571428326,4.869392857142775,1.48797448873682,1.48797448873682,1.48797448873682
A,2026-08-14 17:30:00,2026-08-14 23:45:00,1,25,0,False,False,flat,37.07,-0.23792182568584172,0.0,-8.819999999999817,0.0,-0.23792182568584172,-0.23792182568584172,-0.23792182568584172
B,2026-08-14 17:30:00,2026-08-14 23:30:00,1,12,0,False,False,flat,34.22,-0.17270746186408895,0.0,-5.909999999999964,0.0,-0.17270746186408895,-0.17270746186408895,-0.17270746186408895
B,2026-08-18 12:30:00,2026-08-18 16:30:00,-1,8,0,False,False,stop,11.1,-1.010809976063624,0.0,-11.22085714285742,0.0,-1.010809976063624,-1.010809976063624,-1.010809976063624
B,2026-08-18 19:30:00,2026-08-19 06:30:00,-1,20,1,True,False,time,44.0,0.18476312918811036,0.0,8.130000000000729,0.0,0.18476312918811036,0.18476312918811036,0.3695262583762207
C,2026-08-18 22:15:00,2026-08-18 23:15:00,-1,4,0,True,True,tp,13.97,1.4914097254180418,0.49140972541804184,20.83392857142997,6.864642857143626,1.4914097254180418,1.9828194508360837,3.4742291762541253
B,2026-08-19 03:00:00,2026-08-19 05:00:00,-1,4,0,True,False,stop,18.58,-1.0064579865689254,0.0,-18.70164285714338,0.0,-1.0064579865689254,-1.0064579865689254,-2.0129159731378508
A,2026-08-19 03:00:00,2026-08-19 05:15:00,-1,9,0,True,False,stop,18.67,-1.00642707942799,0.0,-18.791000000000277,0.0,-1.00642707942799,-1.00642707942799,-2.01285415885598
C,2026-08-19 18:00:00,2026-08-20 05:00:00,1,40,3,True,False,time,75.42,0.13908909240721057,0.0,10.490000000000038,0.0,0.13908909240721057,0.13908909240721057,0.27817818481442114
B,2026-08-19 20:00:00,2026-08-20 07:00:00,1,20,3,True,False,time,100.0,-0.0030000000000083675,0.0,-0.3000000000008365,0.0,-0.0030000000000083675,-0.0030000000000083675,-0.006000000000016735
A,2026-08-19 20:15:00,2026-08-20 17:15:00,1,80,3,True,False,time,100.0,0.013699999999992364,0.0,1.3699999999992363,0.0,0.013699999999992364,0.013699999999992364,0.027399999999984728
A,2026-08-20 01:30:00,2026-08-20 14:45:00,1,53,0,True,False,stop,47.4,-1.0025314052463374,0.0,-47.52449999999964,0.0,-1.0025314052463374,-1.0025314052463374,-2.005062810492675
B,2026-08-20 02:30:00,2026-08-20 12:30:00,1,20,0,True,False,time,40.85,-0.7148665308513464,0.0,-29.19999999999993,0.0,-0.7148665308513464,-0.7148665308513464,-1.4297330617026929
B,2026-08-20 10:00:00,2026-08-20 17:30:00,-1,15,0,False,True,stop,18.01,-1.0066629914451946,-1.0066629914451946,-18.129928571429556,-18.129928571429556,-1.0066629914451946,-1.0066629914451946,-1.0066629914451946
A,2026-08-21 13:15:00,2026-08-21 23:45:00,1,42,0,True,False,flat,60.39,0.24309551718713732,0.0,14.680000000000183,0.0,0.24309551718713732,0.24309551718713732,0.48619103437427463
B,2026-08-21 15:00:00,2026-08-21 23:30:00,1,17,0,True,True,flat,26.94,0.6862817875246288,-0.3137182124753711,18.48999999999967,-8.452285714286626,0.6862817875246288,0.37256357504925763,1.0588453625738863
C,2026-08-25 03:45:00,2026-08-25 05:00:00,1,5,0,True,False,stop,27.89,-1.0043028378239935,0.0,-28.008571428571596,0.0,-1.0043028378239935,-1.0043028378239935,-2.008605675647987
B,2026-08-26 14:30:00,2026-08-26 18:00:00,-1,7,0,False,True,tp,15.61,1.9923109312926792,-1.0076890687073206,31.093142857144702,-15.72657142857235,1.9923109312926792,1.9923109312926792,1.9923109312926792
C,2026-08-27 03:15:00,2026-08-27 10:15:00,1,28,0,False,True,stop,23.8,-1.0050420773358626,-1.0050420773358626,-23.91971428571389,-23.91971428571389,-1.0050420773358626,-1.0050420773358626,-1.0050420773358626
B,2026-08-27 06:00:00,2026-08-27 09:30:00,1,7,0,False,False,stop,36.06,-1.0033275431441717,0.0,-36.18264285714314,0.0,-1.0033275431441717,-1.0033275431441717,-1.0033275431441717
C,2026-08-27 11:00:00,2026-08-27 12:30:00,-1,6,0,False,True,tp,9.37,1.4871877979027635,0.48718779790276345,13.929107142855974,4.563035714285324,1.4871877979027635,1.4871877979027635,1.4871877979027635
B,2026-08-27 14:30:00,2026-08-27 16:30:00,-1,4,0,True,True,tp,9.57,1.9874671759369782,0.9874671759369784,19.029714285715162,9.454857142857582,1.9874671759369782,2.974934351873957,4.962401527810934
A,2026-08-27 14:45:00,2026-08-27 15:45:00,-1,4,0,True,True,tp,9.25,1.4870256243918258,0.48702562439182584,13.753499999999695,4.504499999999898,1.4870256243918258,1.9740512487836517,3.4610768731754775
B,2026-09-01 13:00:00,2026-09-01 23:00:00,-1,20,0,True,False,time,62.39,0.9429600854551061,0.0,58.82999999999982,0.0,0.9429600854551061,0.9429600854551061,1.8859201709102122
A,2026-09-01 13:00:00,2026-09-02 10:00:00,-1,80,1,True,True,time,68.93,0.7366611505848911,-0.26333884941510893,50.78000000000036,-18.152642857142673,0.7366611505848911,0.4733223011697822,1.2099834517546733
C,2026-09-01 13:30:00,2026-09-01 16:00:00,-1,10,0,True,True,tp,25.46,1.4952860894745112,0.49528608947451114,38.06485714285635,12.608285714285449,1.4952860894745112,1.9905721789490225,3.4858582684235335
B,2026-09-01 17:00:00,2026-09-02 03:00:00,-1,18,1,True,True,tp,23.22,1.964686593517467,0.9646865935174671,45.621285714285186,22.400642857142593,1.964686593517467,2.929373187034934,4.894059780552402
C,2026-09-01 23:30:00,2026-09-02 04:00:00,-1,14,1,True,False,tp,14.83,1.4413252402630294,0.0,21.371250000001854,0.0,1.4413252402630294,1.4413252402630294,2.882650480526059
B,2026-09-02 01:30:00,2026-09-02 11:30:00,-1,20,0,True,True,time,23.54,0.6971663015045156,-1.005098108237693,16.409999999999744,-23.658142857143613,0.6971663015045156,-0.30793180673317744,0.3892344947713382
B,2026-09-02 06:00:00,2026-09-02 15:00:00,-1,18,0,True,False,stop,43.49,-1.0027594952094834,0.0,-43.60621428571459,0.0,-1.0027594952094834,-1.0027594952094834,-2.0055189904189668
A,2026-09-02 06:00:00,2026-09-02 15:15:00,-1,37,0,True,False,stop,36.37,-1.0032990792034293,0.0,-36.493785714285984,0.0,-1.0032990792034293,-1.0032990792034293,-2.0065981584068586
C,2026-09-02 17:45:00,2026-09-03 04:45:00,1,40,3,False,False,time,50.91,0.6114600710204038,0.0,31.130000000000365,0.0,0.6114600710204038,0.6114600710204038,0.6114600710204038
B,2026-09-02 18:00:00,2026-09-03 05:00:00,1,20,3,False,False,time,68.94,0.5311865390194425,0.0,36.62000000000015,0.0,0.5311865390194425,0.5311865390194425,0.5311865390194425
A,2026-09-02 18:00:00,2026-09-03 15:00:00,1,80,3,False,True,time,68.98,0.9978285563990298,-0.0021714436009700605,68.83000000000018,-0.14978571428557164,0.9978285563990298,0.9978285563990298,0.9978285563990298
A,2026-09-03 01:45:00,2026-09-03 05:30:00,1,15,0,False,True,tp,20.56,1.4941625115099286,0.4941625115099288,30.715178571427604,10.158392857142536,1.4941625115099286,1.4941625115099286,1.4941625115099286
B,2026-09-03 02:00:00,2026-09-03 05:00:00,1,6,0,False,True,tp,16.57,1.9927566225165563,0.992756622516556,33.013714285713725,16.44685714285686,1.9927566225165563,1.9927566225165563,1.9927566225165563
B,2026-09-03 08:00:00,2026-09-03 18:00:00,1,20,0,False,True,time,43.65,1.8621279826429165,0.8621279826429166,81.29000000000076,37.63564285714427,1.8621279826429165,1.8621279826429165,1.8621279826429165
C,2026-09-03 08:00:00,2026-09-03 15:30:00,1,30,0,False,True,tp,18.87,1.493640916162317,0.49364091616231714,28.185964285715162,9.315321428572025,1.493640916162317,1.493640916162317,1.493640916162317
A,2026-09-03 08:00:00,2026-09-03 18:00:00,1,40,0,False,True,tp,47.89,1.4974942913095162,0.49749429130951617,71.715964285714,23.825321428571332,1.4974942913095162,1.4974942913095162,1.4974942913095162
C,2026-09-03 18:45:00,2026-09-04 05:45:00,1,40,1,True,False,time,38.02,-0.4379669016519242,0.0,-16.650000000000837,0.0,-0.4379669016519242,-0.4379669016519242,-0.8759338033038484
A,2026-09-03 19:15:00,2026-09-04 15:30:00,1,77,1,True,False,stop,67.52,-1.0121446140012165,0.0,-68.33964285714349,0.0,-1.0121446140012165,-1.0121446140012165,-2.024289228002433
B,2026-09-03 19:30:00,2026-09-04 06:30:00,1,20,1,True,False,time,50.25,-0.3990185876987957,0.0,-20.049999999999564,0.0,-0.3990185876987957,-0.3990185876987957,-0.7980371753975914
C,2026-09-03 23:45:00,2026-09-04 03:45:00,-1,12,0,False,False,stop,12.84,-1.0132372244098868,0.0,-13.012571428571318,0.0,-1.0132372244098868,-1.0132372244098868,-1.0132372244098868
C,2026-09-04 16:15:00,2026-09-04 23:45:00,-1,30,0,True,False,flat,65.39,-0.28904259828103157,0.0,-18.899999999999746,0.0,-0.28904259828103157,-0.28904259828103157,-0.5780851965620631
A,2026-09-08 03:45:00,2026-09-08 09:15:00,1,22,0,True,False,stop,23.8,-1.005041275442687,0.0,-23.923499999999986,0.0,-1.005041275442687,-1.005041275442687,-2.010082550885374
B,2026-09-08 05:00:00,2026-09-08 09:00:00,1,8,0,True,False,stop,22.72,-1.005282105296254,0.0,-22.838214285713658,0.0,-1.005282105296254,-1.005282105296254,-2.010564210592508
C,2026-09-08 11:30:00,2026-09-08 16:00:00,-1,18,0,False,False,stop,19.67,-1.006100971071229,0.0,-19.78899999999987,0.0,-1.006100971071229,-1.006100971071229,-1.006100971071229
B,2026-09-09 02:00:00,2026-09-09 08:30:00,-1,13,0,True,False,stop,38.6,-1.003109170758249,0.0,-38.715500000000354,0.0,-1.003109170758249,-1.003109170758249,-2.006218341516498
C,2026-09-09 02:15:00,2026-09-09 03:00:00,-1,3,0,True,True,tp,7.51,1.4840114204139918,0.48401142041399176,11.138035714286962,3.632678571428987,1.4840114204139918,1.9680228408279836,3.4520342612419754
B,2026-09-09 11:00:00,2026-09-09 21:00:00,1,20,0,False,True,time,30.02,0.6025079518393235,-1.0039967359989341,18.090000000000035,-30.144500000000445,0.6025079518393235,0.6025079518393235,0.6025079518393235
A,2026-09-09 11:15:00,2026-09-10 08:15:00,1,80,3,False,True,time,29.77,0.6318956870611735,-1.0745778003868063,18.809999999999746,-31.9875714285715,0.6318956870611735,0.6318956870611735,0.6318956870611735
C,2026-09-10 14:15:00,2026-09-10 15:15:00,-1,4,0,True,True,tp,15.1,1.49205313049898,0.49205313049898003,22.530428571429074,7.430142857143328,1.49205313049898,1.9841062609979598,3.4761593914969398
B,2026-09-10 18:30:00,2026-09-11 02:30:00,-1,14,1,True,True,tp,26.66,1.9692476661175182,0.969247666117518,52.509285714286015,25.844642857143008,1.9692476661175182,2.9384953322350365,4.907742998352554
A,2026-09-10 18:30:00,2026-09-10 22:00:00,-1,14,0,True,True,tp,26.56,1.4954811985582872,0.49548119855828715,39.713571428571306,13.157857142857102,1.4954811985582872,1.9909623971165744,3.4864435956748614
C,2026-09-11 01:00:00,2026-09-11 04:00:00,-1,12,0,True,False,stop,18.18,-1.0093524049041183,0.0,-18.347142857142828,0.0,-1.0093524049041183,-1.0093524049041183,-2.0187048098082365
B,2026-09-11 02:00:00,2026-09-11 12:00:00,-1,20,0,True,False,time,49.16,-0.5210034700627217,0.0,-25.609999999999783,0.0,-0.5210034700627217,-0.5210034700627217,-1.0420069401254435
A,2026-09-11 17:00:00,2026-09-11 23:45:00,1,27,0,False,False,flat,91.78,-0.381468420712648,0.0,-35.010000000000325,0.0,-0.381468420712648,-0.381468420712648,-0.381468420712648
C,2026-09-15 12:30:00,2026-09-15 15:45:00,-1,13,0,True,False,stop,24.13,-1.0049729300918513,0.0,-24.25064285714245,0.0,-1.0049729300918513,-1.0049729300918513,-2.0099458601837026
C,2026-09-16 03:30:00,2026-09-16 05:15:00,-1,7,0,True,False,stop,15.71,-1.007640565947635,0.0,-15.825642857142265,0.0,-1.007640565947635,-1.007640565947635,-2.01528113189527
C,2026-09-16 07:00:00,2026-09-16 17:00:00,1,40,0,False,False,time,47.77,0.2735842709228998,0.0,13.07000000000051,0.0,0.2735842709228998,0.2735842709228998,0.2735842709228998
B,2026-09-16 11:30:00,2026-09-16 14:00:00,1,5,0,False,True,tp,10.86,1.988954417246888,0.9889544172468883,21.6081428571423,10.744071428571152,1.988954417246888,1.988954417246888,1.988954417246888
B,2026-09-16 14:30:00,2026-09-16 21:00:00,1,13,0,False,True,stop,19.6,-1.0061228059945186,-1.0061228059945186,-19.718857142857015,-19.718857142857015,-1.0061228059945186,-1.0061228059945186,-1.0061228059945186
A,2026-09-16 14:45:00,2026-09-16 21:00:00,1,25,0,False,True,stop,19.38,-1.006193160244335,-1.006193160244335,-19.496214285714014,-19.496214285714014,-1.006193160244335,-1.006193160244335,-1.006193160244335
C,2026-09-16 22:45:00,2026-09-17 09:45:00,-1,40,3,True,False,time,97.74,-0.4184684464121351,0.0,-40.89999999999938,0.0,-0.4184684464121351,-0.4184684464121351,-0.8369368928242702
B,2026-09-17 01:30:00,2026-09-17 11:30:00,-1,20,0,True,False,time,100.0,-0.45170000000000177,0.0,-45.17000000000018,0.0,-0.45170000000000177,-0.45170000000000177,-0.9034000000000035
B,2026-09-17 17:30:00,2026-09-18 04:30:00,1,20,1,False,False,time,50.57,-0.12813161172957763,0.0,-6.479999999999855,0.0,-0.12813161172957763,-0.12813161172957763,-0.12813161172957763
C,2026-09-18 01:00:00,2026-09-18 03:15:00,-1,9,0,False,False,stop,12.13,-1.0140202881817222,0.0,-12.295285714285383,0.0,-1.0140202881817222,-1.0140202881817222,-1.0140202881817222
B,2026-09-18 02:00:00,2026-09-18 07:30:00,-1,11,0,False,False,stop,22.18,-1.0054114645742338,0.0,-22.29514285714242,0.0,-1.0054114645742338,-1.0054114645742338,-1.0054114645742338
C,2026-09-18 10:00:00,2026-09-18 15:15:00,1,21,0,True,False,stop,31.0,-1.0038705485811443,0.0,-31.123357142857568,0.0,-1.0038705485811443,-1.0038705485811443,-2.0077410971622887
A,2026-09-18 10:45:00,2026-09-18 23:45:00,1,52,0,True,False,flat,59.81,-0.2542983150676609,0.0,-15.210000000000145,0.0,-0.2542983150676609,-0.2542983150676609,-0.5085966301353217
B,2026-09-18 12:00:00,2026-09-18 15:00:00,1,6,0,True,False,stop,31.85,-1.0037679566684983,0.0,-31.967499999999855,0.0,-1.0037679566684983,-1.0037679566684983,-2.0075359133369965
B,2026-09-22 12:00:00,2026-09-22 20:30:00,-1,17,0,False,False,stop,34.22,-1.003506662659052,0.0,-34.34057142857102,0.0,-1.003506662659052,-1.003506662659052,-1.003506662659052
B,2026-09-22 23:30:00,2026-09-23 10:30:00,1,20,0,False,False,stop,36.24,-1.0046906348912286,0.0,-36.41242857142872,0.0,-1.0046906348912286,-1.0046906348912286,-1.0046906348912286
B,2026-09-23 02:30:00,2026-09-23 04:00:00,1,3,0,False,False,stop,17.22,-1.006969855375501,0.0,-17.336999999999644,0.0,-1.006969855375501,-1.006969855375501,-1.006969855375501
C,2026-09-23 06:00:00,2026-09-23 14:15:00,-1,33,0,False,True,tp,22.57,1.4946823158514468,0.4946823158514468,33.72932142857179,11.163107142857262,1.4946823158514468,1.4946823158514468,1.4946823158514468
A,2026-09-23 09:45:00,2026-09-23 14:15:00,-1,18,0,False,True,tp,16.46,1.4927107694043495,0.4927107694043496,24.573964285713263,8.111321428571392,1.4927107694043495,1.4927107694043495,1.4927107694043495
A,2026-09-23 14:00:00,2026-09-23 16:45:00,-1,11,0,True,True,tp,22.43,1.4946491532603337,0.49464915326033354,33.51953571428556,11.093178571428217,1.4946491532603337,1.9892983065206673,3.483947459781001
B,2026-09-23 15:30:00,2026-09-23 16:30:00,-1,2,0,True,False,tp,13.79,1.9913004753668815,0.0,27.467714285713445,0.0,1.9913004753668815,1.9913004753668815,3.982600950733763
B,2026-09-23 18:30:00,2026-09-24 05:30:00,-1,20,3,True,False,time,38.13,-0.2835048649539714,0.0,-10.810000000000144,0.0,-0.2835048649539714,-0.2835048649539714,-0.5670097299079428
A,2026-09-23 19:30:00,2026-09-24 16:30:00,-1,80,3,True,True,time,33.87,0.3167721378850702,-0.6832278621149298,10.72999999999982,-23.14292857142911,0.3167721378850702,-0.3664557242298596,-0.04968358634478942
B,2026-09-24 13:30:00,2026-09-24 23:30:00,-1,20,0,True,False,time,30.9,-0.5307357486124783,0.0,-16.399999999999746,0.0,-0.5307357486124783,-0.5307357486124783,-1.0614714972249566
C,2026-09-25 14:15:00,2026-09-25 16:15:00,1,8,0,False,False,stop,15.76,-1.0076148344226774,0.0,-15.878714285714631,0.0,-1.0076148344226774,-1.0076148344226774,-1.0076148344226774
C,2026-09-30 01:30:00,2026-09-30 08:15:00,1,27,0,False,False,stop,10.51,-1.011421656276132,0.0,-10.626357142857268,0.0,-1.011421656276132,-1.011421656276132,-1.011421656276132
C,2026-09-30 21:15:00,2026-10-01 03:30:00,-1,21,3,True,True,tp,9.54,1.267398349037243,0.26739834903724286,12.096321428572338,2.552107142857749,1.267398349037243,1.5347966980744858,2.8021950471117285
B,2026-09-30 22:00:00,2026-10-01 07:00:00,-1,16,3,True,False,stop,23.73,-1.0935631671794397,0.0,-25.947285714285243,0.0,-1.0935631671794397,-1.0935631671794397,-2.1871263343588794
C,2026-10-02 08:45:00,2026-10-02 13:00:00,1,17,0,True,False,stop,15.48,-1.0077537984381633,0.0,-15.59628571428595,0.0,-1.0077537984381633,-1.0077537984381633,-2.0155075968763265
C,2026-10-06 12:30:00,2026-10-06 22:30:00,1,40,0,False,True,time,21.48,0.6991528241412169,-1.005585774893272,15.020000000000328,-21.603142857142412,0.6991528241412169,0.6991528241412169,0.6991528241412169
C,2026-10-06 15:45:00,2026-10-06 16:45:00,1,4,0,False,False,stop,16.45,-1.0072954980697326,0.0,-16.568500000000423,0.0,-1.0072954980697326,-1.0072954980697326,-1.0072954980697326
A,2026-10-06 15:45:00,2026-10-07 07:30:00,1,59,1,False,False,stop,32.71,-1.0250699359493705,0.0,-33.52850000000064,0.0,-1.0250699359493705,-1.0250699359493705,-1.0250699359493705
B,2026-10-06 16:00:00,2026-10-06 17:00:00,1,2,0,False,False,stop,17.06,-1.0070336148174817,0.0,-17.180928571429032,0.0,-1.0070336148174817,-1.0070336148174817,-1.0070336148174817
C,2026-10-07 08:30:00,2026-10-07 12:30:00,-1,16,0,True,True,tp,11.88,1.4899020863011356,0.4899020863011358,17.705464285713678,5.821821428571529,1.4899020863011356,1.9798041726022715,3.469706258903407
B,2026-10-07 10:00:00,2026-10-07 15:00:00,-1,10,0,True,True,tp,16.8,1.9928584484979364,0.9928584484979361,33.486142857142916,16.683071428571456,1.9928584484979364,2.9857168969958723,4.978575345493809
A,2026-10-07 10:00:00,2026-10-07 15:15:00,-1,21,0,True,True,tp,17.99,1.4933280911191873,0.4933280911191873,26.85878571428464,8.872928571427911,1.4933280911191873,1.9866561822383746,3.479984273357562
A,2026-10-07 14:15:00,2026-10-07 15:15:00,-1,4,0,True,False,tp,20.44,1.4941293841793892,0.0,30.54117857142899,0.0,1.4941293841793892,1.4941293841793892,2.9882587683587785
B,2026-10-07 14:30:00,2026-10-07 15:00:00,-1,1,0,True,False,tp,18.55,1.9935294525454674,0.0,36.9711428571435,0.0,1.9935294525454674,1.9935294525454674,3.987058905090935
B,2026-10-07 16:30:00,2026-10-08 03:30:00,-1,20,3,True,False,time,28.78,-0.7366957903097776,0.0,-21.200000000000472,0.0,-0.7366957903097776,-0.7366957903097776,-1.4733915806195552
A,2026-10-07 16:30:00,2026-10-08 04:00:00,-1,42,3,True,False,stop,39.74,-1.055863511852124,0.0,-41.95971428571394,0.0,-1.055863511852124,-1.055863511852124,-2.111727023704248
B,2026-10-08 07:30:00,2026-10-08 13:30:00,1,12,0,False,False,flat,28.79,-0.5303240786679636,0.0,-15.269999999999635,0.0,-0.5303240786679636,-0.5303240786679636,-0.5303240786679636
