day,side,entry,exit,cost,t_in,t_out,why,pnl
2026-01-02,1,4353.07,4371.5,0.08,2026-01-02 02:45:00,2026-01-02 06:57:00,reverse,18.350000000000293
2026-01-02,-1,4371.5,4378.51,0.08,2026-01-02 06:57:00,2026-01-02 07:10:00,stop,-7.090000000000218
2026-01-02,1,4380.15,4373.74,0.08,2026-01-02 07:54:00,2026-01-02 08:45:00,reverse,-6.4899999999998546
2026-01-02,-1,4373.74,4378.04,0.08,2026-01-02 08:45:00,2026-01-02 09:33:00,reverse,-4.380000000000182
2026-01-02,1,4378.04,4378.04,0.08,2026-01-02 09:33:00,2026-01-02 15:25:00,stop,-0.08
2026-01-05,1,4389.54,4394.28,0.08,2026-01-05 02:31:00,2026-01-05 03:31:00,reverse,4.659999999999782
2026-01-05,-1,4394.28,4404.94,0.08,2026-01-05 03:31:00,2026-01-05 04:30:00,reverse,-10.739999999999855
2026-01-05,1,4404.94,4405.38,0.08,2026-01-05 04:30:00,2026-01-05 05:31:00,reverse,0.3600000000005093
2026-01-05,-1,4405.38,4406.37,0.08,2026-01-05 05:31:00,2026-01-05 06:36:00,reverse,-1.0699999999997818
2026-01-05,1,4406.37,4406.37,0.08,2026-01-05 06:36:00,2026-01-05 14:44:00,stop,-0.08
2026-01-06,1,4442.63,4436.71,0.08,2026-01-06 02:30:00,2026-01-06 02:34:00,stop,-6.000000000000073
2026-01-06,1,4444.26,4463.38,0.08,2026-01-06 03:53:00,2026-01-06 06:41:00,reverse,19.039999999999893
2026-01-06,-1,4463.38,4468.55,0.08,2026-01-06 06:41:00,2026-01-06 07:04:00,stop,-5.250000000000073
2026-01-06,1,4470.82,4466.97,0.08,2026-01-06 07:30:00,2026-01-06 07:39:00,stop,-3.9299999999994544
2026-01-06,1,4461.28,4461.76,0.08,2026-01-06 08:30:00,2026-01-06 09:52:00,reverse,0.4000000000004729
2026-01-06,-1,4461.76,4470.45,0.08,2026-01-06 09:52:00,2026-01-06 10:25:00,stop,-8.7699999999996
2026-01-06,-1,4457.55,4475.83,0.08,2026-01-06 11:11:00,2026-01-06 16:33:00,stop,-18.359999999999744
2026-01-07,1,4494.36,4489.8,0.08,2026-01-07 02:36:00,2026-01-07 02:38:00,stop,-4.639999999999491
2026-01-07,-1,4469.33,4475.67,0.08,2026-01-07 03:34:00,2026-01-07 04:31:00,reverse,-6.420000000000146
2026-01-07,1,4475.67,4472.03,0.08,2026-01-07 04:31:00,2026-01-07 06:05:00,reverse,-3.7200000000003275
2026-01-07,-1,4472.03,4455.0,0.08,2026-01-07 06:05:00,2026-01-07 09:30:00,reverse,16.949999999999747
2026-01-07,1,4455.0,4455.0,0.08,2026-01-07 09:30:00,2026-01-07 13:35:00,stop,-0.08
2026-01-08,-1,4454.19,4445.82,0.08,2026-01-08 02:36:00,2026-01-08 05:31:00,reverse,8.28999999999989
2026-01-08,1,4445.82,4437.43,0.08,2026-01-08 05:31:00,2026-01-08 06:02:00,stop,-8.469999999999418
2026-01-08,-1,4436.69,4429.4,0.08,2026-01-08 06:30:00,2026-01-08 08:31:00,reverse,7.2099999999999635
2026-01-08,1,4429.4,4430.87,0.08,2026-01-08 08:31:00,2026-01-08 09:45:00,reverse,1.3900000000002546
2026-01-08,-1,4430.87,4430.87,0.08,2026-01-08 09:45:00,2026-01-08 10:57:00,stop,-0.08
2026-01-09,-1,4463.62,4465.76,0.08,2026-01-09 02:50:00,2026-01-09 03:46:00,reverse,-2.2200000000003275
2026-01-09,1,4465.76,4468.91,0.08,2026-01-09 03:46:00,2026-01-09 04:32:00,reverse,3.069999999999636
2026-01-09,-1,4468.91,4465.72,0.08,2026-01-09 04:32:00,2026-01-09 06:56:00,reverse,3.1099999999995998
2026-01-09,1,4465.72,4460.85,0.08,2026-01-09 06:56:00,2026-01-09 07:16:00,stop,-4.949999999999891
2026-01-09,1,4466.84,4468.8,0.08,2026-01-09 07:30:00,2026-01-09 09:35:00,reverse,1.8800000000000363
2026-01-09,-1,4468.8,4475.55,0.08,2026-01-09 09:35:00,2026-01-09 10:07:00,stop,-6.83
2026-01-09,-1,4466.43,4476.9,0.08,2026-01-09 10:40:00,2026-01-09 11:20:00,stop,-10.549999999999345
2026-01-12,1,4565.97,4574.0,0.08,2026-01-12 02:30:00,2026-01-12 03:39:00,reverse,7.949999999999745
2026-01-12,-1,4574.0,4575.01,0.08,2026-01-12 03:39:00,2026-01-12 04:40:00,reverse,-1.0900000000002183
2026-01-12,1,4575.01,4565.68,0.08,2026-01-12 04:40:00,2026-01-12 06:34:00,reverse,-9.409999999999927
2026-01-12,-1,4565.68,4572.19,0.08,2026-01-12 06:34:00,2026-01-12 07:16:00,stop,-6.589999999999309
2026-01-12,1,4573.98,4573.98,0.08,2026-01-12 07:30:00,2026-01-12 08:07:00,stop,-0.08
2026-01-12,1,4580.96,4580.96,0.08,2026-01-12 09:08:00,2026-01-12 14:08:00,stop,-0.08
2026-01-13,-1,4588.26,4588.26,0.08,2026-01-13 02:30:00,2026-01-13 04:06:00,stop,-0.08
2026-01-13,1,4590.6,4592.88,0.08,2026-01-13 04:45:00,2026-01-13 05:50:00,reverse,2.1999999999997453
2026-01-13,-1,4592.88,4599.69,0.08,2026-01-13 05:50:00,2026-01-13 06:20:00,stop,-6.889999999999491
2026-01-13,1,4599.7,4594.04,0.08,2026-01-13 06:44:00,2026-01-13 07:05:00,stop,-5.7399999999998546
2026-01-13,1,4601.62,4591.96,0.08,2026-01-13 07:30:00,2026-01-13 07:31:00,stop,-9.739999999999855
2026-01-13,-1,4582.55,4585.4,0.08,2026-01-13 08:33:00,2026-01-13 09:30:00,reverse,-2.9299999999994544
2026-01-13,1,4585.4,4579.03,0.08,2026-01-13 09:30:00,2026-01-13 09:46:00,stop,-6.449999999999891
2026-01-13,1,4592.55,4579.75,0.08,2026-01-13 10:31:00,2026-01-13 14:23:00,stop,-12.880000000000182
2026-01-14,1,4610.65,4629.27,0.08,2026-01-14 02:42:00,2026-01-14 07:56:00,reverse,18.540000000000802
2026-01-14,-1,4629.27,4629.27,0.08,2026-01-14 07:56:00,2026-01-14 08:12:00,stop,-0.08
2026-01-14,1,4635.36,4631.64,0.08,2026-01-14 08:57:00,2026-01-14 10:00:00,reverse,-3.7999999999993452
2026-01-14,-1,4631.64,4631.64,0.08,2026-01-14 10:00:00,2026-01-14 10:41:00,stop,-0.08
2026-01-14,1,4634.16,4621.99,0.08,2026-01-14 10:46:00,2026-01-14 16:38:00,stop,-12.250000000000073
2026-01-15,-1,4611.72,4611.72,0.09,2026-01-15 02:48:00,2026-01-15 04:10:00,stop,-0.09
2026-01-15,1,4614.72,4597.59,0.09,2026-01-15 04:30:00,2026-01-15 04:52:00,stop,-17.22000000000011
2026-01-15,-1,4581.33,4593.11,0.09,2026-01-15 05:30:00,2026-01-15 07:30:00,reverse,-11.869999999999745
2026-01-15,1,4593.11,4605.95,0.09,2026-01-15 07:30:00,2026-01-15 09:38:00,reverse,12.750000000000146
2026-01-15,-1,4605.95,4605.95,0.09,2026-01-15 09:38:00,2026-01-15 10:16:00,stop,-0.09
2026-01-15,1,4606.33,4606.33,0.09,2026-01-15 10:43:00,2026-01-15 15:19:00,stop,-0.09
2026-01-16,-1,4603.46,4603.46,0.09,2026-01-16 02:34:00,2026-01-16 03:08:00,stop,-0.09
2026-01-16,1,4607.33,4596.96,0.09,2026-01-16 03:30:00,2026-01-16 04:32:00,reverse,-10.45999999999989
2026-01-16,-1,4596.96,4601.43,0.09,2026-01-16 04:32:00,2026-01-16 06:57:00,reverse,-4.5600000000002545
2026-01-16,1,4601.43,4596.11,0.09,2026-01-16 06:57:00,2026-01-16 07:13:00,stop,-5.410000000000618
2026-01-16,1,4601.63,4603.72,0.09,2026-01-16 07:30:00,2026-01-16 08:31:00,reverse,2.0000000000001457
2026-01-16,-1,4603.72,4603.72,0.09,2026-01-16 08:31:00,2026-01-16 09:06:00,stop,-0.09
2026-01-16,-1,4604.8,4610.63,0.09,2026-01-16 10:36:00,2026-01-16 12:24:00,stop,-5.919999999999927
2026-01-16,1,4612.13,4596.9,0.09,2026-01-16 13:33:00,2026-01-16 15:10:00,stop,-15.320000000000473
2026-01-19,1,4678.35,4661.13,0.09,2026-01-19 02:34:00,2026-01-19 03:16:00,stop,-17.310000000000255
2026-01-19,-1,4656.6,4665.09,0.09,2026-01-19 03:39:00,2026-01-19 05:00:00,reverse,-8.579999999999782
2026-01-19,1,4665.09,4662.49,0.09,2026-01-19 05:00:00,2026-01-19 05:31:00,reverse,-2.6900000000003637
2026-01-19,-1,4662.49,4664.92,0.09,2026-01-19 05:31:00,2026-01-19 06:52:00,reverse,-2.520000000000291
2026-01-19,1,4664.92,4664.92,0.09,2026-01-19 06:52:00,2026-01-19 07:43:00,stop,-0.09
2026-01-19,1,4672.68,4672.68,0.09,2026-01-19 08:31:00,2026-01-19 09:10:00,stop,-0.09
2026-01-19,-1,4663.86,4678.64,0.09,2026-01-19 09:45:00,2026-01-19 19:54:00,stop,-14.870000000000655
2026-01-20,1,4668.04,4694.76,0.09,2026-01-20 03:04:00,2026-01-20 07:30:00,reverse,26.630000000000255
2026-01-20,-1,4694.76,4701.53,0.15,2026-01-20 07:30:00,2026-01-20 07:34:00,stop,-6.919999999999527
2026-01-20,-1,4707.54,4717.04,0.08,2026-01-20 08:37:00,2026-01-20 09:13:00,stop,-9.58
2026-01-20,1,4722.07,4722.07,0.08,2026-01-20 09:46:00,2026-01-20 13:07:00,stop,-0.08
2026-01-21,1,4779.9,4864.51,0.13,2026-01-21 02:30:00,2026-01-21 08:40:00,reverse,84.48000000000059
2026-01-21,-1,4864.51,4850.55,0.1,2026-01-21 08:40:00,2026-01-21 09:30:00,reverse,13.860000000000037
2026-01-21,1,4850.55,4853.8,0.09,2026-01-21 09:30:00,2026-01-21 10:58:00,reverse,3.16
2026-01-21,-1,4853.8,4869.57,0.09,2026-01-21 10:58:00,2026-01-21 11:26:00,stop,-15.859999999999527
2026-01-22,1,4794.2,4778.11,0.1,2026-01-22 02:43:00,2026-01-22 03:03:00,stop,-16.190000000000147
2026-01-22,-1,4786.62,4786.62,0.1,2026-01-22 04:30:00,2026-01-22 04:46:00,stop,-0.1
2026-01-22,1,4796.25,4794.64,0.1,2026-01-22 05:52:00,2026-01-22 06:30:00,reverse,-1.7099999999996727
2026-01-22,-1,4794.64,4800.53,0.1,2026-01-22 06:30:00,2026-01-22 07:04:00,stop,-5.989999999999418
2026-01-22,1,4801.53,4824.47,0.1,2026-01-22 07:40:00,2026-01-22 10:31:00,reverse,22.840000000000508
2026-01-22,-1,4824.47,4835.59,0.1,2026-01-22 10:31:00,2026-01-22 11:11:00,stop,-11.21999999999989
2026-01-23,-1,4948.24,4963.38,0.16,2026-01-23 02:33:00,2026-01-23 02:58:00,stop,-15.300000000000328
2026-01-23,1,4956.78,4946.88,0.1,2026-01-23 04:30:00,2026-01-23 05:18:00,stop,-9.999999999999636
2026-01-23,1,4953.63,4953.63,0.1,2026-01-23 06:31:00,2026-01-23 08:11:00,stop,-0.1
2026-01-23,-1,4951.72,4951.72,0.1,2026-01-23 09:41:00,2026-01-23 16:46:00,stop,-0.1
2026-01-26,1,5043.84,5030.7,0.1,2026-01-26 02:30:00,2026-01-26 03:01:00,stop,-13.240000000000327
2026-01-26,1,5075.38,5071.62,0.12,2026-01-26 03:31:00,2026-01-26 05:52:00,reverse,-3.8800000000002184
2026-01-26,-1,5071.62,5071.62,0.11,2026-01-26 05:52:00,2026-01-26 07:49:00,stop,-0.11
2026-01-26,1,5072.86,5072.86,0.1,2026-01-26 07:51:00,2026-01-26 15:02:00,stop,-0.1
2026-01-27,-1,5038.52,5038.52,0.1,2026-01-27 02:41:00,2026-01-27 03:05:00,stop,-0.1
2026-01-27,1,5070.4,5068.63,0.1,2026-01-27 04:30:00,2026-01-27 06:36:00,reverse,-1.8699999999995272
2026-01-27,-1,5068.63,5068.63,0.1,2026-01-27 06:36:00,2026-01-27 07:31:00,stop,-0.1
2026-01-27,1,5068.68,5075.34,0.1,2026-01-27 07:31:00,2026-01-27 10:31:00,reverse,6.559999999999855
2026-01-27,-1,5075.34,5088.32,0.1,2026-01-27 10:31:00,2026-01-27 11:29:00,stop,-13.079999999999563
2026-01-28,1,5173.16,5230.33,0.1,2026-01-28 02:51:00,2026-01-28 05:38:00,reverse,57.07000000000007
2026-01-28,-1,5230.33,5241.23,0.1,2026-01-28 05:38:00,2026-01-28 06:42:00,reverse,-10.999999999999636
2026-01-28,1,5241.23,5241.23,0.1,2026-01-28 06:42:00,2026-01-28 13:06:00,stop,-0.1
2026-01-29,1,5513.08,5454.62,0.1,2026-01-29 02:33:00,2026-01-29 03:09:00,stop,-58.56000000000004
2026-01-29,1,5526.72,5562.35,0.1,2026-01-29 03:40:00,2026-01-29 08:48:00,reverse,35.53000000000011
2026-01-29,-1,5562.35,5377.9,0.1,2026-01-29 08:48:00,2026-01-29 23:57:00,close,184.35000000000073
2026-01-30,-1,5418.99,5230.46,0.1,2026-01-30 02:30:00,2026-01-30 07:16:00,reverse,188.42999999999975
2026-01-30,1,5230.46,5203.83,0.1,2026-01-30 07:16:00,2026-01-30 07:56:00,reverse,-26.73000000000011
2026-01-30,-1,5203.83,4885.55,0.1,2026-01-30 07:56:00,2026-01-30 23:56:00,close,318.1799999999997
2026-02-02,-1,4740.57,4740.57,0.1,2026-02-02 03:00:00,2026-02-02 03:51:00,stop,-0.1
2026-02-02,1,4749.33,4699.18,0.1,2026-02-02 04:31:00,2026-02-02 04:58:00,stop,-50.24999999999964
2026-02-02,-1,4664.68,4704.98,0.1,2026-02-02 05:35:00,2026-02-02 06:46:00,reverse,-40.399999999999274
2026-02-02,1,4704.98,4649.78,0.1,2026-02-02 06:46:00,2026-02-02 07:30:00,reverse,-55.29999999999982
2026-02-02,-1,4649.78,4574.76,0.1,2026-02-02 07:30:00,2026-02-02 09:40:00,reverse,74.91999999999953
2026-02-02,1,4574.76,4658.41,0.1,2026-02-02 09:40:00,2026-02-02 23:57:00,close,83.54999999999964
2026-02-03,1,4829.28,4766.27,0.1,2026-02-03 02:31:00,2026-02-03 04:26:00,stop,-63.10999999999931
2026-02-03,-1,4761.17,4794.36,0.1,2026-02-03 04:30:00,2026-02-03 05:37:00,reverse,-33.2899999999996
2026-02-03,1,4794.36,4946.45,0.1,2026-02-03 05:37:00,2026-02-03 23:57:00,close,151.99000000000015
2026-02-04,1,4999.65,5046.72,0.1,2026-02-04 02:49:00,2026-02-04 04:34:00,reverse,46.97000000000062
2026-02-04,-1,5046.72,5056.67,0.1,2026-02-04 04:34:00,2026-02-04 05:31:00,reverse,-10.049999999999818
2026-02-04,1,5056.67,5076.85,0.1,2026-02-04 05:31:00,2026-02-04 07:32:00,reverse,20.08000000000029
2026-02-04,-1,5076.85,5085.34,0.1,2026-02-04 07:32:00,2026-02-04 07:41:00,stop,-8.589999999999781
2026-02-04,1,5082.79,5074.95,0.1,2026-02-04 09:25:00,2026-02-04 10:30:00,reverse,-7.940000000000145
2026-02-04,-1,5074.95,4965.2,0.1,2026-02-04 10:30:00,2026-02-04 23:57:00,close,109.65
2026-02-05,1,5019.41,4997.24,0.1,2026-02-05 02:45:00,2026-02-05 03:01:00,stop,-22.270000000000074
2026-02-05,-1,4936.1,4887.89,0.1,2026-02-05 04:07:00,2026-02-05 06:20:00,reverse,48.110000000000035
2026-02-05,1,4887.89,4863.54,0.1,2026-02-05 06:20:00,2026-02-05 07:00:00,reverse,-24.450000000000365
2026-02-05,-1,4863.54,4863.54,0.1,2026-02-05 07:00:00,2026-02-05 07:41:00,stop,-0.1
2026-02-05,1,4930.29,4911.35,0.1,2026-02-05 08:44:00,2026-02-05 09:38:00,reverse,-19.0399999999996
2026-02-05,-1,4911.35,4940.74,0.1,2026-02-05 09:38:00,2026-02-05 10:13:00,stop,-29.48999999999942
2026-02-05,-1,4912.86,4776.55,0.1,2026-02-05 10:48:00,2026-02-05 23:57:00,close,136.2099999999995
2026-02-06,1,4729.96,4801.83,0.1,2026-02-06 02:30:00,2026-02-06 05:42:00,reverse,71.7699999999999
2026-02-06,-1,4801.83,4827.9,0.1,2026-02-06 05:42:00,2026-02-06 06:30:00,reverse,-26.16999999999971
2026-02-06,1,4827.9,4848.7,0.1,2026-02-06 06:30:00,2026-02-06 08:34:00,reverse,20.70000000000018
2026-02-06,-1,4848.7,4874.4,0.1,2026-02-06 08:34:00,2026-02-06 10:31:00,reverse,-25.79999999999982
2026-02-06,1,4874.4,4966.01,0.1,2026-02-06 10:31:00,2026-02-06 23:56:00,close,91.51000000000059
2026-02-09,-1,5023.09,5001.74,0.1,2026-02-09 02:41:00,2026-02-09 04:32:00,reverse,21.250000000000362
2026-02-09,1,5001.74,5008.93,0.1,2026-02-09 04:32:00,2026-02-09 06:57:00,reverse,7.09000000000051
2026-02-09,-1,5008.93,5024.86,0.1,2026-02-09 06:57:00,2026-02-09 07:22:00,stop,-16.029999999999383
2026-02-09,1,5031.4,5011.35,0.1,2026-02-09 07:30:00,2026-02-09 09:14:00,stop,-20.149999999999274
2026-02-09,-1,5014.04,5031.38,0.1,2026-02-09 09:14:00,2026-02-09 10:18:00,reverse,-17.440000000000147
2026-02-09,1,5031.38,4997.64,0.1,2026-02-09 10:18:00,2026-02-09 12:02:00,stop,-33.83999999999978
2026-02-10,-1,5031.88,5031.88,0.1,2026-02-10 02:35:00,2026-02-10 03:10:00,stop,-0.1
2026-02-10,1,5037.77,5031.81,0.1,2026-02-10 04:03:00,2026-02-10 05:05:00,reverse,-6.060000000000036
2026-02-10,-1,5031.81,5031.03,0.1,2026-02-10 05:05:00,2026-02-10 06:49:00,reverse,0.6800000000006549
2026-02-10,1,5031.03,5017.67,0.1,2026-02-10 06:49:00,2026-02-10 07:27:00,stop,-13.459999999999672
2026-02-10,-1,5016.64,5035.4,0.1,2026-02-10 07:27:00,2026-02-10 07:46:00,reverse,-18.85999999999931
2026-02-10,1,5035.4,5030.84,0.1,2026-02-10 07:46:00,2026-02-10 08:31:00,reverse,-4.65999999999949
2026-02-10,-1,5030.84,5034.3,0.1,2026-02-10 08:31:00,2026-02-10 09:36:00,reverse,-3.5600000000000365
2026-02-10,1,5034.3,5034.3,0.1,2026-02-10 09:36:00,2026-02-10 14:44:00,stop,-0.1
2026-02-11,1,5044.46,5053.24,0.1,2026-02-11 02:31:00,2026-02-11 06:42:00,reverse,8.679999999999746
2026-02-11,-1,5053.24,5053.24,0.1,2026-02-11 06:42:00,2026-02-11 07:26:00,stop,-0.1
2026-02-11,1,5053.57,5053.57,0.1,2026-02-11 07:30:00,2026-02-11 07:50:00,stop,-0.1
2026-02-11,1,5061.56,5052.83,0.1,2026-02-11 08:52:00,2026-02-11 09:47:00,reverse,-8.830000000000473
2026-02-11,-1,5052.83,5069.34,0.1,2026-02-11 09:47:00,2026-02-11 11:46:00,stop,-16.61000000000022
2026-02-12,-1,5049.92,5063.06,0.1,2026-02-12 03:04:00,2026-02-12 03:38:00,reverse,-13.240000000000327
2026-02-12,1,5063.06,5062.35,0.1,2026-02-12 03:38:00,2026-02-12 04:35:00,reverse,-0.8100000000000364
2026-02-12,-1,5062.35,5072.76,0.1,2026-02-12 04:35:00,2026-02-12 05:08:00,stop,-10.509999999999854
2026-02-12,-1,5055.01,5059.14,0.1,2026-02-12 06:01:00,2026-02-12 06:35:00,reverse,-4.230000000000109
2026-02-12,1,5059.14,5065.6,0.1,2026-02-12 06:35:00,2026-02-12 07:33:00,reverse,6.360000000000037
2026-02-12,-1,5065.6,5065.6,0.1,2026-02-12 07:33:00,2026-02-12 09:14:00,stop,-0.1
2026-02-12,1,5066.37,5060.84,0.1,2026-02-12 10:00:00,2026-02-12 10:30:00,reverse,-5.629999999999745
2026-02-12,-1,5060.84,5073.6,0.1,2026-02-12 10:30:00,2026-02-12 11:05:00,stop,-12.860000000000218
2026-02-13,1,4948.56,4975.76,0.1,2026-02-13 03:01:00,2026-02-13 06:43:00,reverse,27.099999999999817
2026-02-13,-1,4975.76,4961.83,0.1,2026-02-13 06:43:00,2026-02-13 08:34:00,reverse,13.830000000000291
2026-02-13,1,4961.83,4972.43,0.1,2026-02-13 08:34:00,2026-02-13 10:51:00,reverse,10.500000000000364
2026-02-13,-1,4972.43,4972.43,0.1,2026-02-13 10:51:00,2026-02-13 14:23:00,stop,-0.1
2026-02-16,1,5021.79,5018.99,0.1,2026-02-16 02:52:00,2026-02-16 04:33:00,reverse,-2.900000000000182
2026-02-16,-1,5018.99,4988.64,0.1,2026-02-16 04:33:00,2026-02-16 07:30:00,reverse,30.249999999999453
2026-02-16,1,4988.64,4988.64,0.1,2026-02-16 07:30:00,2026-02-16 16:37:00,stop,-0.1
2026-02-17,-1,4971.25,4958.08,0.1,2026-02-17 02:42:00,2026-02-17 03:31:00,reverse,13.070000000000073
2026-02-17,1,4958.08,4954.61,0.1,2026-02-17 03:31:00,2026-02-17 05:26:00,reverse,-3.5700000000002547
2026-02-17,-1,4954.61,4901.42,0.1,2026-02-17 05:26:00,2026-02-17 08:33:00,reverse,53.0899999999996
2026-02-17,1,4901.42,4916.59,0.1,2026-02-17 08:33:00,2026-02-17 11:47:00,reverse,15.070000000000073
2026-02-17,-1,4916.59,4930.37,0.1,2026-02-17 11:47:00,2026-02-17 11:53:00,stop,-13.879999999999745
2026-02-18,1,4872.46,4930.07,0.1,2026-02-18 02:32:00,2026-02-18 09:54:00,reverse,57.50999999999967
2026-02-18,-1,4930.07,4930.07,0.1,2026-02-18 09:54:00,2026-02-18 14:42:00,stop,-0.1
2026-02-19,-1,4961.44,4968.62,0.1,2026-02-19 02:51:00,2026-02-19 03:36:00,reverse,-7.280000000000291
2026-02-19,1,4968.62,4968.62,0.1,2026-02-19 03:36:00,2026-02-19 04:16:00,stop,-0.1
2026-02-19,1,4971.82,5014.93,0.1,2026-02-19 05:30:00,2026-02-19 09:41:00,reverse,43.01000000000058
2026-02-19,-1,5014.93,5014.93,0.1,2026-02-19 09:41:00,2026-02-19 10:29:00,stop,-0.1
2026-02-19,1,5015.02,5006.48,0.1,2026-02-19 10:30:00,2026-02-19 11:28:00,stop,-8.640000000000873
2026-02-20,1,4996.26,4996.26,0.1,2026-02-20 02:45:00,2026-02-20 03:27:00,stop,-0.1
2026-02-20,-1,4996.11,4998.41,0.1,2026-02-20 03:37:00,2026-02-20 05:37:00,reverse,-2.400000000000182
2026-02-20,1,4998.41,4989.95,0.1,2026-02-20 05:37:00,2026-02-20 05:41:00,stop,-8.560000000000036
2026-02-20,1,4994.73,4998.9,0.1,2026-02-20 06:30:00,2026-02-20 07:42:00,reverse,4.070000000000073
2026-02-20,-1,4998.9,5006.21,0.1,2026-02-20 07:42:00,2026-02-20 07:48:00,stop,-7.4100000000004
2026-02-20,1,5029.47,5011.92,0.1,2026-02-20 08:45:00,2026-02-20 09:23:00,stop,-17.650000000000183
2026-02-20,-1,5009.62,5019.89,0.1,2026-02-20 09:56:00,2026-02-20 10:30:00,reverse,-10.370000000000436
2026-02-20,1,5019.89,5019.89,0.1,2026-02-20 10:30:00,2026-02-20 12:11:00,stop,-0.1
2026-02-23,1,5159.52,5155.59,0.1,2026-02-23 03:30:00,2026-02-23 07:04:00,reverse,-4.030000000000291
2026-02-23,-1,5155.59,5155.59,0.1,2026-02-23 07:04:00,2026-02-23 12:24:00,stop,-0.1
2026-02-24,-1,5218.03,5181.81,0.1,2026-02-24 03:00:00,2026-02-24 04:33:00,reverse,36.119999999999344
2026-02-24,1,5181.81,5182.24,0.1,2026-02-24 04:33:00,2026-02-24 05:31:00,reverse,0.32999999999938157
2026-02-24,-1,5182.24,5175.15,0.1,2026-02-24 05:31:00,2026-02-24 07:21:00,reverse,6.990000000000146
2026-02-24,1,5175.15,5167.04,0.1,2026-02-24 07:21:00,2026-02-24 08:34:00,reverse,-8.209999999999672
2026-02-24,-1,5167.04,5183.41,0.1,2026-02-24 08:34:00,2026-02-24 09:30:00,reverse,-16.469999999999892
2026-02-24,1,5183.41,5164.24,0.1,2026-02-24 09:30:00,2026-02-24 12:36:00,stop,-19.270000000000074
2026-02-25,1,5149.68,5176.62,0.1,2026-02-25 02:31:00,2026-02-25 04:50:00,reverse,26.8399999999996
2026-02-25,-1,5176.62,5185.23,0.1,2026-02-25 04:50:00,2026-02-25 07:02:00,reverse,-8.709999999999672
2026-02-25,1,5185.23,5185.23,0.1,2026-02-25 07:02:00,2026-02-25 08:08:00,stop,-0.1
2026-02-25,-1,5182.44,5194.11,0.1,2026-02-25 09:53:00,2026-02-25 10:30:00,reverse,-11.770000000000072
2026-02-25,1,5194.11,5184.72,0.1,2026-02-25 10:30:00,2026-02-25 10:59:00,stop,-9.489999999999418
2026-02-26,1,5186.26,5178.96,0.1,2026-02-26 02:30:00,2026-02-26 03:30:00,reverse,-7.4000000000001815
2026-02-26,-1,5178.96,5193.84,0.1,2026-02-26 03:30:00,2026-02-26 06:00:00,reverse,-14.980000000000109
2026-02-26,1,5193.84,5191.61,0.1,2026-02-26 06:00:00,2026-02-26 06:49:00,reverse,-2.330000000000473
2026-02-26,-1,5191.61,5199.27,0.1,2026-02-26 06:49:00,2026-02-26 07:13:00,stop,-7.760000000000764
2026-02-26,-1,5193.14,5193.14,0.1,2026-02-26 08:49:00,2026-02-26 21:48:00,stop,-0.1
2026-02-27,-1,5178.84,5180.07,0.1,2026-02-27 02:36:00,2026-02-27 03:32:00,reverse,-1.3299999999995635
2026-02-27,1,5180.07,5184.19,0.1,2026-02-27 03:32:00,2026-02-27 04:30:00,reverse,4.019999999999891
2026-02-27,-1,5184.19,5188.17,0.1,2026-02-27 04:30:00,2026-02-27 05:30:00,reverse,-4.080000000000473
2026-02-27,1,5188.17,5181.2,0.1,2026-02-27 05:30:00,2026-02-27 06:59:00,stop,-7.070000000000254
2026-02-27,-1,5181.78,5188.81,0.1,2026-02-27 06:59:00,2026-02-27 07:24:00,stop,-7.1300000000006545
2026-02-27,1,5194.84,5192.47,0.1,2026-02-27 07:30:00,2026-02-27 08:35:00,reverse,-2.469999999999891
2026-02-27,-1,5192.47,5182.4,0.1,2026-02-27 08:35:00,2026-02-27 11:45:00,reverse,9.970000000000619
2026-02-27,1,5182.4,5174.43,0.1,2026-02-27 11:45:00,2026-02-27 11:48:00,stop,-8.069999999999345
2026-03-02,-1,5349.64,5336.24,0.1,2026-03-02 02:53:00,2026-03-02 04:35:00,reverse,13.300000000000546
2026-03-02,1,5336.24,5355.75,0.1,2026-03-02 04:35:00,2026-03-02 06:36:00,reverse,19.410000000000217
2026-03-02,-1,5355.75,5355.75,0.1,2026-03-02 06:36:00,2026-03-02 07:33:00,stop,-0.1
2026-03-02,1,5356.1,5385.04,0.1,2026-03-02 07:33:00,2026-03-02 12:02:00,reverse,28.8399999999996
2026-03-02,-1,5385.04,5322.43,0.1,2026-03-02 12:02:00,2026-03-02 23:57:00,close,62.50999999999967
2026-03-03,1,5358.83,5347.37,0.1,2026-03-03 02:30:00,2026-03-03 03:47:00,reverse,-11.560000000000036
2026-03-03,-1,5347.37,5359.58,0.1,2026-03-03 03:47:00,2026-03-03 04:30:00,reverse,-12.310000000000036
2026-03-03,1,5359.58,5364.01,0.1,2026-03-03 04:30:00,2026-03-03 05:52:00,reverse,4.330000000000291
2026-03-03,-1,5364.01,5373.54,0.1,2026-03-03 05:52:00,2026-03-03 06:26:00,stop,-9.629999999999745
2026-03-03,-1,5359.43,5320.02,0.1,2026-03-03 07:00:00,2026-03-03 09:33:00,reverse,39.30999999999985
2026-03-03,1,5320.02,5320.02,0.1,2026-03-03 09:33:00,2026-03-03 10:14:00,stop,-0.1
2026-03-03,-1,5311.0,5090.31,0.1,2026-03-03 10:30:00,2026-03-03 23:57:00,close,220.5899999999996
2026-03-04,1,5129.02,5168.18,0.1,2026-03-04 02:30:00,2026-03-04 04:35:00,reverse,39.05999999999985
2026-03-04,-1,5168.18,5168.18,0.1,2026-03-04 04:35:00,2026-03-04 05:26:00,stop,-0.1
2026-03-04,1,5168.19,5163.08,0.1,2026-03-04 05:50:00,2026-03-04 06:36:00,reverse,-5.209999999999672
2026-03-04,-1,5163.08,5166.47,0.1,2026-03-04 06:36:00,2026-03-04 07:42:00,reverse,-3.4900000000003275
2026-03-04,1,5166.47,5152.2,0.1,2026-03-04 07:42:00,2026-03-04 08:01:00,stop,-14.370000000000436
2026-03-04,1,5160.01,5158.45,0.1,2026-03-04 08:59:00,2026-03-04 10:04:00,reverse,-1.6600000000004003
2026-03-04,-1,5158.45,5172.14,0.1,2026-03-04 10:04:00,2026-03-04 10:42:00,reverse,-13.790000000000509
2026-03-04,1,5172.14,5172.14,0.1,2026-03-04 10:42:00,2026-03-04 14:31:00,stop,-0.1
2026-03-05,1,5179.86,5169.98,0.1,2026-03-05 03:06:00,2026-03-05 03:41:00,reverse,-9.980000000000109
2026-03-05,-1,5169.98,5186.49,0.1,2026-03-05 03:41:00,2026-03-05 04:23:00,stop,-16.61000000000022
2026-03-05,1,5188.05,5184.04,0.1,2026-03-05 04:53:00,2026-03-05 05:30:00,reverse,-4.110000000000218
2026-03-05,-1,5184.04,5155.33,0.1,2026-03-05 05:30:00,2026-03-05 08:40:00,reverse,28.610000000000035
2026-03-05,1,5155.33,5159.91,0.1,2026-03-05 08:40:00,2026-03-05 09:36:00,reverse,4.479999999999928
2026-03-05,-1,5159.91,5159.91,0.1,2026-03-05 09:36:00,2026-03-05 10:36:00,stop,-0.1
2026-03-05,1,5162.61,5137.63,0.1,2026-03-05 10:41:00,2026-03-05 15:17:00,stop,-25.079999999999565
2026-03-06,-1,5074.3,5088.97,0.1,2026-03-06 03:00:00,2026-03-06 03:31:00,reverse,-14.770000000000072
2026-03-06,1,5088.97,5125.58,0.1,2026-03-06 03:31:00,2026-03-06 04:38:00,reverse,36.50999999999967
2026-03-06,-1,5125.58,5138.61,0.1,2026-03-06 04:38:00,2026-03-06 05:19:00,stop,-13.129999999999745
2026-03-06,-1,5127.65,5129.99,0.1,2026-03-06 06:57:00,2026-03-06 07:30:00,reverse,-2.4400000000001456
2026-03-06,1,5129.99,5122.93,0.1,2026-03-06 07:30:00,2026-03-06 07:31:00,stop,-7.15999999999949
2026-03-06,-1,5109.3,5119.77,0.1,2026-03-06 09:07:00,2026-03-06 09:56:00,reverse,-10.570000000000254
2026-03-06,1,5119.77,5105.79,0.1,2026-03-06 09:56:00,2026-03-06 10:25:00,stop,-14.080000000000473
2026-03-06,-1,5099.47,5099.47,0.1,2026-03-06 10:30:00,2026-03-06 13:31:00,stop,-0.1
2026-03-09,-1,5094.12,5094.12,0.1,2026-03-09 02:35:00,2026-03-09 05:10:00,stop,-0.1
2026-03-09,1,5087.8,5084.24,0.1,2026-03-09 05:10:00,2026-03-09 06:30:00,reverse,-3.6600000000004003
2026-03-09,-1,5084.24,5102.37,0.1,2026-03-09 06:30:00,2026-03-09 08:23:00,stop,-18.23000000000011
2026-03-09,1,5104.42,5119.14,0.1,2026-03-09 08:33:00,2026-03-09 09:36:00,reverse,14.620000000000255
2026-03-09,-1,5119.14,5106.98,0.1,2026-03-09 09:36:00,2026-03-09 10:30:00,reverse,12.060000000000764
2026-03-09,1,5106.98,5088.74,0.1,2026-03-09 10:30:00,2026-03-09 11:32:00,stop,-18.339999999999783
2026-03-10,-1,5138.47,5156.07,0.1,2026-03-10 02:44:00,2026-03-10 04:20:00,stop,-17.699999999999456
2026-03-10,1,5167.74,5170.66,0.1,2026-03-10 04:41:00,2026-03-10 05:56:00,reverse,2.8200000000000727
2026-03-10,-1,5170.66,5166.58,0.1,2026-03-10 05:56:00,2026-03-10 08:01:00,reverse,3.979999999999927
2026-03-10,1,5166.58,5171.95,0.1,2026-03-10 08:01:00,2026-03-10 10:02:00,reverse,5.269999999999891
2026-03-10,-1,5171.95,5171.95,0.1,2026-03-10 10:02:00,2026-03-10 10:37:00,stop,-0.1
2026-03-10,1,5178.84,5158.63,0.1,2026-03-10 10:49:00,2026-03-10 13:37:00,stop,-20.310000000000038
2026-03-11,1,5197.26,5187.77,0.1,2026-03-11 02:59:00,2026-03-11 03:09:00,stop,-9.589999999999781
2026-03-11,1,5215.62,5210.74,0.1,2026-03-11 03:47:00,2026-03-11 04:51:00,reverse,-4.980000000000109
2026-03-11,-1,5210.74,5209.75,0.1,2026-03-11 04:51:00,2026-03-11 05:43:00,reverse,0.8899999999997817
2026-03-11,1,5209.75,5204.58,0.1,2026-03-11 05:43:00,2026-03-11 06:30:00,reverse,-5.270000000000072
2026-03-11,-1,5204.58,5177.2,0.1,2026-03-11 06:30:00,2026-03-11 23:57:00,close,27.280000000000108
2026-03-12,1,5157.05,5135.47,0.1,2026-03-12 02:30:00,2026-03-12 02:58:00,stop,-21.67999999999993
2026-03-12,1,5157.88,5167.24,0.1,2026-03-12 03:37:00,2026-03-12 05:34:00,reverse,9.259999999999673
2026-03-12,-1,5167.24,5149.17,0.1,2026-03-12 05:34:00,2026-03-12 08:34:00,reverse,17.969999999999708
2026-03-12,1,5149.17,5149.17,0.1,2026-03-12 08:34:00,2026-03-12 16:54:00,stop,-0.1
2026-03-13,1,5099.52,5115.24,0.1,2026-03-13 02:49:00,2026-03-13 05:46:00,reverse,15.619999999999346
2026-03-13,-1,5115.24,5110.21,0.1,2026-03-13 05:46:00,2026-03-13 08:32:00,reverse,4.929999999999746
2026-03-13,1,5110.21,5102.68,0.1,2026-03-13 08:32:00,2026-03-13 08:43:00,stop,-7.629999999999745
2026-03-13,-1,5088.95,5088.95,0.1,2026-03-13 09:38:00,2026-03-13 12:00:00,stop,-0.1
2026-03-16,1,5026.19,4984.04,0.1,2026-03-16 03:07:00,2026-03-16 04:32:00,reverse,-42.24999999999964
2026-03-16,-1,4984.04,5011.66,0.1,2026-03-16 04:32:00,2026-03-16 06:30:00,reverse,-27.719999999999892
2026-03-16,1,5011.66,5019.12,0.1,2026-03-16 06:30:00,2026-03-16 07:32:00,reverse,7.360000000000037
2026-03-16,-1,5019.12,5019.12,0.1,2026-03-16 07:32:00,2026-03-16 08:53:00,stop,-0.1
2026-03-16,-1,5013.04,5013.04,0.1,2026-03-16 09:48:00,2026-03-16 14:19:00,stop,-0.1
2026-03-17,1,5009.93,5002.07,0.1,2026-03-17 02:30:00,2026-03-17 03:25:00,stop,-7.960000000000582
2026-03-17,-1,5000.2,5014.14,0.1,2026-03-17 03:43:00,2026-03-17 04:16:00,stop,-14.040000000000509
2026-03-17,1,5014.52,5032.41,0.1,2026-03-17 04:30:00,2026-03-17 08:40:00,reverse,17.789999999999417
2026-03-17,-1,5032.41,5018.7,0.1,2026-03-17 08:40:00,2026-03-17 10:30:00,reverse,13.610000000000037
2026-03-17,1,5018.7,5018.7,0.1,2026-03-17 10:30:00,2026-03-17 11:45:00,stop,-0.1
2026-03-18,1,5003.04,5003.04,0.1,2026-03-18 02:31:00,2026-03-18 03:29:00,stop,-0.1
2026-03-18,-1,5001.27,5012.37,0.1,2026-03-18 03:30:00,2026-03-18 04:08:00,stop,-11.199999999999454
2026-03-18,-1,4998.05,4996.86,0.11,2026-03-18 04:46:00,2026-03-18 06:30:00,reverse,1.0800000000005092
2026-03-18,1,4996.86,4989.61,0.1,2026-03-18 06:30:00,2026-03-18 07:32:00,reverse,-7.35
2026-03-18,-1,4989.61,4989.61,0.1,2026-03-18 07:32:00,2026-03-18 08:07:00,stop,-0.1
2026-03-18,1,4992.7,5006.24,0.12,2026-03-18 08:34:00,2026-03-18 10:35:00,reverse,13.419999999999964
2026-03-18,-1,5006.24,4818.64,0.1,2026-03-18 10:35:00,2026-03-18 23:57:00,close,187.49999999999946
2026-03-19,1,4840.89,4840.89,0.1,2026-03-19 02:41:00,2026-03-19 04:05:00,stop,-0.1
2026-03-19,1,4853.49,4855.13,0.12,2026-03-19 04:35:00,2026-03-19 06:31:00,reverse,1.5200000000003273
2026-03-19,-1,4855.13,4657.69,0.13,2026-03-19 06:31:00,2026-03-19 23:57:00,close,197.3100000000005
2026-03-20,1,4647.8,4636.39,0.1,2026-03-20 02:33:00,2026-03-20 02:40:00,stop,-11.509999999999854
2026-03-20,-1,4642.2,4665.08,0.1,2026-03-20 04:00:00,2026-03-20 04:03:00,stop,-22.98000000000011
2026-03-20,1,4680.36,4716.75,0.12,2026-03-20 04:40:00,2026-03-20 07:47:00,reverse,36.27000000000033
2026-03-20,-1,4716.75,4716.75,0.1,2026-03-20 07:47:00,2026-03-20 08:40:00,stop,-0.1
2026-03-20,-1,4693.29,4688.68,0.1,2026-03-20 08:55:00,2026-03-20 10:30:00,reverse,4.509999999999673
2026-03-20,1,4688.68,4688.68,0.1,2026-03-20 10:30:00,2026-03-20 11:54:00,stop,-0.1
2026-03-23,-1,4482.68,4443.72,0.1,2026-03-23 02:30:00,2026-03-23 04:31:00,reverse,38.860000000000035
2026-03-23,1,4443.72,4383.32,0.13,2026-03-23 04:31:00,2026-03-23 05:32:00,reverse,-60.53000000000055
2026-03-23,-1,4383.32,4370.62,0.12,2026-03-23 05:32:00,2026-03-23 07:36:00,reverse,12.579999999999819
2026-03-23,1,4370.62,4352.85,0.1,2026-03-23 07:36:00,2026-03-23 07:53:00,stop,-17.86999999999953
2026-03-23,-1,4351.88,4221.96,0.1,2026-03-23 08:30:00,2026-03-23 10:46:00,reverse,129.82000000000008
2026-03-23,1,4221.96,4406.82,0.1,2026-03-23 10:46:00,2026-03-23 23:57:00,close,184.75999999999968
2026-03-24,-1,4423.63,4353.8,0.12,2026-03-24 02:40:00,2026-03-24 05:30:00,reverse,69.70999999999992
2026-03-24,1,4353.8,4350.19,0.12,2026-03-24 05:30:00,2026-03-24 06:31:00,reverse,-3.730000000000582
2026-03-24,-1,4350.19,4350.19,0.1,2026-03-24 06:31:00,2026-03-24 08:40:00,stop,-0.1
2026-03-24,1,4346.79,4346.79,0.12,2026-03-24 08:40:00,2026-03-24 08:57:00,stop,-0.12
2026-03-24,1,4396.95,4476.78,0.1,2026-03-24 09:40:00,2026-03-24 23:57:00,close,79.72999999999993
2026-03-25,1,4510.05,4571.96,0.11,2026-03-25 02:30:00,2026-03-25 06:34:00,reverse,61.799999999999855
2026-03-25,-1,4571.96,4557.03,0.1,2026-03-25 06:34:00,2026-03-25 10:14:00,reverse,14.830000000000291
2026-03-25,1,4557.03,4544.79,0.1,2026-03-25 10:14:00,2026-03-25 10:36:00,reverse,-12.339999999999781
2026-03-25,-1,4544.79,4563.24,0.1,2026-03-25 10:36:00,2026-03-25 11:15:00,stop,-18.54999999999982
2026-03-26,-1,4497.14,4518.17,0.1,2026-03-26 02:37:00,2026-03-26 03:06:00,stop,-21.129999999999747
2026-03-26,1,4535.53,4526.94,0.12,2026-03-26 03:49:00,2026-03-26 04:36:00,reverse,-8.710000000000145
2026-03-26,-1,4526.94,4513.8,0.12,2026-03-26 04:36:00,2026-03-26 06:32:00,reverse,13.019999999999419
2026-03-26,1,4513.8,4500.05,0.1,2026-03-26 06:32:00,2026-03-26 08:26:00,stop,-13.85
2026-03-26,-1,4489.1,4450.66,0.1,2026-03-26 08:30:00,2026-03-26 09:46:00,reverse,38.34000000000051
2026-03-26,1,4450.66,4415.86,0.1,2026-03-26 09:46:00,2026-03-26 11:43:00,stop,-34.90000000000018
2026-03-27,-1,4390.0,4406.61,0.11,2026-03-27 03:22:00,2026-03-27 04:30:00,reverse,-16.719999999999672
2026-03-27,1,4406.61,4451.8,0.12,2026-03-27 04:30:00,2026-03-27 10:04:00,reverse,45.07000000000051
2026-03-27,-1,4451.8,4451.8,0.1,2026-03-27 10:04:00,2026-03-27 17:03:00,stop,-0.1
2026-03-30,-1,4465.02,4465.02,0.1,2026-03-30 02:32:00,2026-03-30 03:26:00,stop,-0.1
2026-03-30,1,4466.66,4486.92,0.1,2026-03-30 04:34:00,2026-03-30 07:35:00,reverse,20.160000000000217
2026-03-30,-1,4486.92,4498.75,0.1,2026-03-30 07:35:00,2026-03-30 07:57:00,stop,-11.929999999999927
2026-03-30,1,4515.78,4520.62,0.1,2026-03-30 08:49:00,2026-03-30 10:31:00,reverse,4.740000000000146
2026-03-30,-1,4520.62,4534.71,0.1,2026-03-30 10:31:00,2026-03-30 11:08:00,stop,-14.190000000000145
2026-03-31,1,4510.88,4492.73,0.1,2026-03-31 02:36:00,2026-03-31 03:20:00,stop,-18.250000000000547
2026-03-31,1,4528.46,4578.78,0.1,2026-03-31 03:38:00,2026-03-31 05:46:00,reverse,50.21999999999971
2026-03-31,-1,4578.78,4569.41,0.1,2026-03-31 05:46:00,2026-03-31 08:06:00,reverse,9.269999999999891
2026-03-31,1,4569.41,4557.22,0.1,2026-03-31 08:06:00,2026-03-31 08:10:00,stop,-12.2899999999996
2026-03-31,1,4570.76,4553.36,0.1,2026-03-31 08:33:00,2026-03-31 10:12:00,reverse,-17.500000000000547
2026-03-31,-1,4553.36,4564.09,0.1,2026-03-31 10:12:00,2026-03-31 10:59:00,reverse,-10.830000000000473
2026-03-31,1,4564.09,4543.67,0.1,2026-03-31 10:59:00,2026-03-31 13:38:00,stop,-20.520000000000074
2026-04-01,1,4684.48,4689.68,0.1,2026-04-01 02:30:00,2026-04-01 04:39:00,reverse,5.100000000000728
2026-04-01,-1,4689.68,4682.1,0.1,2026-04-01 04:39:00,2026-04-01 08:12:00,reverse,7.479999999999928
2026-04-01,1,4682.1,4756.81,0.1,2026-04-01 08:12:00,2026-04-01 23:57:00,close,74.61000000000004
2026-04-02,1,4798.96,4773.69,0.1,2026-04-02 02:30:00,2026-04-02 04:00:00,stop,-25.370000000000438
2026-04-02,-1,4775.25,4598.77,0.1,2026-04-02 04:00:00,2026-04-02 09:47:00,reverse,176.37999999999957
2026-04-02,1,4598.77,4598.77,0.1,2026-04-02 09:47:00,2026-04-02 14:42:00,stop,-0.1
2026-04-15,-1,4832.48,4828.03,0.13,2026-04-15 05:30:00,2026-04-15 06:31:00,reverse,4.319999999999818
2026-04-15,1,4828.03,4822.67,0.13,2026-04-15 06:31:00,2026-04-15 08:30:00,reverse,-5.4899999999996725
2026-04-15,-1,4822.67,4822.67,0.13,2026-04-15 08:30:00,2026-04-15 08:55:00,stop,-0.13
2026-04-15,-1,4813.64,4817.01,0.13,2026-04-15 09:31:00,2026-04-15 11:57:00,reverse,-3.4999999999998908
2026-04-15,1,4817.01,4804.06,0.13,2026-04-15 11:57:00,2026-04-15 12:11:00,stop,-13.079999999999819
2026-04-16,1,4815.87,4822.61,0.13,2026-04-16 02:30:00,2026-04-16 03:33:00,reverse,6.609999999999782
2026-04-16,-1,4822.61,4831.23,0.13,2026-04-16 03:33:00,2026-04-16 03:40:00,stop,-8.749999999999892
2026-04-16,-1,4822.77,4830.16,0.13,2026-04-16 04:33:00,2026-04-16 07:37:00,reverse,-7.519999999999418
2026-04-16,1,4830.16,4831.74,0.13,2026-04-16 07:37:00,2026-04-16 08:30:00,reverse,1.4499999999999273
2026-04-16,-1,4831.74,4827.86,0.13,2026-04-16 08:30:00,2026-04-16 09:49:00,reverse,3.7500000000001092
2026-04-16,1,4827.86,4817.25,0.13,2026-04-16 09:49:00,2026-04-16 11:02:00,reverse,-10.739999999999673
2026-04-16,-1,4817.25,4790.08,0.13,2026-04-16 11:02:00,2026-04-16 23:57:00,close,27.040000000000074
2026-04-17,-1,4792.36,4792.36,0.13,2026-04-17 02:59:00,2026-04-17 03:27:00,stop,-0.13
2026-04-17,1,4792.93,4792.93,0.13,2026-04-17 03:30:00,2026-04-17 04:01:00,stop,-0.13
2026-04-17,-1,4767.88,4794.35,0.13,2026-04-17 04:30:00,2026-04-17 05:38:00,reverse,-26.600000000000254
2026-04-17,1,4794.35,4788.36,0.13,2026-04-17 05:38:00,2026-04-17 05:54:00,stop,-6.120000000000691
2026-04-17,1,4796.29,4799.81,0.13,2026-04-17 07:32:00,2026-04-17 08:31:00,reverse,3.3900000000004367
2026-04-17,-1,4799.81,4793.03,0.13,2026-04-17 08:31:00,2026-04-17 10:31:00,reverse,6.650000000000655
2026-04-17,1,4793.03,4784.23,0.13,2026-04-17 10:31:00,2026-04-17 10:42:00,stop,-8.930000000000183
2026-04-20,-1,4768.1,4765.85,0.13,2026-04-20 02:30:00,2026-04-20 03:30:00,reverse,2.12
2026-04-20,1,4765.85,4798.48,0.13,2026-04-20 03:30:00,2026-04-20 05:31:00,reverse,32.4999999999992
2026-04-20,-1,4798.48,4792.95,0.13,2026-04-20 05:31:00,2026-04-20 08:30:00,reverse,5.3999999999997454
2026-04-20,1,4792.95,4784.44,0.13,2026-04-20 08:30:00,2026-04-20 08:42:00,stop,-8.640000000000219
2026-04-20,1,4794.09,4794.09,0.13,2026-04-20 09:58:00,2026-04-20 10:30:00,stop,-0.13
2026-04-20,-1,4793.99,4805.79,0.13,2026-04-20 10:30:00,2026-04-20 14:53:00,stop,-11.930000000000183
2026-04-21,-1,4823.93,4793.13,0.13,2026-04-21 02:31:00,2026-04-21 08:35:00,reverse,30.670000000000183
2026-04-21,1,4793.13,4785.88,0.13,2026-04-21 08:35:00,2026-04-21 08:52:00,stop,-7.38
2026-04-21,-1,4775.45,4787.53,0.13,2026-04-21 09:51:00,2026-04-21 10:45:00,reverse,-12.209999999999928
2026-04-21,1,4787.53,4772.82,0.13,2026-04-21 10:45:00,2026-04-21 15:30:00,stop,-14.840000000000037
2026-04-22,1,4733.13,4738.07,0.13,2026-04-22 02:33:00,2026-04-22 04:00:00,reverse,4.8099999999996
2026-04-22,-1,4738.07,4747.4,0.13,2026-04-22 04:00:00,2026-04-22 04:23:00,stop,-9.459999999999928
2026-04-22,1,4749.04,4754.5,0.13,2026-04-22 04:30:00,2026-04-22 07:38:00,reverse,5.3300000000000365
2026-04-22,-1,4754.5,4759.66,0.13,2026-04-22 07:38:00,2026-04-22 08:16:00,stop,-5.289999999999854
2026-04-22,1,4771.68,4762.6,0.13,2026-04-22 08:52:00,2026-04-22 10:40:00,reverse,-9.209999999999928
2026-04-22,-1,4762.6,4739.45,0.13,2026-04-22 10:40:00,2026-04-22 23:57:00,close,23.020000000000547
2026-04-23,-1,4723.57,4723.57,0.13,2026-04-23 03:01:00,2026-04-23 03:19:00,stop,-0.13
2026-04-23,1,4742.43,4727.28,0.13,2026-04-23 03:30:00,2026-04-23 04:30:00,reverse,-15.280000000000546
2026-04-23,-1,4727.28,4707.04,0.13,2026-04-23 04:30:00,2026-04-23 07:35:00,reverse,20.109999999999783
2026-04-23,1,4707.04,4700.83,0.13,2026-04-23 07:35:00,2026-04-23 07:45:00,stop,-6.340000000000036
2026-04-23,1,4708.72,4698.25,0.13,2026-04-23 08:07:00,2026-04-23 08:30:00,stop,-10.600000000000255
2026-04-23,-1,4703.37,4710.24,0.13,2026-04-23 08:30:00,2026-04-23 08:49:00,stop,-6.999999999999891
2026-04-23,1,4718.22,4708.58,0.13,2026-04-23 09:46:00,2026-04-23 10:01:00,stop,-9.770000000000328
2026-04-23,1,4716.6,4703.08,0.13,2026-04-23 10:48:00,2026-04-23 11:45:00,stop,-13.650000000000437
2026-04-24,1,4695.6,4695.6,0.13,2026-04-24 02:30:00,2026-04-24 04:32:00,stop,-0.13
2026-04-24,-1,4695.95,4678.56,0.13,2026-04-24 04:32:00,2026-04-24 08:30:00,reverse,17.25999999999942
2026-04-24,1,4678.56,4678.56,0.13,2026-04-24 08:30:00,2026-04-24 09:18:00,stop,-0.13
2026-04-24,-1,4670.1,4684.81,0.13,2026-04-24 09:42:00,2026-04-24 10:35:00,reverse,-14.840000000000037
2026-04-24,1,4684.81,4707.4,0.13,2026-04-24 10:35:00,2026-04-24 23:56:00,close,22.459999999999237
2026-04-27,-1,4677.31,4682.32,0.13,2026-04-27 02:30:00,2026-04-27 03:47:00,reverse,-5.139999999999309
2026-04-27,1,4682.32,4716.11,0.13,2026-04-27 03:47:00,2026-04-27 08:30:00,reverse,33.65999999999996
2026-04-27,-1,4716.11,4715.71,0.13,2026-04-27 08:30:00,2026-04-27 10:03:00,reverse,0.2699999999996362
2026-04-27,1,4715.71,4710.94,0.13,2026-04-27 10:03:00,2026-04-27 10:53:00,reverse,-4.9000000000004365
2026-04-27,-1,4710.94,4710.94,0.13,2026-04-27 10:53:00,2026-04-27 15:15:00,stop,-0.13
2026-04-28,1,4691.66,4691.9,0.13,2026-04-28 02:30:00,2026-04-28 03:39:00,reverse,0.10999999999978172
2026-04-28,-1,4691.9,4596.48,0.13,2026-04-28 03:39:00,2026-04-28 23:57:00,close,95.29000000000008
2026-04-29,-1,4589.34,4594.57,0.13,2026-04-29 02:36:00,2026-04-29 02:58:00,stop,-5.359999999999563
2026-04-29,-1,4594.8,4594.8,0.13,2026-04-29 04:00:00,2026-04-29 05:01:00,stop,-0.13
2026-04-29,1,4600.47,4592.92,0.13,2026-04-29 05:07:00,2026-04-29 06:43:00,reverse,-7.680000000000182
2026-04-29,-1,4592.92,4603.33,0.13,2026-04-29 06:43:00,2026-04-29 07:14:00,stop,-10.539999999999855
2026-04-29,1,4603.49,4598.69,0.13,2026-04-29 07:30:00,2026-04-29 08:31:00,reverse,-4.930000000000182
2026-04-29,-1,4598.69,4543.51,0.13,2026-04-29 08:31:00,2026-04-29 23:57:00,close,55.04999999999938
2026-04-30,1,4555.16,4571.88,0.13,2026-04-30 02:45:00,2026-04-30 05:30:00,reverse,16.590000000000256
2026-04-30,-1,4571.88,4559.04,0.13,2026-04-30 05:30:00,2026-04-30 08:31:00,reverse,12.710000000000145
2026-04-30,1,4559.04,4620.62,0.13,2026-04-30 08:31:00,2026-04-30 23:57:00,close,61.449999999999925
2026-05-01,1,4632.18,4628.39,0.13,2026-05-01 02:30:00,2026-05-01 02:57:00,stop,-3.9199999999999635
2026-05-01,-1,4620.81,4620.95,0.13,2026-05-01 03:36:00,2026-05-01 04:36:00,reverse,-0.26999999999941793
2026-05-01,1,4620.95,4620.95,0.13,2026-05-01 04:36:00,2026-05-01 05:46:00,stop,-0.13
2026-05-01,-1,4619.8,4626.72,0.13,2026-05-01 05:49:00,2026-05-01 06:30:00,reverse,-7.050000000000073
2026-05-01,1,4626.72,4617.84,0.13,2026-05-01 06:30:00,2026-05-01 07:29:00,stop,-9.01000000000011
2026-05-01,-1,4617.24,4617.24,0.13,2026-05-01 07:30:00,2026-05-01 16:54:00,stop,-0.13
2026-05-04,-1,4611.38,4611.38,0.1,2026-05-04 03:00:00,2026-05-04 04:58:00,stop,-0.1
2026-05-04,-1,4591.58,4523.21,0.13,2026-05-04 05:32:00,2026-05-04 23:57:00,close,68.2399999999999
2026-05-05,1,4521.6,4521.6,0.13,2026-05-05 03:02:00,2026-05-05 03:20:00,stop,-0.13
2026-05-05,1,4528.58,4537.38,0.13,2026-05-05 03:54:00,2026-05-05 06:30:00,reverse,8.670000000000181
2026-05-05,-1,4537.38,4537.38,0.13,2026-05-05 06:30:00,2026-05-05 08:06:00,stop,-0.13
2026-05-05,1,4545.5,4545.5,0.13,2026-05-05 08:34:00,2026-05-05 13:43:00,stop,-0.13
2026-05-06,1,4590.51,4648.92,0.13,2026-05-06 02:49:00,2026-05-06 08:30:00,reverse,58.27999999999985
2026-05-06,-1,4648.92,4656.45,0.13,2026-05-06 08:30:00,2026-05-06 08:56:00,stop,-7.659999999999745
2026-05-06,1,4666.67,4666.67,0.13,2026-05-06 09:31:00,2026-05-06 15:15:00,stop,-0.13
2026-05-07,1,4698.58,4690.29,0.13,2026-05-07 02:45:00,2026-05-07 03:08:00,stop,-8.419999999999964
2026-05-07,-1,4690.03,4701.26,0.13,2026-05-07 03:31:00,2026-05-07 04:10:00,stop,-11.360000000000474
2026-05-07,1,4716.49,4701.77,0.13,2026-05-07 04:40:00,2026-05-07 05:30:00,reverse,-14.849999999999346
2026-05-07,-1,4701.77,4701.16,0.13,2026-05-07 05:30:00,2026-05-07 08:31:00,reverse,0.48000000000058207
2026-05-07,1,4701.16,4701.16,0.13,2026-05-07 08:31:00,2026-05-07 20:26:00,stop,-0.13
2026-05-08,1,4698.5,4718.24,0.13,2026-05-08 02:36:00,2026-05-08 05:33:00,reverse,19.609999999999783
2026-05-08,-1,4718.24,4722.74,0.13,2026-05-08 05:33:00,2026-05-08 06:31:00,reverse,-4.63
2026-05-08,1,4722.74,4713.55,0.13,2026-05-08 06:31:00,2026-05-08 07:40:00,reverse,-9.3199999999996
2026-05-08,-1,4713.55,4723.32,0.13,2026-05-08 07:40:00,2026-05-08 08:30:00,stop,-9.899999999999528
2026-05-08,1,4720.17,4720.17,0.13,2026-05-08 08:30:00,2026-05-08 09:00:00,stop,-0.13
2026-05-08,-1,4712.71,4726.52,0.13,2026-05-08 10:21:00,2026-05-08 13:37:00,reverse,-13.940000000000401
2026-05-08,1,4726.52,4715.72,0.13,2026-05-08 13:37:00,2026-05-08 23:56:00,close,-10.930000000000183
2026-05-11,1,4697.17,4688.91,0.13,2026-05-11 02:33:00,2026-05-11 03:00:00,stop,-8.390000000000219
2026-05-11,1,4691.63,4675.99,0.13,2026-05-11 03:31:00,2026-05-11 03:52:00,stop,-15.770000000000328
2026-05-11,1,4693.09,4678.47,0.13,2026-05-11 05:31:00,2026-05-11 05:55:00,stop,-14.749999999999892
2026-05-11,-1,4674.66,4670.8,0.13,2026-05-11 07:03:00,2026-05-11 09:30:00,reverse,3.7299999999996727
2026-05-11,1,4670.8,4672.17,0.13,2026-05-11 09:30:00,2026-05-11 10:44:00,reverse,1.239999999999891
2026-05-11,-1,4672.17,4672.17,0.13,2026-05-11 10:44:00,2026-05-11 14:04:00,stop,-0.13
2026-05-12,1,4754.66,4754.66,0.13,2026-05-12 02:31:00,2026-05-12 03:23:00,stop,-0.13
2026-05-12,-1,4753.36,4718.71,0.13,2026-05-12 03:54:00,2026-05-12 08:30:00,reverse,34.519999999999634
2026-05-12,1,4718.71,4708.77,0.13,2026-05-12 08:30:00,2026-05-12 09:00:00,stop,-10.0699999999996
2026-05-12,-1,4695.29,4699.63,0.13,2026-05-12 09:55:00,2026-05-12 10:34:00,reverse,-4.470000000000145
2026-05-12,1,4699.63,4687.4,0.13,2026-05-12 10:34:00,2026-05-12 13:39:00,stop,-12.360000000000474
2026-05-13,-1,4715.99,4723.93,0.13,2026-05-13 02:48:00,2026-05-13 03:04:00,stop,-8.07000000000051
2026-05-13,-1,4715.01,4700.76,0.13,2026-05-13 03:59:00,2026-05-13 06:30:00,reverse,14.12
2026-05-13,1,4700.76,4697.92,0.13,2026-05-13 06:30:00,2026-05-13 08:30:00,reverse,-2.9700000000001454
2026-05-13,-1,4697.92,4707.35,0.13,2026-05-13 08:30:00,2026-05-13 09:04:00,stop,-9.560000000000292
2026-05-13,-1,4703.41,4703.41,0.13,2026-05-13 09:52:00,2026-05-13 13:08:00,stop,-0.13
2026-05-14,-1,4696.78,4696.78,0.13,2026-05-14 02:30:00,2026-05-14 03:12:00,stop,-0.13
2026-05-14,1,4705.4,4689.57,0.13,2026-05-14 03:59:00,2026-05-14 04:06:00,stop,-15.959999999999928
2026-05-14,-1,4684.36,4694.18,0.13,2026-05-14 04:42:00,2026-05-14 05:31:00,reverse,-9.95000000000062
2026-05-14,1,4694.18,4686.61,0.13,2026-05-14 05:31:00,2026-05-14 05:47:00,stop,-7.700000000000618
2026-05-14,-1,4681.48,4681.48,0.13,2026-05-14 06:38:00,2026-05-14 07:14:00,stop,-0.13
2026-05-14,1,4707.46,4693.4,0.13,2026-05-14 07:32:00,2026-05-14 08:59:00,reverse,-14.190000000000401
2026-05-14,-1,4693.4,4694.82,0.13,2026-05-14 08:59:00,2026-05-14 09:33:00,reverse,-1.5500000000000727
2026-05-14,1,4694.82,4694.82,0.13,2026-05-14 09:33:00,2026-05-14 10:58:00,stop,-0.13
2026-05-15,1,4664.32,4655.71,0.13,2026-05-15 02:30:00,2026-05-15 02:31:00,stop,-8.739999999999673
2026-05-15,-1,4629.85,4619.07,0.13,2026-05-15 03:30:00,2026-05-15 05:51:00,reverse,10.650000000000654
2026-05-15,1,4619.07,4609.4,0.13,2026-05-15 05:51:00,2026-05-15 06:34:00,stop,-9.800000000000074
2026-05-15,-1,4609.92,4578.34,0.13,2026-05-15 06:34:00,2026-05-15 09:30:00,reverse,31.44999999999993
2026-05-15,1,4578.34,4566.01,0.13,2026-05-15 09:30:00,2026-05-15 11:01:00,reverse,-12.459999999999928
2026-05-15,-1,4566.01,4566.01,0.13,2026-05-15 11:01:00,2026-05-15 13:51:00,stop,-0.13
2026-05-18,-1,4537.93,4516.03,0.13,2026-05-18 02:30:00,2026-05-18 04:46:00,reverse,21.770000000000547
2026-05-18,1,4516.03,4526.87,0.13,2026-05-18 04:46:00,2026-05-18 06:32:00,reverse,10.710000000000145
2026-05-18,-1,4526.87,4538.42,0.13,2026-05-18 06:32:00,2026-05-18 06:43:00,stop,-11.680000000000183
2026-05-18,1,4549.7,4530.17,0.13,2026-05-18 08:27:00,2026-05-18 08:59:00,stop,-19.659999999999744
2026-05-18,1,4548.13,4548.13,0.13,2026-05-18 10:01:00,2026-05-18 15:02:00,stop,-0.13
2026-05-19,1,4588.96,4573.8,0.13,2026-05-19 03:02:00,2026-05-19 03:24:00,stop,-15.289999999999855
2026-05-19,-1,4568.87,4569.33,0.13,2026-05-19 03:39:00,2026-05-19 04:40:00,reverse,-0.5900000000000364
2026-05-19,1,4569.33,4554.2,0.13,2026-05-19 04:40:00,2026-05-19 05:11:00,stop,-15.26000000000011
2026-05-19,-1,4551.61,4553.03,0.13,2026-05-19 05:40:00,2026-05-19 06:38:00,reverse,-1.5500000000000727
2026-05-19,1,4553.03,4543.75,0.13,2026-05-19 06:38:00,2026-05-19 07:00:00,stop,-9.409999999999746
2026-05-19,-1,4538.26,4545.72,0.13,2026-05-19 07:30:00,2026-05-19 08:10:00,stop,-7.590000000000036
2026-05-19,1,4546.58,4543.13,0.13,2026-05-19 09:18:00,2026-05-19 10:38:00,reverse,-3.579999999999818
2026-05-19,-1,4543.13,4555.33,0.13,2026-05-19 10:38:00,2026-05-19 10:55:00,stop,-12.329999999999819
2026-05-20,1,4488.71,4479.88,0.13,2026-05-20 02:31:00,2026-05-20 03:08:00,stop,-8.959999999999928
2026-05-20,1,4502.05,4479.73,0.13,2026-05-20 03:30:00,2026-05-20 04:27:00,stop,-22.450000000000617
2026-05-20,-1,4472.85,4467.18,0.13,2026-05-20 04:30:00,2026-05-20 07:00:00,reverse,5.540000000000073
2026-05-20,1,4467.18,4462.48,0.13,2026-05-20 07:00:00,2026-05-20 07:34:00,reverse,-4.8300000000007275
2026-05-20,-1,4462.48,4470.71,0.13,2026-05-20 07:34:00,2026-05-20 08:01:00,stop,-8.360000000000474
2026-05-20,1,4475.35,4467.52,0.13,2026-05-20 08:30:00,2026-05-20 09:32:00,reverse,-7.959999999999927
2026-05-20,-1,4467.52,4478.43,0.13,2026-05-20 09:32:00,2026-05-20 09:51:00,stop,-11.039999999999855
2026-05-20,1,4485.28,4485.28,0.13,2026-05-20 10:30:00,2026-05-20 16:39:00,stop,-0.13
2026-05-21,1,4543.18,4543.18,0.13,2026-05-21 02:37:00,2026-05-21 03:18:00,stop,-0.13
2026-05-21,1,4553.25,4553.25,0.13,2026-05-21 04:10:00,2026-05-21 05:12:00,stop,-0.13
2026-05-21,-1,4539.73,4540.17,0.13,2026-05-21 05:30:00,2026-05-21 07:30:00,reverse,-0.5700000000005093
2026-05-21,1,4540.17,4527.43,0.13,2026-05-21 07:30:00,2026-05-21 08:18:00,stop,-12.869999999999783
2026-05-21,-1,4521.6,4524.42,0.13,2026-05-21 08:30:00,2026-05-21 11:06:00,reverse,-2.949999999999709
2026-05-21,1,4524.42,4524.42,0.13,2026-05-21 11:06:00,2026-05-21 13:25:00,stop,-0.13
2026-05-22,-1,4537.97,4537.36,0.13,2026-05-22 02:31:00,2026-05-22 03:30:00,reverse,0.48000000000058207
2026-05-22,1,4537.36,4530.37,0.13,2026-05-22 03:30:00,2026-05-22 03:51:00,stop,-7.119999999999782
2026-05-22,-1,4523.42,4525.26,0.13,2026-05-22 04:35:00,2026-05-22 06:32:00,reverse,-1.9700000000001454
2026-05-22,1,4525.26,4527.68,0.13,2026-05-22 06:32:00,2026-05-22 07:37:00,reverse,2.290000000000073
2026-05-22,-1,4527.68,4529.66,0.13,2026-05-22 07:37:00,2026-05-22 08:30:00,reverse,-2.1099999999995633
2026-05-22,1,4529.66,4523.48,0.13,2026-05-22 08:30:00,2026-05-22 08:55:00,stop,-6.310000000000291
2026-05-22,1,4526.1,4521.52,0.13,2026-05-22 09:30:00,2026-05-22 10:33:00,reverse,-4.709999999999927
2026-05-22,-1,4521.52,4527.43,0.13,2026-05-22 10:33:00,2026-05-22 11:09:00,stop,-6.039999999999854
2026-05-25,1,4578.35,4565.01,0.13,2026-05-25 02:31:00,2026-05-25 04:07:00,stop,-13.470000000000146
2026-05-25,-1,4560.57,4568.34,0.13,2026-05-25 04:47:00,2026-05-25 05:43:00,reverse,-7.9000000000004365
2026-05-25,1,4568.34,4560.18,0.13,2026-05-25 05:43:00,2026-05-25 06:30:00,reverse,-8.289999999999855
2026-05-25,-1,4560.18,4564.53,0.13,2026-05-25 06:30:00,2026-05-25 07:21:00,stop,-4.479999999999454
2026-05-25,1,4565.85,4559.39,0.13,2026-05-25 08:02:00,2026-05-25 08:21:00,stop,-6.590000000000036
2026-05-25,-1,4554.11,4557.37,0.13,2026-05-25 08:30:00,2026-05-25 09:37:00,reverse,-3.390000000000218
2026-05-25,1,4557.37,4557.37,0.13,2026-05-25 09:37:00,2026-05-25 10:18:00,stop,-0.13
2026-05-25,1,4564.77,4564.77,0.13,2026-05-25 10:54:00,2026-05-25 15:01:00,stop,-0.13
2026-05-26,-1,4567.24,4543.69,0.13,2026-05-26 02:30:00,2026-05-26 06:32:00,reverse,23.420000000000183
2026-05-26,1,4543.69,4532.12,0.13,2026-05-26 06:32:00,2026-05-26 07:30:00,stop,-11.69999999999971
2026-05-26,-1,4532.58,4531.52,0.13,2026-05-26 07:30:00,2026-05-26 08:30:00,reverse,0.9299999999994907
2026-05-26,1,4531.52,4527.12,0.13,2026-05-26 08:30:00,2026-05-26 10:10:00,reverse,-4.530000000000546
2026-05-26,-1,4527.12,4536.22,0.13,2026-05-26 10:10:00,2026-05-26 10:57:00,stop,-9.230000000000365
2026-05-27,1,4513.73,4514.19,0.13,2026-05-27 02:33:00,2026-05-27 04:01:00,reverse,0.3300000000000364
2026-05-27,-1,4514.19,4503.42,0.13,2026-05-27 04:01:00,2026-05-27 07:40:00,reverse,10.639999999999526
2026-05-27,1,4503.42,4504.19,0.13,2026-05-27 07:40:00,2026-05-27 08:31:00,reverse,0.6399999999995271
2026-05-27,-1,4504.19,4456.07,0.13,2026-05-27 08:31:00,2026-05-27 23:57:00,close,47.98999999999989
2026-05-28,-1,4449.43,4457.88,0.13,2026-05-28 02:34:00,2026-05-28 03:59:00,stop,-8.579999999999819
2026-05-28,-1,4417.22,4379.97,0.13,2026-05-28 04:41:00,2026-05-28 08:30:00,reverse,37.12
2026-05-28,1,4379.97,4379.97,0.13,2026-05-28 08:30:00,2026-05-28 09:08:00,stop,-0.13
2026-05-28,1,4390.69,4383.56,0.13,2026-05-28 10:08:00,2026-05-28 10:52:00,reverse,-7.2599999999991995
2026-05-28,-1,4383.56,4396.33,0.13,2026-05-28 10:52:00,2026-05-28 12:21:00,stop,-12.899999999999528
2026-05-29,-1,4491.2,4497.03,0.13,2026-05-29 02:40:00,2026-05-29 03:01:00,stop,-5.959999999999927
2026-05-29,1,4500.6,4500.6,0.13,2026-05-29 04:00:00,2026-05-29 05:30:00,stop,-0.13
2026-05-29,-1,4501.9,4511.2,0.13,2026-05-29 05:30:00,2026-05-29 07:24:00,stop,-9.430000000000183
2026-05-29,1,4511.76,4508.96,0.13,2026-05-29 07:56:00,2026-05-29 08:30:00,reverse,-2.930000000000182
2026-05-29,-1,4508.96,4515.46,0.13,2026-05-29 08:30:00,2026-05-29 08:54:00,stop,-6.63
2026-05-29,1,4520.69,4541.22,0.13,2026-05-29 09:00:00,2026-05-29 23:56:00,close,20.400000000000656
2026-06-01,1,4545.04,4537.49,0.13,2026-06-01 02:30:00,2026-06-01 03:34:00,reverse,-7.680000000000182
2026-06-01,-1,4537.49,4484.06,0.13,2026-06-01 03:34:00,2026-06-01 23:57:00,close,53.29999999999938
2026-06-02,-1,4481.72,4488.31,0.13,2026-06-02 02:37:00,2026-06-02 03:21:00,stop,-6.720000000000145
2026-06-02,1,4493.81,4476.81,0.13,2026-06-02 03:30:00,2026-06-02 04:01:00,stop,-17.13
2026-06-02,-1,4473.85,4484.82,0.13,2026-06-02 04:47:00,2026-06-02 05:30:00,reverse,-11.099999999999346
2026-06-02,1,4484.82,4533.37,0.13,2026-06-02 05:30:00,2026-06-02 10:30:00,reverse,48.42000000000018
2026-06-02,-1,4533.37,4533.37,0.13,2026-06-02 10:30:00,2026-06-02 13:58:00,stop,-0.13
2026-06-03,1,4483.29,4483.29,0.13,2026-06-03 03:30:00,2026-06-03 04:00:00,stop,-0.13
2026-06-03,1,4481.44,4477.14,0.13,2026-06-03 05:37:00,2026-06-03 07:30:00,reverse,-4.429999999999272
2026-06-03,-1,4477.14,4433.99,0.13,2026-06-03 07:30:00,2026-06-03 23:57:00,close,43.02000000000054
2026-06-04,1,4451.56,4451.56,0.13,2026-06-04 02:30:00,2026-06-04 03:15:00,stop,-0.13
2026-06-04,-1,4447.67,4465.28,0.13,2026-06-04 03:32:00,2026-06-04 04:12:00,stop,-17.73999999999967
2026-06-04,1,4467.32,4466.0,0.13,2026-06-04 05:48:00,2026-06-04 06:35:00,reverse,-1.4499999999997089
2026-06-04,-1,4466.0,4477.3,0.13,2026-06-04 06:35:00,2026-06-04 07:31:00,stop,-11.430000000000183
2026-06-04,1,4476.32,4471.01,0.13,2026-06-04 07:31:00,2026-06-04 08:40:00,reverse,-5.439999999999491
2026-06-04,-1,4471.01,4471.01,0.13,2026-06-04 08:40:00,2026-06-04 12:48:00,stop,-0.13
2026-06-05,-1,4464.31,4464.31,0.13,2026-06-05 02:31:00,2026-06-05 03:36:00,stop,-0.13
2026-06-05,1,4465.02,4450.7,0.13,2026-06-05 03:36:00,2026-06-05 04:26:00,stop,-14.45000000000062
2026-06-05,-1,4449.36,4443.88,0.13,2026-06-05 04:39:00,2026-06-05 07:02:00,reverse,5.3499999999995635
2026-06-05,1,4443.88,4438.37,0.13,2026-06-05 07:02:00,2026-06-05 07:30:00,reverse,-5.640000000000218
2026-06-05,-1,4438.37,4444.67,0.13,2026-06-05 07:30:00,2026-06-05 07:55:00,stop,-6.430000000000182
2026-06-05,-1,4442.26,4442.26,0.13,2026-06-05 08:32:00,2026-06-05 09:24:00,stop,-0.13
2026-06-05,1,4446.44,4446.44,0.13,2026-06-05 09:33:00,2026-06-05 15:36:00,stop,-0.13
2026-06-08,1,4334.63,4340.73,0.13,2026-06-08 02:30:00,2026-06-08 03:48:00,reverse,5.969999999999454
2026-06-08,-1,4340.73,4314.24,0.13,2026-06-08 03:48:00,2026-06-08 06:51:00,reverse,26.359999999999783
2026-06-08,1,4314.24,4313.62,0.13,2026-06-08 06:51:00,2026-06-08 07:33:00,reverse,-0.7499999999998909
2026-06-08,-1,4313.62,4313.62,0.13,2026-06-08 07:33:00,2026-06-08 08:22:00,stop,-0.13
2026-06-08,-1,4304.5,4304.5,0.13,2026-06-08 08:30:00,2026-06-08 09:01:00,stop,-0.13
2026-06-08,1,4311.37,4294.93,0.13,2026-06-08 10:24:00,2026-06-08 10:59:00,reverse,-16.5699999999996
2026-06-08,-1,4294.93,4316.93,0.13,2026-06-08 10:59:00,2026-06-08 14:14:00,stop,-22.13
2026-06-09,-1,4320.6,4328.9,0.13,2026-06-09 02:30:00,2026-06-09 04:16:00,stop,-8.429999999999273
2026-06-09,1,4338.06,4331.36,0.13,2026-06-09 04:34:00,2026-06-09 07:16:00,reverse,-6.8300000000007275
2026-06-09,-1,4331.36,4337.16,0.13,2026-06-09 07:16:00,2026-06-09 08:31:00,reverse,-5.930000000000182
2026-06-09,1,4337.16,4337.16,0.13,2026-06-09 08:31:00,2026-06-09 09:30:00,stop,-0.13
2026-06-09,-1,4338.24,4338.24,0.13,2026-06-09 09:30:00,2026-06-09 13:58:00,stop,-0.13
2026-06-10,-1,4223.07,4191.78,0.13,2026-06-10 02:30:00,2026-06-10 05:30:00,reverse,31.159999999999965
2026-06-10,1,4191.78,4178.22,0.13,2026-06-10 05:30:00,2026-06-10 05:32:00,stop,-13.689999999999491
2026-06-10,1,4181.19,4173.69,0.13,2026-06-10 06:38:00,2026-06-10 07:30:00,reverse,-7.63
2026-06-10,-1,4173.69,4187.21,0.13,2026-06-10 07:30:00,2026-06-10 08:29:00,stop,-13.650000000000437
2026-06-10,1,4187.25,4205.2,0.13,2026-06-10 08:30:00,2026-06-10 09:44:00,reverse,17.81999999999982
2026-06-10,-1,4205.2,4070.5,0.13,2026-06-10 09:44:00,2026-06-10 23:57:00,close,134.56999999999982
2026-06-11,1,4064.58,4081.68,0.13,2026-06-11 03:17:00,2026-06-11 05:30:00,reverse,16.96999999999991
2026-06-11,-1,4081.68,4078.51,0.13,2026-06-11 05:30:00,2026-06-11 07:09:00,reverse,3.039999999999618
2026-06-11,1,4078.51,4078.51,0.13,2026-06-11 07:09:00,2026-06-11 09:10:00,stop,-0.13
2026-06-11,1,4094.78,4076.41,0.13,2026-06-11 09:52:00,2026-06-11 15:10:00,stop,-18.500000000000345
2026-06-12,-1,4214.27,4203.59,0.13,2026-06-12 03:01:00,2026-06-12 06:30:00,reverse,10.55000000000029
2026-06-12,1,4203.59,4190.4,0.13,2026-06-12 06:30:00,2026-06-12 07:47:00,reverse,-13.32000000000051
2026-06-12,-1,4190.4,4190.4,0.13,2026-06-12 07:47:00,2026-06-12 10:59:00,stop,-0.13
2026-06-15,1,4288.3,4293.4,0.13,2026-06-15 02:46:00,2026-06-15 03:52:00,reverse,4.969999999999454
2026-06-15,-1,4293.4,4306.55,0.13,2026-06-15 03:52:00,2026-06-15 04:31:00,reverse,-13.280000000000546
2026-06-15,1,4306.55,4321.5,0.13,2026-06-15 04:31:00,2026-06-15 06:43:00,reverse,14.819999999999817
2026-06-15,-1,4321.5,4327.7,0.13,2026-06-15 06:43:00,2026-06-15 07:34:00,reverse,-6.329999999999818
2026-06-15,1,4327.7,4324.06,0.13,2026-06-15 07:34:00,2026-06-15 08:36:00,reverse,-3.769999999999418
2026-06-15,-1,4324.06,4318.83,0.13,2026-06-15 08:36:00,2026-06-15 10:52:00,reverse,5.100000000000473
2026-06-15,1,4318.83,4318.83,0.13,2026-06-15 10:52:00,2026-06-15 21:02:00,stop,-0.13
2026-06-16,1,4316.46,4311.44,0.13,2026-06-16 02:35:00,2026-06-16 03:17:00,stop,-5.1500000000004365
2026-06-16,1,4318.31,4315.61,0.13,2026-06-16 03:56:00,2026-06-16 04:32:00,reverse,-2.8300000000007275
2026-06-16,-1,4315.61,4314.11,0.13,2026-06-16 04:32:00,2026-06-16 05:30:00,reverse,1.37
2026-06-16,1,4314.11,4322.18,0.13,2026-06-16 05:30:00,2026-06-16 07:30:00,reverse,7.940000000000619
2026-06-16,-1,4322.18,4329.15,0.13,2026-06-16 07:30:00,2026-06-16 08:30:00,reverse,-7.099999999999345
2026-06-16,1,4329.15,4322.26,0.13,2026-06-16 08:30:00,2026-06-16 08:33:00,stop,-7.019999999999418
2026-06-16,1,4319.67,4319.67,0.13,2026-06-16 09:34:00,2026-06-16 17:27:00,stop,-0.13
2026-06-17,-1,4333.96,4333.96,0.13,2026-06-17 02:38:00,2026-06-17 03:03:00,stop,-0.13
2026-06-17,1,4341.78,4339.7,0.13,2026-06-17 04:02:00,2026-06-17 05:37:00,reverse,-2.209999999999927
2026-06-17,-1,4339.7,4327.85,0.13,2026-06-17 05:37:00,2026-06-17 08:30:00,reverse,11.719999999999454
2026-06-17,1,4327.85,4321.19,0.13,2026-06-17 08:30:00,2026-06-17 09:22:00,stop,-6.790000000000764
2026-06-17,1,4330.05,4326.68,0.13,2026-06-17 09:53:00,2026-06-17 10:33:00,reverse,-3.4999999999998908
2026-06-17,-1,4326.68,4326.68,0.13,2026-06-17 10:33:00,2026-06-17 12:15:00,stop,-0.13
2026-06-18,1,4283.94,4316.42,0.13,2026-06-18 03:01:00,2026-06-18 05:43:00,reverse,32.35000000000047
2026-06-18,-1,4316.42,4316.86,0.13,2026-06-18 05:43:00,2026-06-18 06:30:00,reverse,-0.5699999999995998
2026-06-18,1,4316.86,4311.69,0.13,2026-06-18 06:30:00,2026-06-18 07:43:00,reverse,-5.300000000000073
2026-06-18,-1,4311.69,4324.02,0.13,2026-06-18 07:43:00,2026-06-18 08:30:00,stop,-12.460000000000838
2026-06-18,1,4323.29,4312.36,0.13,2026-06-18 08:30:00,2026-06-18 08:43:00,stop,-11.060000000000292
2026-06-18,-1,4296.28,4208.15,0.13,2026-06-18 10:33:00,2026-06-18 23:57:00,close,88.00000000000011
2026-06-19,-1,4193.85,4134.61,0.13,2026-06-19 02:45:00,2026-06-19 08:30:00,reverse,59.11000000000069
2026-06-19,1,4134.61,4134.61,0.13,2026-06-19 08:30:00,2026-06-19 09:36:00,stop,-0.13
2026-06-19,-1,4133.68,4148.11,0.13,2026-06-19 09:37:00,2026-06-19 09:56:00,stop,-14.559999999999382
2026-06-19,1,4160.09,4160.09,0.13,2026-06-19 10:57:00,2026-06-19 13:01:00,stop,-0.13
2026-06-22,-1,4153.82,4153.82,0.13,2026-06-22 02:31:00,2026-06-22 03:11:00,stop,-0.13
2026-06-22,1,4170.44,4200.85,0.13,2026-06-22 03:30:00,2026-06-22 04:31:00,reverse,30.280000000000765
2026-06-22,-1,4200.85,4195.02,0.13,2026-06-22 04:31:00,2026-06-22 05:35:00,reverse,5.699999999999927
2026-06-22,1,4195.02,4183.61,0.13,2026-06-22 05:35:00,2026-06-22 06:09:00,stop,-11.540000000000765
2026-06-22,-1,4173.73,4178.88,0.13,2026-06-22 06:56:00,2026-06-22 07:37:00,reverse,-5.280000000000546
2026-06-22,1,4178.88,4197.04,0.13,2026-06-22 07:37:00,2026-06-22 10:30:00,reverse,18.029999999999855
2026-06-22,-1,4197.04,4197.04,0.13,2026-06-22 10:30:00,2026-06-22 11:53:00,stop,-0.13
2026-06-23,1,4192.96,4189.58,0.13,2026-06-23 02:35:00,2026-06-23 02:50:00,stop,-3.510000000000109
2026-06-23,1,4192.29,4178.38,0.13,2026-06-23 03:44:00,2026-06-23 04:17:00,stop,-14.039999999999855
2026-06-23,-1,4170.93,4109.67,0.13,2026-06-23 04:33:00,2026-06-23 23:57:00,close,61.130000000000216
2026-06-24,-1,4095.11,4095.11,0.13,2026-06-24 02:32:00,2026-06-24 02:46:00,stop,-0.13
2026-06-24,-1,4093.8,4093.8,0.13,2026-06-24 04:00:00,2026-06-24 04:25:00,stop,-0.13
2026-06-24,1,4100.81,4068.54,0.13,2026-06-24 04:30:00,2026-06-24 05:30:00,stop,-32.40000000000044
2026-06-24,-1,4071.37,4065.51,0.13,2026-06-24 05:30:00,2026-06-24 06:41:00,reverse,5.729999999999673
2026-06-24,1,4065.51,4083.28,0.13,2026-06-24 06:41:00,2026-06-24 10:31:00,reverse,17.639999999999983
2026-06-24,-1,4083.28,4083.28,0.13,2026-06-24 10:31:00,2026-06-24 11:30:00,stop,-0.13
2026-06-25,1,4000.58,4000.58,0.13,2026-06-25 02:32:00,2026-06-25 03:21:00,stop,-0.13
2026-06-25,-1,3995.42,3989.32,0.13,2026-06-25 03:30:00,2026-06-25 06:50:00,reverse,5.969999999999909
2026-06-25,1,3989.32,3987.7,0.13,2026-06-25 06:50:00,2026-06-25 07:39:00,reverse,-1.7500000000003455
2026-06-25,-1,3987.7,3997.63,0.13,2026-06-25 07:39:00,2026-06-25 08:04:00,stop,-10.060000000000292
2026-06-25,-1,3989.19,3989.19,0.13,2026-06-25 08:30:00,2026-06-25 10:28:00,stop,-0.13
2026-06-25,-1,3973.57,3989.81,0.13,2026-06-25 10:45:00,2026-06-25 11:00:00,stop,-16.36999999999978
2026-06-26,1,4030.22,4021.56,0.13,2026-06-26 02:30:00,2026-06-26 02:34:00,stop,-8.789999999999855
2026-06-26,1,4023.48,4014.34,0.13,2026-06-26 03:46:00,2026-06-26 05:11:00,reverse,-9.269999999999873
2026-06-26,-1,4014.34,3999.96,0.13,2026-06-26 05:11:00,2026-06-26 06:41:00,reverse,14.250000000000108
2026-06-26,1,3999.96,4026.78,0.13,2026-06-26 06:41:00,2026-06-26 11:02:00,reverse,26.690000000000165
2026-06-26,-1,4026.78,4039.76,0.13,2026-06-26 11:02:00,2026-06-26 12:09:00,stop,-13.110000000000019
2026-06-29,-1,4055.45,4064.8,0.13,2026-06-29 02:31:00,2026-06-29 03:41:00,reverse,-9.480000000000365
2026-06-29,1,4064.8,4065.03,0.13,2026-06-29 03:41:00,2026-06-29 07:11:00,reverse,0.10000000000001819
2026-06-29,-1,4065.03,4064.16,0.13,2026-06-29 07:11:00,2026-06-29 09:48:00,reverse,0.7400000000003456
2026-06-29,1,4064.16,4053.6,0.13,2026-06-29 09:48:00,2026-06-29 11:51:00,stop,-10.689999999999946
2026-06-30,-1,4014.17,3973.25,0.13,2026-06-30 02:42:00,2026-06-30 07:01:00,reverse,40.79000000000007
2026-06-30,1,3973.25,3979.66,0.13,2026-06-30 07:01:00,2026-06-30 08:30:00,reverse,6.279999999999855
2026-06-30,-1,3979.66,3990.84,0.13,2026-06-30 08:30:00,2026-06-30 09:22:00,stop,-11.310000000000292
2026-06-30,1,4013.43,4013.43,0.13,2026-06-30 09:30:00,2026-06-30 23:27:00,stop,-0.13
2026-07-01,-1,4008.17,3982.26,0.13,2026-07-01 02:46:00,2026-07-01 05:30:00,reverse,25.779999999999855
2026-07-01,1,3982.26,3978.56,0.13,2026-07-01 05:30:00,2026-07-01 06:31:00,reverse,-3.8300000000002727
2026-07-01,-1,3978.56,3978.56,0.13,2026-07-01 06:31:00,2026-07-01 08:32:00,stop,-0.13
2026-07-01,1,3977.16,3969.93,0.13,2026-07-01 08:32:00,2026-07-01 09:06:00,stop,-7.360000000000018
2026-07-01,-1,3963.2,3973.78,0.13,2026-07-01 10:07:00,2026-07-01 10:50:00,reverse,-10.710000000000383
2026-07-01,1,3973.78,4031.42,0.13,2026-07-01 10:50:00,2026-07-01 23:57:00,close,57.50999999999987
2026-07-02,-1,4033.93,4045.12,0.13,2026-07-02 02:45:00,2026-07-02 03:12:00,stop,-11.320000000000055
2026-07-02,1,4048.56,4050.17,0.13,2026-07-02 03:49:00,2026-07-02 04:32:00,reverse,1.4800000000001274
2026-07-02,-1,4050.17,4054.93,0.13,2026-07-02 04:32:00,2026-07-02 05:42:00,reverse,-4.889999999999763
2026-07-02,1,4054.93,4064.14,0.13,2026-07-02 05:42:00,2026-07-02 07:31:00,reverse,9.080000000000036
2026-07-02,-1,4064.14,4064.14,0.13,2026-07-02 07:31:00,2026-07-02 08:38:00,stop,-0.13
2026-07-02,-1,4066.09,4074.18,0.13,2026-07-02 10:16:00,2026-07-02 10:42:00,reverse,-8.219999999999692
2026-07-02,1,4074.18,4060.87,0.13,2026-07-02 10:42:00,2026-07-02 14:04:00,stop,-13.439999999999946
2026-07-03,1,4130.33,4124.36,0.13,2026-07-03 02:31:00,2026-07-03 02:38:00,stop,-6.1000000000002546
2026-07-03,1,4140.89,4179.31,0.13,2026-07-03 03:49:00,2026-07-03 06:39:00,reverse,38.29000000000007
2026-07-03,-1,4179.31,4179.31,0.13,2026-07-03 06:39:00,2026-07-03 07:19:00,stop,-0.13
2026-07-03,-1,4173.29,4181.23,0.13,2026-07-03 08:22:00,2026-07-03 08:30:00,reverse,-8.0699999999996
2026-07-03,1,4181.23,4173.1,0.13,2026-07-03 08:30:00,2026-07-03 08:47:00,stop,-8.2599999999992
2026-07-03,1,4171.81,4171.81,0.13,2026-07-03 09:36:00,2026-07-03 12:27:00,stop,-0.13
2026-07-06,-1,4186.68,4185.38,0.13,2026-07-06 02:46:00,2026-07-06 03:41:00,reverse,1.170000000000182
2026-07-06,1,4185.38,4185.38,0.13,2026-07-06 03:41:00,2026-07-06 04:59:00,stop,-0.13
2026-07-06,-1,4175.83,4156.74,0.13,2026-07-06 05:30:00,2026-07-06 09:30:00,reverse,18.960000000000147
2026-07-06,1,4156.74,4145.81,0.13,2026-07-06 09:30:00,2026-07-06 12:26:00,stop,-11.059999999999382
2026-07-07,-1,4163.01,4160.65,0.13,2026-07-07 02:30:00,2026-07-07 03:30:00,reverse,2.230000000000582
2026-07-07,1,4160.65,4152.04,0.13,2026-07-07 03:30:00,2026-07-07 03:37:00,stop,-8.739999999999673
2026-07-07,-1,4137.69,4137.69,0.13,2026-07-07 05:30:00,2026-07-07 07:09:00,stop,-0.13
2026-07-07,-1,4130.4,4130.4,0.13,2026-07-07 07:30:00,2026-07-07 09:40:00,stop,-0.13
2026-07-07,1,4129.68,4129.68,0.13,2026-07-07 09:40:00,2026-07-07 11:43:00,stop,-0.13
2026-07-08,-1,4096.27,4107.91,0.13,2026-07-08 02:45:00,2026-07-08 03:27:00,stop,-11.769999999999419
2026-07-08,1,4107.98,4107.98,0.13,2026-07-08 03:33:00,2026-07-08 04:00:00,stop,-0.13
2026-07-08,-1,4098.41,4117.9,0.13,2026-07-08 04:34:00,2026-07-08 05:11:00,stop,-19.61999999999978
2026-07-08,1,4124.92,4121.99,0.13,2026-07-08 06:01:00,2026-07-08 08:30:00,reverse,-3.060000000000291
2026-07-08,-1,4121.99,4125.32,0.13,2026-07-08 08:30:00,2026-07-08 10:32:00,reverse,-3.459999999999927
2026-07-08,1,4125.32,4114.82,0.13,2026-07-08 10:32:00,2026-07-08 11:16:00,stop,-10.63
2026-07-09,-1,4073.83,4077.81,0.13,2026-07-09 02:43:00,2026-07-09 03:00:00,stop,-4.110000000000018
2026-07-09,-1,4073.97,4067.64,0.13,2026-07-09 03:51:00,2026-07-09 08:01:00,reverse,6.199999999999927
2026-07-09,1,4067.64,4123.93,0.13,2026-07-09 08:01:00,2026-07-09 23:57:00,close,56.160000000000416
2026-07-10,-1,4121.41,4125.14,0.13,2026-07-10 02:31:00,2026-07-10 03:04:00,stop,-3.860000000000473
2026-07-10,-1,4117.03,4125.7,0.13,2026-07-10 03:31:00,2026-07-10 03:45:00,stop,-8.800000000000074
2026-07-10,-1,4118.88,4128.93,0.13,2026-07-10 04:36:00,2026-07-10 05:53:00,reverse,-10.180000000000183
2026-07-10,1,4128.93,4120.68,0.13,2026-07-10 05:53:00,2026-07-10 06:47:00,reverse,-8.38
2026-07-10,-1,4120.68,4120.68,0.13,2026-07-10 06:47:00,2026-07-10 23:55:00,stop,-0.13
2026-07-13,1,4076.73,4076.73,0.13,2026-07-13 02:39:00,2026-07-13 03:26:00,stop,-0.13
2026-07-13,-1,4074.4,4082.01,0.13,2026-07-13 03:30:00,2026-07-13 04:31:00,reverse,-7.740000000000127
2026-07-13,1,4082.01,4065.51,0.13,2026-07-13 04:31:00,2026-07-13 05:30:00,stop,-16.63
2026-07-13,-1,4066.6,4075.0,0.13,2026-07-13 05:30:00,2026-07-13 05:35:00,stop,-8.530000000000092
2026-07-13,-1,4053.08,4060.53,0.13,2026-07-13 07:14:00,2026-07-13 08:05:00,reverse,-7.580000000000273
2026-07-13,1,4060.53,4060.53,0.13,2026-07-13 08:05:00,2026-07-13 08:23:00,stop,-0.13
2026-07-13,-1,4054.91,4061.2,0.13,2026-07-13 08:30:00,2026-07-13 09:30:00,reverse,-6.4199999999999635
2026-07-13,1,4061.2,4061.2,0.13,2026-07-13 09:30:00,2026-07-13 13:41:00,stop,-0.13
2026-07-14,-1,3997.0,4003.12,0.13,2026-07-14 02:30:00,2026-07-14 03:00:00,stop,-6.249999999999891
2026-07-14,1,4004.73,4023.05,0.13,2026-07-14 03:34:00,2026-07-14 09:30:00,reverse,18.190000000000165
2026-07-14,-1,4023.05,4033.2,0.13,2026-07-14 09:30:00,2026-07-14 15:02:00,stop,-10.279999999999637
2026-07-15,1,4053.94,4053.94,0.13,2026-07-15 02:34:00,2026-07-15 04:17:00,stop,-0.13
2026-07-15,-1,4052.69,4052.69,0.13,2026-07-15 04:30:00,2026-07-15 15:32:00,stop,-0.13
2026-07-16,-1,4057.08,4060.36,0.13,2026-07-16 02:31:00,2026-07-16 03:31:00,reverse,-3.4100000000002
2026-07-16,1,4060.36,4054.89,0.13,2026-07-16 03:31:00,2026-07-16 03:44:00,stop,-5.6000000000002546
2026-07-16,-1,4033.93,4034.08,0.13,2026-07-16 05:06:00,2026-07-16 06:31:00,reverse,-0.28000000000009095
2026-07-16,1,4034.08,4031.98,0.13,2026-07-16 06:31:00,2026-07-16 08:02:00,reverse,-2.229999999999909
2026-07-16,-1,4031.98,4031.98,0.13,2026-07-16 08:02:00,2026-07-16 08:44:00,stop,-0.13
2026-07-16,-1,4027.05,4036.5,0.13,2026-07-16 09:34:00,2026-07-16 11:47:00,stop,-9.579999999999819
2026-07-17,1,3980.62,3983.13,0.13,2026-07-17 02:38:00,2026-07-17 03:30:00,reverse,2.3800000000002184
2026-07-17,-1,3983.13,3990.98,0.13,2026-07-17 03:30:00,2026-07-17 03:59:00,stop,-7.979999999999909
2026-07-17,-1,3987.41,3987.41,0.13,2026-07-17 04:47:00,2026-07-17 06:04:00,stop,-0.13
2026-07-17,-1,3985.22,3985.22,0.13,2026-07-17 07:33:00,2026-07-17 08:30:00,stop,-0.13
2026-07-17,1,3982.83,3982.83,0.13,2026-07-17 08:30:00,2026-07-17 08:45:00,stop,-0.13
2026-07-17,1,4006.02,3993.3,0.13,2026-07-17 09:30:00,2026-07-17 10:57:00,reverse,-12.8499999999998
2026-07-17,-1,3993.3,3993.3,0.13,2026-07-17 10:57:00,2026-07-17 16:39:00,stop,-0.13
2026-07-20,-1,3990.63,3995.63,0.13,2026-07-20 02:41:00,2026-07-20 02:52:00,stop,-5.13
2026-07-20,1,4005.58,3999.84,0.13,2026-07-20 03:35:00,2026-07-20 04:42:00,reverse,-5.869999999999782
2026-07-20,-1,3999.84,4010.01,0.13,2026-07-20 04:42:00,2026-07-20 05:32:00,reverse,-10.300000000000074
2026-07-20,1,4010.01,4021.41,0.13,2026-07-20 05:32:00,2026-07-20 07:45:00,reverse,11.269999999999635
2026-07-20,-1,4021.41,4008.72,0.13,2026-07-20 07:45:00,2026-07-20 10:30:00,reverse,12.560000000000054
2026-07-20,1,4008.72,4008.72,0.13,2026-07-20 10:30:00,2026-07-20 15:22:00,stop,-0.13
2026-07-21,1,4009.9,4068.38,0.13,2026-07-21 02:59:00,2026-07-21 10:30:00,reverse,58.350000000000016
2026-07-21,-1,4068.38,4068.38,0.13,2026-07-21 10:30:00,2026-07-21 17:29:00,stop,-0.13
2026-07-22,-1,4079.52,4082.56,0.13,2026-07-22 02:44:00,2026-07-22 02:45:00,stop,-3.1699999999999635
2026-07-22,1,4098.76,4129.32,0.13,2026-07-22 03:30:00,2026-07-22 07:02:00,reverse,30.42999999999949
2026-07-22,-1,4129.32,4122.55,0.13,2026-07-22 07:02:00,2026-07-22 10:30:00,reverse,6.639999999999527
2026-07-22,1,4122.55,4111.93,0.13,2026-07-22 10:30:00,2026-07-22 10:41:00,stop,-10.749999999999892
2026-07-23,1,4124.78,4126.2,0.13,2026-07-23 02:45:00,2026-07-23 03:50:00,reverse,1.2900000000000729
2026-07-23,-1,4126.2,4134.74,0.13,2026-07-23 03:50:00,2026-07-23 04:00:00,stop,-8.669999999999964
2026-07-23,-1,4129.84,4118.95,0.13,2026-07-23 04:30:00,2026-07-23 05:30:00,reverse,10.760000000000327
2026-07-23,1,4118.95,4124.12,0.13,2026-07-23 05:30:00,2026-07-23 07:00:00,reverse,5.040000000000073
2026-07-23,-1,4124.12,4129.86,0.13,2026-07-23 07:00:00,2026-07-23 07:30:00,reverse,-5.869999999999782
2026-07-23,1,4129.86,4122.55,0.13,2026-07-23 07:30:00,2026-07-23 07:45:00,stop,-7.439999999999491
2026-07-23,1,4125.53,4121.25,0.13,2026-07-23 08:30:00,2026-07-23 09:31:00,reverse,-4.409999999999745
2026-07-23,-1,4121.25,4049.09,0.13,2026-07-23 09:31:00,2026-07-23 23:57:00,close,72.02999999999986
2026-07-24,1,4049.95,4047.24,0.13,2026-07-24 02:30:00,2026-07-24 02:40:00,stop,-2.8400000000000363
2026-07-24,1,4050.07,4041.32,0.13,2026-07-24 03:43:00,2026-07-24 04:04:00,stop,-8.88
2026-07-24,1,4050.22,4041.07,0.13,2026-07-24 04:44:00,2026-07-24 05:45:00,reverse,-9.279999999999637
2026-07-24,-1,4041.07,4039.05,0.13,2026-07-24 05:45:00,2026-07-24 10:02:00,reverse,1.889999999999982
2026-07-24,1,4039.05,4052.93,0.13,2026-07-24 10:02:00,2026-07-24 23:56:00,close,13.749999999999654
2026-07-27,1,4091.31,4091.31,0.13,2026-07-27 02:45:00,2026-07-27 03:27:00,stop,-0.13
2026-07-27,-1,4102.04,4092.89,0.13,2026-07-27 05:30:00,2026-07-27 08:08:00,reverse,9.02000000000009
2026-07-27,1,4092.89,4087.06,0.13,2026-07-27 08:08:00,2026-07-27 08:25:00,stop,-5.959999999999927
2026-07-27,-1,4086.2,4094.79,0.13,2026-07-27 08:35:00,2026-07-27 09:10:00,stop,-8.720000000000146
2026-07-27,1,4096.5,4096.5,0.13,2026-07-27 09:32:00,2026-07-27 10:42:00,stop,-0.13
2026-07-27,-1,4095.92,4076.72,0.13,2026-07-27 10:50:00,2026-07-27 23:57:00,close,19.070000000000274
2026-07-28,-1,4071.83,4049.33,0.13,2026-07-28 02:44:00,2026-07-28 06:31:00,reverse,22.37
2026-07-28,1,4049.33,4043.53,0.13,2026-07-28 06:31:00,2026-07-28 07:48:00,reverse,-5.929999999999727
2026-07-28,-1,4043.53,4044.01,0.13,2026-07-28 07:48:00,2026-07-28 08:30:00,reverse,-0.6100000000000182
2026-07-28,1,4044.01,4040.05,0.13,2026-07-28 08:30:00,2026-07-28 08:32:00,stop,-4.090000000000036
2026-07-28,1,4049.0,4047.5,0.13,2026-07-28 09:31:00,2026-07-28 10:46:00,reverse,-1.63
2026-07-28,-1,4047.5,4052.41,0.13,2026-07-28 10:46:00,2026-07-28 11:02:00,stop,-5.039999999999854
2026-07-29,1,4023.18,4017.66,0.13,2026-07-29 02:44:00,2026-07-29 04:01:00,reverse,-5.649999999999982
2026-07-29,-1,4017.66,4021.92,0.13,2026-07-29 04:01:00,2026-07-29 04:34:00,reverse,-4.390000000000218
2026-07-29,1,4021.92,4025.52,0.13,2026-07-29 04:34:00,2026-07-29 06:31:00,reverse,3.469999999999909
2026-07-29,-1,4025.52,4025.6,0.13,2026-07-29 06:31:00,2026-07-29 07:33:00,reverse,-0.20999999999992724
2026-07-29,1,4025.6,4041.16,0.13,2026-07-29 07:33:00,2026-07-29 11:09:00,reverse,15.429999999999945
2026-07-29,-1,4041.16,4041.16,0.13,2026-07-29 11:09:00,2026-07-29 20:08:00,stop,-0.13
2026-07-30,-1,4088.31,4088.31,0.13,2026-07-30 02:53:00,2026-07-30 04:04:00,stop,-0.13
2026-07-30,-1,4079.97,4047.31,0.13,2026-07-30 05:31:00,2026-07-30 08:30:00,reverse,32.52999999999985
2026-07-30,1,4047.31,4037.66,0.13,2026-07-30 08:30:00,2026-07-30 08:37:00,stop,-9.780000000000092
2026-07-30,1,4039.51,4039.51,0.13,2026-07-30 09:51:00,2026-07-30 10:36:00,stop,-0.13
2026-07-30,1,4051.35,4102.9,0.13,2026-07-30 11:07:00,2026-07-30 23:57:00,close,51.419999999999725
2026-07-31,-1,4104.13,4076.3,0.13,2026-07-31 02:30:00,2026-07-31 06:32:00,reverse,27.69999999999993
2026-07-31,1,4076.3,4076.3,0.13,2026-07-31 06:32:00,2026-07-31 07:49:00,stop,-0.13
2026-07-31,-1,4079.49,4079.49,0.13,2026-07-31 08:33:00,2026-07-31 09:05:00,stop,-0.13
2026-07-31,-1,4072.82,4043.81,0.13,2026-07-31 10:29:00,2026-07-31 23:56:00,close,28.88000000000022
2026-08-03,1,4072.58,4063.24,0.13,2026-08-03 02:50:00,2026-08-03 03:26:00,stop,-9.470000000000146
2026-08-03,-1,4061.43,4061.02,0.13,2026-08-03 03:37:00,2026-08-03 05:47:00,reverse,0.2799999999998545
2026-08-03,1,4061.02,4060.93,0.13,2026-08-03 05:47:00,2026-08-03 06:44:00,reverse,-0.22000000000014552
2026-08-03,-1,4060.93,4067.92,0.13,2026-08-03 06:44:00,2026-08-03 07:07:00,stop,-7.120000000000236
2026-08-03,1,4071.01,4064.31,0.13,2026-08-03 07:32:00,2026-08-03 07:59:00,stop,-6.830000000000273
2026-08-03,1,4065.33,4065.48,0.13,2026-08-03 08:54:00,2026-08-03 09:33:00,reverse,0.020000000000090945
2026-08-03,-1,4065.48,4055.03,0.13,2026-08-03 09:33:00,2026-08-03 23:57:00,close,10.319999999999817
2026-08-04,1,4055.06,4055.06,0.13,2026-08-04 03:00:00,2026-08-04 03:52:00,stop,-0.13
2026-08-04,-1,4053.14,4052.48,0.13,2026-08-04 03:57:00,2026-08-04 04:35:00,reverse,0.5299999999998545
2026-08-04,1,4052.48,4055.78,0.13,2026-08-04 04:35:00,2026-08-04 05:30:00,reverse,3.170000000000182
2026-08-04,-1,4055.78,4061.21,0.13,2026-08-04 05:30:00,2026-08-04 05:37:00,stop,-5.559999999999836
2026-08-04,-1,4056.54,4056.54,0.13,2026-08-04 06:30:00,2026-08-04 07:14:00,stop,-0.13
2026-08-04,1,4061.68,4059.57,0.13,2026-08-04 07:30:00,2026-08-04 09:30:00,reverse,-2.2399999999996725
2026-08-04,-1,4059.57,4066.25,0.13,2026-08-04 09:30:00,2026-08-04 10:33:00,stop,-6.809999999999836
2026-08-04,1,4065.83,4065.83,0.13,2026-08-04 10:33:00,2026-08-04 11:22:00,stop,-0.13
2026-08-05,1,4077.15,4163.17,0.13,2026-08-05 03:23:00,2026-08-05 10:32:00,reverse,85.88999999999999
2026-08-05,-1,4163.17,4179.48,0.13,2026-08-05 10:32:00,2026-08-05 14:28:00,stop,-16.43999999999949
2026-08-06,1,4264.2,4283.44,0.13,2026-08-06 02:34:00,2026-08-06 05:30:00,reverse,19.109999999999783
2026-08-06,-1,4283.44,4283.44,0.13,2026-08-06 05:30:00,2026-08-06 12:02:00,stop,-0.13
2026-08-07,1,4246.2,4246.2,0.13,2026-08-07 02:31:00,2026-08-07 03:11:00,stop,-0.13
2026-08-07,-1,4239.2,4250.28,0.13,2026-08-07 03:35:00,2026-08-07 04:42:00,reverse,-11.209999999999928
2026-08-07,1,4250.28,4256.12,0.13,2026-08-07 04:42:00,2026-08-07 05:35:00,reverse,5.710000000000146
2026-08-07,-1,4256.12,4256.12,0.13,2026-08-07 05:35:00,2026-08-07 06:03:00,stop,-0.13
2026-08-07,1,4259.38,4261.91,0.13,2026-08-07 06:30:00,2026-08-07 07:42:00,reverse,2.3999999999997454
2026-08-07,-1,4261.91,4269.12,0.13,2026-08-07 07:42:00,2026-08-07 08:10:00,stop,-7.340000000000036
2026-08-07,1,4271.27,4284.7,0.13,2026-08-07 08:32:00,2026-08-07 10:30:00,reverse,13.29999999999938
2026-08-07,-1,4284.7,4297.78,0.13,2026-08-07 10:30:00,2026-08-07 11:13:00,stop,-13.209999999999928
2026-08-10,-1,4341.35,4341.35,0.13,2026-08-10 02:34:00,2026-08-10 03:05:00,stop,-0.13
2026-08-10,-1,4332.68,4332.21,0.13,2026-08-10 03:55:00,2026-08-10 05:30:00,reverse,0.34000000000025465
2026-08-10,1,4332.21,4318.8,0.13,2026-08-10 05:30:00,2026-08-10 06:00:00,stop,-13.539999999999855
2026-08-10,1,4328.21,4332.77,0.13,2026-08-10 06:30:00,2026-08-10 08:30:00,reverse,4.4300000000004
2026-08-10,-1,4332.77,4339.75,0.13,2026-08-10 08:30:00,2026-08-10 08:34:00,stop,-7.109999999999563
2026-08-10,1,4350.13,4350.13,0.13,2026-08-10 09:43:00,2026-08-10 10:14:00,stop,-0.13
2026-08-10,1,4358.89,4350.11,0.13,2026-08-10 10:39:00,2026-08-10 11:33:00,stop,-8.910000000000656
2026-08-11,1,4402.01,4402.01,0.12,2026-08-11 02:58:00,2026-08-11 04:01:00,stop,-0.12
2026-08-11,1,4420.22,4422.02,0.12,2026-08-11 04:31:00,2026-08-11 05:36:00,reverse,1.6800000000001818
2026-08-11,-1,4422.02,4420.74,0.12,2026-08-11 05:36:00,2026-08-11 06:30:00,reverse,1.1600000000006547
2026-08-11,1,4420.74,4409.85,0.12,2026-08-11 06:30:00,2026-08-11 07:42:00,stop,-11.009999999999417
2026-08-11,-1,4390.98,4390.98,0.12,2026-08-11 08:30:00,2026-08-11 14:02:00,stop,-0.12
2026-08-12,1,4374.55,4404.6,0.12,2026-08-12 03:12:00,2026-08-12 06:37:00,reverse,29.93000000000018
2026-08-12,-1,4404.6,4393.06,0.12,2026-08-12 06:37:00,2026-08-12 09:37:00,reverse,11.419999999999964
2026-08-12,1,4393.06,4393.06,0.12,2026-08-12 09:37:00,2026-08-12 15:30:00,stop,-0.12
2026-08-13,1,4409.8,4419.11,0.12,2026-08-13 02:33:00,2026-08-13 04:30:00,reverse,9.189999999999491
2026-08-13,-1,4419.11,4400.37,0.12,2026-08-13 04:30:00,2026-08-13 08:13:00,reverse,18.61999999999978
2026-08-13,1,4400.37,4393.19,0.12,2026-08-13 08:13:00,2026-08-13 08:41:00,reverse,-7.300000000000291
2026-08-13,-1,4393.19,4393.19,0.12,2026-08-13 08:41:00,2026-08-13 13:52:00,stop,-0.12
2026-08-14,1,4363.15,4349.23,0.12,2026-08-14 02:30:00,2026-08-14 03:17:00,stop,-14.040000000000072
2026-08-14,-1,4339.53,4322.8,0.12,2026-08-14 03:30:00,2026-08-14 06:08:00,reverse,16.609999999999562
2026-08-14,1,4322.8,4322.8,0.12,2026-08-14 06:08:00,2026-08-14 08:06:00,reverse,-0.12
2026-08-14,-1,4322.8,4322.8,0.12,2026-08-14 08:06:00,2026-08-14 08:38:00,stop,-0.12
2026-08-14,-1,4328.48,4336.65,0.12,2026-08-14 09:34:00,2026-08-14 10:03:00,stop,-8.290000000000072
2026-08-14,1,4337.36,4375.68,0.12,2026-08-14 10:40:00,2026-08-14 23:56:00,close,38.20000000000062
2026-08-17,-1,4372.73,4386.28,0.12,2026-08-17 02:32:00,2026-08-17 03:18:00,stop,-13.670000000000181
2026-08-17,1,4390.92,4399.29,0.12,2026-08-17 03:30:00,2026-08-17 04:38:00,reverse,8.249999999999892
2026-08-17,-1,4399.29,4394.98,0.12,2026-08-17 04:38:00,2026-08-17 06:32:00,reverse,4.1900000000004
2026-08-17,1,4394.98,4390.21,0.12,2026-08-17 06:32:00,2026-08-17 07:30:00,reverse,-4.889999999999527
2026-08-17,-1,4390.21,4399.56,0.12,2026-08-17 07:30:00,2026-08-17 08:30:00,stop,-9.470000000000363
2026-08-17,1,4399.46,4387.0,0.12,2026-08-17 08:30:00,2026-08-17 15:26:00,stop,-12.580000000000036
2026-08-18,1,4421.87,4421.87,0.12,2026-08-18 02:31:00,2026-08-18 04:25:00,stop,-0.12
2026-08-18,-1,4420.34,4393.67,0.12,2026-08-18 04:40:00,2026-08-18 07:30:00,reverse,26.55000000000007
2026-08-18,1,4393.67,4390.03,0.12,2026-08-18 07:30:00,2026-08-18 07:37:00,stop,-3.7600000000003275
2026-08-18,-1,4390.9,4396.0,0.12,2026-08-18 08:30:00,2026-08-18 08:50:00,stop,-5.220000000000364
2026-08-18,1,4399.82,4387.64,0.12,2026-08-18 09:30:00,2026-08-18 11:23:00,stop,-12.29999999999938
2026-08-19,-1,4330.07,4338.38,0.12,2026-08-19 02:30:00,2026-08-19 03:02:00,stop,-8.4300000000004
2026-08-19,1,4346.41,4331.55,0.12,2026-08-19 03:38:00,2026-08-19 04:01:00,stop,-14.979999999999672
2026-08-19,1,4346.37,4351.71,0.12,2026-08-19 04:31:00,2026-08-19 05:56:00,reverse,5.220000000000145
2026-08-19,-1,4351.71,4357.89,0.12,2026-08-19 05:56:00,2026-08-19 06:30:00,reverse,-6.300000000000291
2026-08-19,1,4357.89,4351.9,0.12,2026-08-19 06:30:00,2026-08-19 07:17:00,stop,-6.110000000000691
2026-08-19,-1,4350.11,4350.11,0.12,2026-08-19 07:33:00,2026-08-19 08:01:00,stop,-0.12
2026-08-19,-1,4336.74,4348.33,0.12,2026-08-19 08:47:00,2026-08-19 09:55:00,reverse,-11.710000000000145
2026-08-19,1,4348.33,4523.03,0.12,2026-08-19 09:55:00,2026-08-19 23:57:00,close,174.5799999999998
2026-08-20,-1,4515.37,4497.02,0.12,2026-08-20 02:34:00,2026-08-20 06:34:00,reverse,18.229999999999453
2026-08-20,1,4497.02,4489.81,0.12,2026-08-20 06:34:00,2026-08-20 07:30:00,reverse,-7.3300000000000365
2026-08-20,-1,4489.81,4489.81,0.12,2026-08-20 07:30:00,2026-08-20 09:05:00,stop,-0.12
2026-08-20,-1,4483.71,4493.75,0.12,2026-08-20 10:30:00,2026-08-20 10:47:00,stop,-10.159999999999963
2026-08-20,1,4495.94,4480.06,0.12,2026-08-20 11:16:00,2026-08-20 14:38:00,stop,-15.999999999999199
2026-08-21,-1,4522.8,4522.8,0.12,2026-08-21 02:32:00,2026-08-21 04:15:00,stop,-0.12
2026-08-21,1,4530.66,4529.67,0.12,2026-08-21 04:31:00,2026-08-21 06:30:00,reverse,-1.1099999999997818
2026-08-21,-1,4529.67,4538.38,0.12,2026-08-21 06:30:00,2026-08-21 07:02:00,stop,-8.830000000000036
2026-08-21,1,4547.3,4535.44,0.12,2026-08-21 07:30:00,2026-08-21 08:08:00,stop,-11.980000000000581
2026-08-21,-1,4530.52,4540.79,0.12,2026-08-21 08:30:00,2026-08-21 08:36:00,stop,-10.389999999999526
2026-08-21,1,4558.09,4603.37,0.12,2026-08-21 09:32:00,2026-08-21 23:56:00,close,45.15999999999975
2026-08-24,1,4616.16,4616.16,0.12,2026-08-24 02:30:00,2026-08-24 03:24:00,stop,-0.12
2026-08-24,-1,4611.21,4635.23,0.12,2026-08-24 04:30:00,2026-08-24 04:57:00,stop,-24.139999999999528
2026-08-24,1,4640.86,4636.04,0.12,2026-08-24 05:08:00,2026-08-24 08:30:00,reverse,-4.939999999999709
2026-08-24,-1,4636.04,4646.55,0.12,2026-08-24 08:30:00,2026-08-24 09:06:00,stop,-10.630000000000217
2026-08-24,-1,4642.23,4642.23,0.12,2026-08-24 10:30:00,2026-08-24 11:43:00,stop,-0.12
2026-08-25,1,4676.87,4676.87,0.12,2026-08-25 02:39:00,2026-08-25 03:05:00,stop,-0.12
2026-08-25,1,4691.68,4675.48,0.12,2026-08-25 03:32:00,2026-08-25 04:00:00,stop,-16.32000000000073
2026-08-25,-1,4664.24,4638.49,0.12,2026-08-25 04:54:00,2026-08-25 06:32:00,reverse,25.63
2026-08-25,1,4638.49,4629.0,0.12,2026-08-25 06:32:00,2026-08-25 07:33:00,reverse,-9.609999999999781
2026-08-25,-1,4629.0,4637.78,0.12,2026-08-25 07:33:00,2026-08-25 08:07:00,stop,-8.899999999999745
2026-08-25,1,4647.94,4634.27,0.12,2026-08-25 09:07:00,2026-08-25 10:33:00,reverse,-13.789999999999162
2026-08-25,-1,4634.27,4634.27,0.12,2026-08-25 10:33:00,2026-08-25 11:23:00,stop,-0.12
2026-08-26,-1,4660.19,4650.42,0.12,2026-08-26 02:30:00,2026-08-26 04:49:00,reverse,9.649999999999528
2026-08-26,1,4650.42,4645.95,0.12,2026-08-26 04:49:00,2026-08-26 06:44:00,reverse,-4.590000000000255
2026-08-26,-1,4645.95,4645.92,0.12,2026-08-26 06:44:00,2026-08-26 08:30:00,reverse,-0.09000000000025465
2026-08-26,1,4645.92,4640.16,0.12,2026-08-26 08:30:00,2026-08-26 08:37:00,stop,-5.880000000000218
2026-08-26,-1,4630.83,4630.83,0.12,2026-08-26 10:39:00,2026-08-26 12:02:00,stop,-0.12
2026-08-27,1,4622.38,4613.42,0.12,2026-08-27 02:39:00,2026-08-27 03:34:00,reverse,-9.080000000000036
2026-08-27,-1,4613.42,4627.11,0.12,2026-08-27 03:34:00,2026-08-27 04:37:00,stop,-13.809999999999599
2026-08-27,1,4625.13,4632.79,0.12,2026-08-27 04:37:00,2026-08-27 05:30:00,reverse,7.539999999999854
2026-08-27,-1,4632.79,4610.47,0.12,2026-08-27 05:30:00,2026-08-27 09:30:00,reverse,22.199999999999708
2026-08-27,1,4610.47,4599.63,0.12,2026-08-27 09:30:00,2026-08-27 09:57:00,stop,-10.960000000000145
2026-08-27,1,4605.88,4593.54,0.12,2026-08-27 11:03:00,2026-08-27 12:33:00,stop,-12.460000000000145
2026-08-28,-1,4600.1,4600.1,0.12,2026-08-28 02:32:00,2026-08-28 04:09:00,stop,-0.12
2026-08-28,-1,4583.89,4584.89,0.12,2026-08-28 04:38:00,2026-08-28 05:30:00,reverse,-1.12
2026-08-28,1,4584.89,4582.79,0.12,2026-08-28 05:30:00,2026-08-28 06:36:00,reverse,-2.220000000000364
2026-08-28,-1,4582.79,4585.4,0.12,2026-08-28 06:36:00,2026-08-28 08:26:00,reverse,-2.7299999999996727
2026-08-28,1,4585.4,4578.44,0.12,2026-08-28 08:26:00,2026-08-28 08:33:00,reverse,-7.0800000000000365
2026-08-28,-1,4578.44,4585.64,0.12,2026-08-28 08:33:00,2026-08-28 09:31:00,reverse,-7.320000000000728
2026-08-28,1,4585.64,4585.64,0.12,2026-08-28 09:31:00,2026-08-28 17:02:00,stop,-0.12
2026-08-31,-1,4455.26,4455.26,0.12,2026-08-31 02:30:00,2026-08-31 02:57:00,stop,-0.12
2026-08-31,1,4465.22,4452.33,0.12,2026-08-31 03:32:00,2026-08-31 04:00:00,stop,-13.010000000000327
2026-08-31,-1,4436.04,4436.04,0.12,2026-08-31 05:00:00,2026-08-31 08:26:00,stop,-0.12
2026-08-31,1,4440.86,4440.86,0.12,2026-08-31 08:30:00,2026-08-31 15:40:00,stop,-0.12
2026-09-01,1,4447.24,4446.97,0.12,2026-09-01 02:32:00,2026-09-01 03:01:00,stop,-0.38999999999952706
2026-09-01,-1,4446.48,4328.87,0.12,2026-09-01 04:10:00,2026-09-01 23:57:00,close,117.48999999999967
2026-09-02,1,4332.48,4326.16,0.12,2026-09-02 02:34:00,2026-09-02 02:59:00,stop,-6.439999999999709
2026-09-02,-1,4316.28,4306.57,0.12,2026-09-02 03:54:00,2026-09-02 05:34:00,reverse,9.590000000000037
2026-09-02,1,4306.57,4289.47,0.12,2026-09-02 05:34:00,2026-09-02 06:33:00,reverse,-17.219999999999455
2026-09-02,-1,4289.47,4304.25,0.12,2026-09-02 06:33:00,2026-09-02 07:03:00,stop,-14.899999999999745
2026-09-02,1,4306.77,4317.59,0.12,2026-09-02 07:32:00,2026-09-02 09:37:00,reverse,10.69999999999971
2026-09-02,-1,4317.59,4329.28,0.12,2026-09-02 09:37:00,2026-09-02 10:10:00,stop,-11.809999999999599
2026-09-02,1,4331.06,4319.21,0.12,2026-09-02 10:38:00,2026-09-02 11:51:00,stop,-11.970000000000363
2026-09-03,-1,4382.02,4386.83,0.12,2026-09-03 02:30:00,2026-09-03 02:45:00,stop,-4.929999999999491
2026-09-03,-1,4384.82,4392.57,0.12,2026-09-03 03:33:00,2026-09-03 03:52:00,stop,-7.87
2026-09-03,1,4409.34,4422.79,0.12,2026-09-03 04:35:00,2026-09-03 08:30:00,reverse,13.329999999999819
2026-09-03,-1,4422.79,4431.62,0.12,2026-09-03 08:30:00,2026-09-03 11:03:00,reverse,-8.949999999999926
2026-09-03,1,4431.62,4419.14,0.12,2026-09-03 11:03:00,2026-09-03 13:24:00,stop,-12.599999999999563
2026-09-04,1,4477.74,4474.47,0.12,2026-09-04 02:36:00,2026-09-04 03:30:00,reverse,-3.389999999999527
2026-09-04,-1,4474.47,4483.29,0.12,2026-09-04 03:30:00,2026-09-04 03:46:00,stop,-8.939999999999708
2026-09-04,-1,4468.08,4472.42,0.12,2026-09-04 04:47:00,2026-09-04 07:30:00,reverse,-4.460000000000146
2026-09-04,1,4472.42,4467.46,0.12,2026-09-04 07:30:00,2026-09-04 08:30:00,reverse,-5.0800000000000365
2026-09-04,-1,4467.46,4475.29,0.12,2026-09-04 08:30:00,2026-09-04 08:39:00,stop,-7.949999999999927
2026-09-04,-1,4466.66,4473.44,0.12,2026-09-04 09:31:00,2026-09-04 10:30:00,stop,-6.8999999999997454
2026-09-04,1,4472.83,4472.83,0.12,2026-09-04 10:30:00,2026-09-04 12:11:00,stop,-0.12
2026-09-07,-1,4425.27,4431.29,0.12,2026-09-07 02:41:00,2026-09-07 02:45:00,stop,-6.139999999999527
2026-09-07,-1,4421.18,4428.53,0.12,2026-09-07 03:30:00,2026-09-07 03:48:00,stop,-7.469999999999454
2026-09-07,1,4415.88,4404.69,0.12,2026-09-07 04:52:00,2026-09-07 06:42:00,reverse,-11.310000000000509
2026-09-07,-1,4404.69,4404.69,0.12,2026-09-07 06:42:00,2026-09-07 08:18:00,stop,-0.12
2026-09-07,1,4411.69,4397.66,0.12,2026-09-07 08:30:00,2026-09-07 08:53:00,stop,-14.149999999999745
2026-09-07,1,4398.16,4398.16,0.12,2026-09-07 09:35:00,2026-09-07 13:24:00,stop,-0.12
2026-09-08,1,4412.69,4424.49,0.12,2026-09-08 02:32:00,2026-09-08 05:30:00,reverse,11.680000000000183
2026-09-08,-1,4424.49,4438.67,0.12,2026-09-08 05:30:00,2026-09-08 06:20:00,stop,-14.30000000000029
2026-09-08,1,4440.1,4431.67,0.12,2026-09-08 07:00:00,2026-09-08 08:08:00,reverse,-8.55000000000029
2026-09-08,-1,4431.67,4355.53,0.12,2026-09-08 08:08:00,2026-09-08 23:57:00,close,76.02000000000032
2026-09-09,1,4357.65,4351.94,0.12,2026-09-09 02:30:00,2026-09-09 02:52:00,stop,-5.8300000000000365
2026-09-09,1,4352.92,4370.66,0.12,2026-09-09 03:44:00,2026-09-09 05:32:00,reverse,17.61999999999978
2026-09-09,-1,4370.66,4376.93,0.12,2026-09-09 05:32:00,2026-09-09 05:46:00,stop,-6.390000000000437
2026-09-09,-1,4375.59,4380.62,0.12,2026-09-09 06:31:00,2026-09-09 07:53:00,reverse,-5.1499999999997454
2026-09-09,1,4380.62,4380.62,0.12,2026-09-09 07:53:00,2026-09-09 18:06:00,stop,-0.12
2026-09-10,-1,4395.86,4398.52,0.12,2026-09-10 02:32:00,2026-09-10 03:39:00,reverse,-2.780000000000764
2026-09-10,1,4398.52,4409.34,0.12,2026-09-10 03:39:00,2026-09-10 06:38:00,reverse,10.69999999999971
2026-09-10,-1,4409.34,4421.12,0.12,2026-09-10 06:38:00,2026-09-10 08:30:00,stop,-11.899999999999745
2026-09-10,1,4420.75,4420.75,0.12,2026-09-10 08:30:00,2026-09-10 09:12:00,stop,-0.12
2026-09-10,-1,4410.93,4316.62,0.12,2026-09-10 10:22:00,2026-09-10 23:57:00,close,94.1900000000004
2026-09-11,-1,4316.66,4316.66,0.12,2026-09-11 02:37:00,2026-09-11 03:00:00,stop,-0.12
2026-09-11,1,4324.14,4324.14,0.12,2026-09-11 03:30:00,2026-09-11 04:23:00,stop,-0.12
2026-09-11,-1,4323.56,4323.56,0.12,2026-09-11 05:30:00,2026-09-11 07:10:00,stop,-0.12
2026-09-11,1,4329.24,4345.89,0.12,2026-09-11 07:30:00,2026-09-11 10:30:00,reverse,16.530000000000545
2026-09-11,-1,4345.89,4345.89,0.12,2026-09-11 10:30:00,2026-09-11 15:39:00,stop,-0.12
2026-09-14,-1,4335.75,4342.45,0.12,2026-09-14 02:48:00,2026-09-14 03:07:00,stop,-6.819999999999818
2026-09-14,-1,4329.9,4344.72,0.12,2026-09-14 04:07:00,2026-09-14 04:39:00,reverse,-14.940000000000618
2026-09-14,1,4344.72,4327.4,0.12,2026-09-14 04:39:00,2026-09-14 06:41:00,reverse,-17.44000000000062
2026-09-14,-1,4327.4,4336.41,0.12,2026-09-14 06:41:00,2026-09-14 08:33:00,stop,-9.130000000000217
2026-09-14,-1,4326.94,4298.63,0.12,2026-09-14 09:40:00,2026-09-14 23:57:00,close,28.18999999999949
2026-09-15,-1,4287.11,4297.47,0.12,2026-09-15 03:02:00,2026-09-15 04:04:00,stop,-10.480000000000581
2026-09-15,1,4305.92,4309.91,0.12,2026-09-15 04:33:00,2026-09-15 06:39:00,reverse,3.8699999999997816
2026-09-15,-1,4309.91,4309.91,0.12,2026-09-15 06:39:00,2026-09-15 21:51:00,stop,-0.12
2026-09-16,-1,4282.15,4289.53,0.12,2026-09-16 02:55:00,2026-09-16 04:15:00,stop,-7.500000000000109
2026-09-16,1,4293.64,4323.37,0.12,2026-09-16 05:11:00,2026-09-16 07:43:00,reverse,29.609999999999562
2026-09-16,-1,4323.37,4326.99,0.12,2026-09-16 07:43:00,2026-09-16 08:30:00,reverse,-3.739999999999891
2026-09-16,1,4326.99,4326.99,0.12,2026-09-16 08:30:00,2026-09-16 08:59:00,stop,-0.12
2026-09-16,1,4332.12,4332.12,0.12,2026-09-16 09:59:00,2026-09-16 17:02:00,stop,-0.12
2026-09-17,1,4273.2,4281.08,0.12,2026-09-17 02:30:00,2026-09-17 05:51:00,reverse,7.760000000000109
2026-09-17,-1,4281.08,4287.1,0.12,2026-09-17 05:51:00,2026-09-17 06:30:00,reverse,-6.140000000000437
2026-09-17,1,4287.1,4291.1,0.12,2026-09-17 06:30:00,2026-09-17 07:30:00,reverse,3.88
2026-09-17,-1,4291.1,4296.59,0.12,2026-09-17 07:30:00,2026-09-17 07:37:00,stop,-5.609999999999782
2026-09-17,1,4299.13,4341.74,0.12,2026-09-17 08:48:00,2026-09-17 23:57:00,close,42.489999999999675
2026-09-18,1,4347.54,4354.83,0.12,2026-09-18 02:54:00,2026-09-18 04:32:00,reverse,7.1699999999999635
2026-09-18,-1,4354.83,4354.83,0.12,2026-09-18 04:32:00,2026-09-18 05:30:00,stop,-0.12
2026-09-18,1,4353.82,4345.92,0.12,2026-09-18 05:30:00,2026-09-18 05:56:00,stop,-8.019999999999635
2026-09-18,1,4351.9,4363.89,0.12,2026-09-18 06:35:00,2026-09-18 08:30:00,reverse,11.870000000000692
2026-09-18,-1,4363.89,4369.52,0.12,2026-09-18 08:30:00,2026-09-18 08:37:00,stop,-5.750000000000109
2026-09-18,1,4393.9,4377.28,0.12,2026-09-18 09:35:00,2026-09-18 12:44:00,stop,-16.739999999999892
2026-09-21,1,4374.79,4371.04,0.12,2026-09-21 02:31:00,2026-09-21 02:44:00,stop,-3.87
2026-09-21,1,4372.99,4366.59,0.12,2026-09-21 03:39:00,2026-09-21 05:16:00,reverse,-6.519999999999636
2026-09-21,-1,4366.59,4366.9,0.12,2026-09-21 05:16:00,2026-09-21 06:35:00,reverse,-0.4299999999994907
2026-09-21,1,4366.9,4359.11,0.12,2026-09-21 06:35:00,2026-09-21 06:54:00,stop,-7.909999999999964
2026-09-21,-1,4356.18,4361.08,0.12,2026-09-21 07:58:00,2026-09-21 08:30:00,reverse,-5.019999999999636
2026-09-21,1,4361.08,4352.83,0.12,2026-09-21 08:30:00,2026-09-21 08:35:00,stop,-8.37
2026-09-21,-1,4346.35,4355.82,0.12,2026-09-21 10:01:00,2026-09-21 10:06:00,stop,-9.589999999999344
2026-09-21,-1,4345.87,4356.16,0.12,2026-09-21 10:41:00,2026-09-21 11:35:00,stop,-10.409999999999963
2026-09-22,-1,4358.29,4366.18,0.12,2026-09-22 02:32:00,2026-09-22 02:40:00,stop,-8.010000000000327
2026-09-22,-1,4357.9,4353.03,0.12,2026-09-22 03:30:00,2026-09-22 05:32:00,reverse,4.749999999999891
2026-09-22,1,4353.03,4339.77,0.12,2026-09-22 05:32:00,2026-09-22 06:09:00,stop,-13.379999999999308
2026-09-22,1,4346.37,4339.52,0.12,2026-09-22 06:32:00,2026-09-22 07:01:00,stop,-6.969999999999454
2026-09-22,1,4341.92,4335.01,0.12,2026-09-22 07:53:00,2026-09-22 08:21:00,stop,-7.029999999999855
2026-09-22,-1,4322.95,4322.95,0.12,2026-09-22 08:35:00,2026-09-22 11:49:00,stop,-0.12
2026-09-23,-1,4360.7,4365.42,0.12,2026-09-23 02:47:00,2026-09-23 02:55:00,stop,-4.840000000000255
2026-09-23,-1,4358.9,4340.37,0.12,2026-09-23 03:30:00,2026-09-23 06:34:00,reverse,18.409999999999744
2026-09-23,1,4340.37,4342.51,0.12,2026-09-23 06:34:00,2026-09-23 08:02:00,reverse,2.0200000000003273
2026-09-23,-1,4342.51,4336.68,0.12,2026-09-23 08:02:00,2026-09-23 09:49:00,reverse,5.709999999999927
2026-09-23,1,4336.68,4326.07,0.12,2026-09-23 09:49:00,2026-09-23 10:12:00,stop,-10.730000000000581
2026-09-23,-1,4322.22,4286.76,0.12,2026-09-23 10:30:00,2026-09-23 23:57:00,close,35.34000000000004
2026-09-24,-1,4287.94,4293.29,0.12,2026-09-24 02:30:00,2026-09-24 03:31:00,stop,-5.470000000000364
2026-09-24,1,4292.45,4292.45,0.12,2026-09-24 03:31:00,2026-09-24 04:41:00,stop,-0.12
2026-09-24,-1,4289.74,4287.44,0.12,2026-09-24 04:43:00,2026-09-24 05:30:00,reverse,2.180000000000182
2026-09-24,1,4287.44,4285.06,0.12,2026-09-24 05:30:00,2026-09-24 06:34:00,reverse,-2.4999999999991998
2026-09-24,-1,4285.06,4288.34,0.12,2026-09-24 06:34:00,2026-09-24 07:34:00,reverse,-3.3999999999997454
2026-09-24,1,4288.34,4288.34,0.12,2026-09-24 07:34:00,2026-09-24 08:16:00,stop,-0.12
2026-09-24,-1,4286.2,4286.2,0.12,2026-09-24 08:31:00,2026-09-24 10:16:00,stop,-0.12
2026-09-24,-1,4274.38,4274.38,0.12,2026-09-24 11:15:00,2026-09-24 15:45:00,stop,-0.12
2026-09-25,-1,4271.54,4275.39,0.12,2026-09-25 02:30:00,2026-09-25 02:39:00,stop,-3.970000000000364
2026-09-25,1,4270.63,4287.89,0.12,2026-09-25 03:35:00,2026-09-25 05:30:00,reverse,17.140000000000217
2026-09-25,-1,4287.89,4271.98,0.12,2026-09-25 05:30:00,2026-09-25 07:30:00,reverse,15.790000000000765
2026-09-25,1,4271.98,4267.66,0.12,2026-09-25 07:30:00,2026-09-25 07:52:00,stop,-4.439999999999709
2026-09-25,1,4265.08,4271.46,0.12,2026-09-25 08:30:00,2026-09-25 10:34:00,reverse,6.260000000000109
2026-09-25,-1,4271.46,4280.34,0.12,2026-09-25 10:34:00,2026-09-25 10:46:00,stop,-9.000000000000108
2026-09-25,1,4281.59,4281.59,0.12,2026-09-25 10:57:00,2026-09-25 16:26:00,stop,-0.12
2026-09-28,-1,4257.51,4199.79,0.12,2026-09-28 03:00:00,2026-09-28 07:30:00,reverse,57.60000000000026
2026-09-28,1,4199.79,4195.18,0.12,2026-09-28 07:30:00,2026-09-28 07:59:00,stop,-4.729999999999673
2026-09-28,-1,4185.42,4114.22,0.12,2026-09-28 08:31:00,2026-09-28 23:57:00,close,71.07999999999981
2026-09-29,-1,4121.39,4121.39,0.12,2026-09-29 03:10:00,2026-09-29 04:01:00,stop,-0.12
2026-09-29,1,4131.86,4128.57,0.12,2026-09-29 04:42:00,2026-09-29 07:33:00,reverse,-3.4099999999999637
2026-09-29,-1,4128.57,4128.57,0.12,2026-09-29 07:33:00,2026-09-29 08:38:00,stop,-0.12
2026-09-29,-1,4138.84,4148.19,0.12,2026-09-29 10:00:00,2026-09-29 10:25:00,stop,-9.469999999999454
2026-09-29,1,4148.91,4148.91,0.12,2026-09-29 13:06:00,2026-09-29 18:29:00,stop,-0.12
2026-09-30,-1,4178.91,4183.71,0.12,2026-09-30 02:32:00,2026-09-30 02:46:00,stop,-4.920000000000182
2026-09-30,-1,4181.39,4181.39,0.12,2026-09-30 03:32:00,2026-09-30 04:01:00,stop,-0.12
2026-09-30,-1,4167.78,4181.6,0.12,2026-09-30 04:30:00,2026-09-30 05:46:00,stop,-13.940000000000618
2026-09-30,-1,4177.3,4177.3,0.12,2026-09-30 06:32:00,2026-09-30 07:18:00,stop,-0.12
2026-09-30,1,4179.24,4172.19,0.12,2026-09-30 07:35:00,2026-09-30 08:15:00,stop,-7.170000000000182
2026-09-30,1,4182.4,4182.4,0.12,2026-09-30 09:10:00,2026-09-30 13:51:00,stop,-0.12
2026-10-01,1,4155.3,4152.06,0.12,2026-10-01 02:37:00,2026-10-01 03:04:00,stop,-3.359999999999782
2026-10-01,-1,4141.41,4156.07,0.12,2026-10-01 03:30:00,2026-10-01 04:06:00,stop,-14.779999999999854
2026-10-01,1,4158.15,4187.49,0.12,2026-10-01 05:51:00,2026-10-01 09:36:00,reverse,29.220000000000145
2026-10-01,-1,4187.49,4187.49,0.12,2026-10-01 09:36:00,2026-10-01 15:47:00,stop,-0.12
2026-10-02,-1,4177.7,4183.01,0.12,2026-10-02 02:42:00,2026-10-02 02:50:00,stop,-5.4300000000004
2026-10-02,-1,4164.23,4154.69,0.12,2026-10-02 03:30:00,2026-10-02 05:04:00,reverse,9.419999999999964
2026-10-02,1,4154.69,4184.15,0.12,2026-10-02 05:04:00,2026-10-02 08:48:00,reverse,29.340000000000035
2026-10-02,-1,4184.15,4192.12,0.12,2026-10-02 08:48:00,2026-10-02 09:04:00,stop,-8.090000000000254
2026-10-02,-1,4186.24,4189.31,0.12,2026-10-02 09:34:00,2026-10-02 10:57:00,reverse,-3.1900000000006186
2026-10-02,1,4189.31,4177.72,0.12,2026-10-02 10:57:00,2026-10-02 13:10:00,stop,-11.710000000000145
2026-10-05,-1,4142.36,4147.74,0.12,2026-10-05 02:45:00,2026-10-05 03:02:00,stop,-5.500000000000109
2026-10-05,1,4158.12,4152.76,0.12,2026-10-05 04:01:00,2026-10-05 04:43:00,reverse,-5.479999999999673
2026-10-05,-1,4152.76,4161.36,0.12,2026-10-05 04:43:00,2026-10-05 04:58:00,stop,-8.719999999999454
2026-10-05,-1,4155.95,4145.06,0.12,2026-10-05 05:33:00,2026-10-05 06:33:00,reverse,10.769999999999419
2026-10-05,1,4145.06,4136.36,0.12,2026-10-05 06:33:00,2026-10-05 07:14:00,stop,-8.820000000000727
2026-10-05,1,4140.18,4130.69,0.12,2026-10-05 08:44:00,2026-10-05 08:56:00,stop,-9.61000000000069
2026-10-05,1,4143.62,4143.62,0.12,2026-10-05 09:01:00,2026-10-05 16:39:00,stop,-0.12
2026-10-06,-1,4137.93,4137.93,0.12,2026-10-06 02:41:00,2026-10-06 03:17:00,stop,-0.12
2026-10-06,1,4141.57,4141.57,0.12,2026-10-06 03:31:00,2026-10-06 04:19:00,stop,-0.12
2026-10-06,-1,4135.51,4135.51,0.12,2026-10-06 04:30:00,2026-10-06 05:53:00,stop,-0.12
2026-10-06,-1,4126.29,4133.1,0.12,2026-10-06 06:30:00,2026-10-06 06:44:00,stop,-6.9300000000004
2026-10-06,-1,4125.79,4125.79,0.12,2026-10-06 07:34:00,2026-10-06 08:17:00,stop,-0.12
2026-10-06,-1,4120.4,4120.4,0.12,2026-10-06 08:30:00,2026-10-06 09:09:00,stop,-0.12
2026-10-06,1,4134.46,4163.77,0.12,2026-10-06 09:30:00,2026-10-06 23:57:00,close,29.1900000000004
2026-10-07,1,4169.92,4162.49,0.12,2026-10-07 02:31:00,2026-10-07 03:09:00,stop,-7.550000000000291
2026-10-07,-1,4160.12,4147.78,0.12,2026-10-07 03:30:00,2026-10-07 05:30:00,reverse,12.220000000000146
2026-10-07,1,4147.78,4140.24,0.12,2026-10-07 05:30:00,2026-10-07 06:06:00,stop,-7.659999999999964
2026-10-07,1,4144.02,4140.65,0.12,2026-10-07 06:33:00,2026-10-07 07:32:00,reverse,-3.4900000000008005
2026-10-07,-1,4140.65,4136.92,0.12,2026-10-07 07:32:00,2026-10-07 08:38:00,reverse,3.6099999999995633
2026-10-07,1,4136.92,4131.38,0.12,2026-10-07 08:38:00,2026-10-07 08:57:00,stop,-5.659999999999964
2026-10-07,1,4135.54,4126.95,0.12,2026-10-07 10:28:00,2026-10-07 11:24:00,stop,-8.710000000000145
