cfg,t_sig,t_entry,t_exit,t_max,dir,risk,tgt,R,R_m1
15min|ou|200|1.5,2026-03-02 04:15:00,2026-03-02 04:30:00,2026-03-02 14:30:00,2026-03-02 14:30:00,1,44.14285714285724,5869.474566608216,1.4190291262135841,1.4190291262135841
15min|ou|200|1.5,2026-03-03 13:00:00,2026-03-03 13:15:00,2026-03-03 13:30:00,2026-03-03 23:15:00,1,44.540357142857246,5313.267092231978,-1.002245154875587,-1.002245154875587
15min|ou|200|1.5,2026-03-03 15:00:00,2026-03-03 15:15:00,2026-03-03 16:45:00,2026-03-04 01:15:00,1,66.8496428571429,5304.558697529852,-1.0014958943043764,-1.0014958943043764
15min|ou|200|1.5,2026-03-05 16:30:00,2026-03-05 16:45:00,2026-03-05 17:15:00,2026-03-06 02:45:00,1,27.402857142857165,5144.462792586217,-1.0036492545094335,-1.0036492545094335
15min|ou|200|1.5,2026-03-05 17:00:00,2026-03-05 17:15:00,2026-03-05 20:15:00,2026-03-06 03:15:00,1,34.239642857142826,5143.822517330485,-1.0029205912111065,-1.0029205912111065
15min|ou|200|1.5,2026-03-09 03:00:00,2026-03-09 03:15:00,2026-03-09 08:45:00,2026-03-09 13:15:00,1,46.1657142857142,5111.544582366541,1.8232145067458974,1.626414397096772
15min|ou|200|1.5,2026-03-10 04:30:00,2026-03-10 04:45:00,2026-03-10 11:45:00,2026-03-10 14:45:00,-1,22.351071428571395,5118.08763933831,-1.0044740584503706,-1.0044740584503706
15min|ou|200|1.5,2026-03-10 16:15:00,2026-03-10 16:30:00,2026-03-11 03:30:00,2026-03-11 02:30:00,-1,19.4549999999997,5152.015883992449,0.467746080699047,1.4340786430223813
15min|ou|200|1.5,2026-03-12 01:45:00,2026-03-12 02:00:00,2026-03-12 12:00:00,2026-03-12 12:00:00,1,13.817142857142958,5185.862918916445,2.822580645161312,3.379346902554939
15min|ou|200|1.5,2026-03-12 17:45:00,2026-03-12 18:00:00,2026-03-12 18:15:00,2026-03-13 04:00:00,1,18.125357142856956,5180.164250450768,-1.0055171326673367,-1.0055171326673367
15min|ou|200|1.5,2026-03-12 19:45:00,2026-03-12 20:00:00,2026-03-12 21:45:00,2026-03-13 06:00:00,1,22.61357142857108,5170.701158770506,-1.004422123250891,-1.004422123250891
15min|ou|200|1.5,2026-03-12 23:15:00,2026-03-12 23:30:00,2026-03-13 01:30:00,2026-03-13 09:30:00,-1,15.976071428571297,4957.347572546529,-1.0062593610980668,-1.0062593610980668
15min|ou|200|1.5,2026-03-13 22:30:00,2026-03-13 22:45:00,2026-03-16 09:45:00,2026-03-14 08:45:00,-1,16.596428571428632,4799.236469040199,0.17232623197762154,0.3946632235850853
15min|ou|200|1.5,2026-03-18 07:30:00,2026-03-18 07:45:00,2026-03-18 09:15:00,2026-03-18 17:45:00,1,10.223571428571631,5006.435617299131,2.4091385453782794,2.131898569047879
15min|ou|200|1.5,2026-03-18 11:30:00,2026-03-18 11:45:00,2026-03-18 13:45:00,2026-03-18 21:45:00,1,12.657857142857178,5005.535515408245,-1.007900231363921,-1.007900231363921
15min|ou|200|1.5,2026-03-23 03:00:00,2026-03-23 03:15:00,2026-03-23 10:15:00,2026-03-23 13:15:00,-1,38.517857142857046,4135.763666507658,7.957348168752914,7.807192710046913
15min|ou|200|1.5,2026-03-23 12:30:00,2026-03-23 12:45:00,2026-03-23 14:15:00,2026-03-23 22:45:00,-1,88.94357142857166,3657.2388197872438,-1.0012367391845578,-1.0011243083495982
15min|ou|200|1.5,2026-03-25 02:15:00,2026-03-25 02:30:00,2026-03-25 02:45:00,2026-03-25 12:30:00,-1,31.762500000000177,4390.491719323351,-1.0037780401416652,-1.003463203463192
15min|ou|200|1.5,2026-03-26 09:00:00,2026-03-26 09:15:00,2026-03-26 19:15:00,2026-03-26 19:15:00,1,22.803214285714084,4509.724012961536,0.8283919873451194,0.8292690566805828
15min|ou|200|1.5,2026-03-26 19:15:00,2026-03-26 19:30:00,2026-03-26 23:00:00,2026-03-27 05:30:00,1,33.038571428571686,4495.9203429192785,-1.0030267652527212,-1.0030267652527212
15min|ou|200|1.5,2026-03-27 01:30:00,2026-03-27 01:45:00,2026-03-27 11:45:00,2026-03-27 11:45:00,1,35.82321428571452,4503.91156664013,0.7707292757090822,0.7718458700962014
15min|ou|200|1.5,2026-03-27 18:15:00,2026-03-27 18:30:00,2026-03-30 02:45:00,2026-03-28 04:30:00,-1,33.90321428571431,4458.461594522782,2.6973843609434183,1.4160899198348131
15min|ou|200|1.5,2026-03-30 08:45:00,2026-03-30 09:00:00,2026-03-30 10:00:00,2026-03-30 19:00:00,-1,22.640357142857184,4451.158878742727,-1.004416891454897,-1.004416891454897
15min|ou|200|1.5,2026-03-31 18:00:00,2026-03-31 18:15:00,2026-03-31 19:45:00,2026-04-01 04:15:00,-1,27.46714285714292,4554.060409214867,-1.0036407135798568,-1.0036407135798568
15min|ou|400|3.0,2026-04-01 09:45:00,2026-04-01 10:00:00,2026-04-01 11:00:00,2026-04-01 20:00:00,1,18.39857142857165,7613.110026993631,-1.005435204596639,-1.005435204596639
15min|ou|400|3.0,2026-04-01 11:15:00,2026-04-01 11:30:00,2026-04-01 21:30:00,2026-04-01 21:30:00,1,25.58678571428556,6107.838380333025,0.905545552252126,0.905545552252126
15min|ou|400|3.0,2026-04-02 01:30:00,2026-04-02 01:45:00,2026-04-02 04:15:00,2026-04-02 11:45:00,1,18.319285714285765,5854.487276166549,-1.0070963465512552,-1.0054587281163507
15min|ou|400|3.0,2026-04-29 21:00:00,2026-04-29 21:15:00,2026-04-29 22:15:00,2026-04-30 07:15:00,-1,17.859642857143108,3889.363761297554,-1.007278980942646,-1.007278980942646
15min|ou|400|3.0,2026-05-07 14:45:00,2026-05-07 15:00:00,2026-05-07 19:00:00,2026-05-08 01:00:00,1,13.011428571428528,5937.487152528983,-1.0099912165129883,-1.0099912165129883
15min|ou|400|3.0,2026-05-15 10:45:00,2026-05-15 11:00:00,2026-05-15 21:00:00,2026-05-15 21:00:00,-1,20.136428571428624,3633.9594508590944,0.5487566953992539,0.5487566953992539
15min|ou|400|3.0,2026-05-15 22:00:00,2026-05-15 22:15:00,2026-05-18 09:15:00,2026-05-16 08:15:00,-1,13.14107142857139,3118.123347241213,0.9831770621008455,0.8910993341486751
15min|ou|400|3.0,2026-05-28 05:45:00,2026-05-28 06:00:00,2026-05-28 16:00:00,2026-05-28 16:00:00,-1,17.00357142857141,3399.1752449703067,-1.0076454526359988,-1.0076454526359988
15min|ou_ew|200|3.0,2026-06-08 04:00:00,2026-06-08 04:15:00,2026-06-08 14:15:00,2026-06-08 14:15:00,-1,17.88749999999998,3855.4475687220247,0.4567435359888296,0.4567435359888296
15min|ou_ew|200|3.0,2026-06-09 19:00:00,2026-06-09 19:15:00,2026-06-10 06:15:00,2026-06-10 05:15:00,-1,26.953928571428634,2419.865908641917,3.022193955294085,2.8519033801062594
15min|ou_ew|200|3.0,2026-06-10 10:00:00,2026-06-10 10:15:00,2026-06-10 20:15:00,2026-06-10 20:15:00,-1,13.69285714285726,3867.933299475821,5.9980177360458695,5.9980177360458695
15min|ou_ew|200|3.0,2026-06-11 05:30:00,2026-06-11 05:45:00,2026-06-11 08:45:00,2026-06-11 15:45:00,-1,29.68178571428578,1186.739819539468,-1.004379790395752,-1.004379790395752
15min|ou_ew|200|3.0,2026-06-19 06:00:00,2026-06-19 06:15:00,2026-06-19 11:30:00,2026-06-19 16:15:00,-1,11.10107142857149,3153.387548623823,-1.0117105813466936,-1.0117105813466936
15min|ou_ew|200|3.0,2026-06-23 10:30:00,2026-06-23 10:45:00,2026-06-23 13:15:00,2026-06-23 20:45:00,-1,19.319999999999872,3451.6405300110264,-1.0067287784679004,-1.0067287784679004
15min|ou_ew|200|3.0,2026-06-24 05:15:00,2026-06-24 05:30:00,2026-06-24 09:15:00,2026-06-24 15:30:00,-1,19.67464285714282,3664.021855854654,-1.0066074896984853,-1.0066074896984853
15min|ou_ew|200|3.0,2026-06-24 14:00:00,2026-06-24 14:15:00,2026-06-25 01:15:00,2026-06-25 00:15:00,-1,13.085357142857058,3340.727574936426,3.364065613144492,3.4152678839488324
15min|ou_ew|200|3.0,2026-06-25 05:00:00,2026-06-25 05:15:00,2026-06-25 05:30:00,2026-06-25 15:15:00,-1,21.984642857142767,3286.5859785170987,-1.0059132186428816,-1.0059132186428816
15min|ou_ew|200|3.0,2026-06-30 05:00:00,2026-06-30 05:15:00,2026-06-30 07:30:00,2026-06-30 15:15:00,-1,21.864642857142876,3575.912387179319,-1.0059456722366484,-1.0059456722366484
15min|ou_ew|200|3.0,2026-07-01 16:30:00,2026-07-01 16:45:00,2026-07-01 19:45:00,2026-07-02 02:45:00,1,22.558928571428496,10001.835722903248,-1.0057626850312729,-1.0057626850312729
15min|ou_ew|200|3.0,2026-07-08 11:45:00,2026-07-08 12:00:00,2026-07-08 15:30:00,2026-07-08 22:00:00,-1,18.326785714285734,-647.2069827188207,-1.0070934424632296,-1.0070934424632296
15min|ou_ew|200|3.0,2026-07-08 17:30:00,2026-07-08 17:45:00,2026-07-08 20:00:00,2026-07-09 03:45:00,-1,21.28821428571429,2472.010371512174,-1.0061066653245416,-1.0061066653245416
15min|ou_ew|200|3.0,2026-07-13 18:30:00,2026-07-13 18:45:00,2026-07-14 05:45:00,2026-07-14 04:45:00,-1,17.494285714285738,-1434.4843443542186,0.13833088355379772,0.6424955087375398
15min|ou_ew|200|3.0,2026-07-22 03:15:00,2026-07-22 03:30:00,2026-07-22 03:45:00,2026-07-22 13:30:00,1,7.112142857142918,4778.963938379447,-1.0182785979712556,-1.0182785979712556
15min|ou_ew|200|3.0,2026-07-22 03:45:00,2026-07-22 04:00:00,2026-07-22 14:00:00,2026-07-22 14:00:00,1,8.678571428571477,4347.463398746102,2.297613168724234,2.297613168724234
15min|ou_ew|200|3.0,2026-07-22 15:15:00,2026-07-22 15:30:00,2026-07-22 16:00:00,2026-07-23 01:30:00,1,8.611071428571417,4389.622769208136,-1.015096843764261,-1.015096843764261
15min|ou_ew|200|3.0,2026-07-22 16:30:00,2026-07-22 16:45:00,2026-07-22 23:00:00,2026-07-23 02:45:00,1,13.223571428571338,5017.819660603684,-1.0098309296170482,-1.0098309296170482
15min|ou|400|3.0,2026-08-05 09:45:00,2026-08-05 10:00:00,2026-08-05 10:30:00,2026-08-05 20:00:00,1,12.922500000000062,6171.25700568163,-1.0100599729154274,-1.0100599729154274
15min|ou|400|3.0,2026-08-06 19:45:00,2026-08-06 20:00:00,2026-08-07 07:00:00,2026-08-07 06:00:00,1,18.578571428571294,4904.829516251078,1.3224913494809687,0.47474048442905936
15min|ou|400|3.0,2026-08-07 08:45:00,2026-08-07 09:00:00,2026-08-07 19:00:00,2026-08-07 19:00:00,1,11.736428571428664,4689.588495867923,5.298034203639454,5.298034203639454
15min|ou|400|3.0,2026-08-07 22:00:00,2026-08-07 22:15:00,2026-08-10 04:15:00,2026-08-08 08:15:00,1,14.095714285714426,4858.994101901369,-1.009222661396556,-0.1702645180906343
15min|ou|400|3.0,2026-08-21 08:45:00,2026-08-21 09:00:00,2026-08-21 19:00:00,2026-08-21 19:00:00,1,12.787500000000037,5057.624633020831,4.75933528836757,4.75933528836757
15min|ou|400|3.0,2026-08-28 20:15:00,2026-08-28 20:30:00,2026-08-31 07:30:00,2026-08-29 06:30:00,-1,44.07535714285703,3715.3644570105794,1.4080430431647202,0.5372616703535396
15min|ou|400|3.0,2026-08-31 15:30:00,2026-08-31 15:45:00,2026-08-31 23:00:00,2026-09-01 01:45:00,-1,11.03464285714293,3383.7475008851684,-1.010874842217688,-1.010874842217688
15min|ou|400|3.0,2026-09-01 11:15:00,2026-09-01 11:30:00,2026-09-01 21:30:00,2026-09-01 21:30:00,-1,16.83107142857135,3858.856896798833,2.698580431599731,2.698580431599731
15min|ou|400|3.0,2026-09-28 08:30:00,2026-09-28 08:45:00,2026-09-28 18:45:00,2026-09-28 18:45:00,-1,11.03892857142874,2151.295914301297,5.7532757449285015,5.7532757449285015
