訊號時間,進場時間,方向,進場價,停損價,出場價,出場原因,損益_美元,損益_ATR,持倉_分鐘,ATR14,D,v,ER20,時段,期間
2026-01-06 05:35:00,2026-01-06 05:40:00,多,4467.3,4458.52,4466.11,時間,-1.27,-0.289,60,4.39,2.02,-0.031,0.36,亞洲,樣本內
2026-01-08 01:15:00,2026-01-08 01:20:00,多,4461.92,4457.49,4464.15,時間,2.15,0.97,60,2.22,2.31,-0.011,0.175,亞洲,樣本內
2026-01-12 01:55:00,2026-01-12 02:00:00,多,4540.17,4529.29,4588.87,時間,48.62,8.934,60,5.44,2.21,-0.146,0.613,亞洲,樣本內
2026-01-12 15:25:00,2026-01-12 15:30:00,多,4605.02,4596.25,4596.25,停損,-8.85,-2.018,45,4.38,2.29,-0.119,0.451,紐約,樣本內
2026-01-14 02:40:00,2026-01-14 02:45:00,多,4608.72,4601.96,4614.7,時間,5.9,1.745,60,3.38,2.12,-0.104,0.45,亞洲,樣本內
2026-01-19 01:40:00,2026-01-19 01:45:00,多,4671.76,4648.94,4677.85,時間,6.0,0.526,60,11.41,3.03,-0.202,0.761,亞洲,樣本內
2026-01-20 08:10:00,2026-01-20 08:15:00,多,4713.07,4702.53,4715.55,時間,2.38,0.452,60,5.27,2.08,-0.104,0.604,亞洲,樣本內
2026-01-21 02:05:00,2026-01-21 02:10:00,多,4776.17,4767.21,4795.71,時間,19.45,4.339,60,4.48,2.04,-0.057,0.354,亞洲,樣本內
2026-01-22 08:10:00,2026-01-22 08:15:00,多,4818.13,4808.24,4833.42,時間,15.19,3.072,60,4.95,2.29,-0.217,0.473,亞洲,樣本內
2026-01-22 17:45:00,2026-01-22 17:50:00,多,4863.45,4847.32,4881.44,時間,17.89,2.218,60,8.07,2.22,-0.007,0.535,紐約,樣本內
2026-01-23 10:35:00,2026-01-23 10:40:00,空,4921.27,4937.66,4912.33,時間,8.84,1.079,60,8.2,-2.19,0.018,0.388,倫敦,樣本內
2026-01-23 18:40:00,2026-01-23 18:45:00,多,4982.92,4968.15,4983.29,時間,0.27,0.037,60,7.39,2.05,-0.116,0.446,紐約,樣本內
2026-01-26 01:25:00,2026-01-26 01:30:00,多,5018.8,5000.56,5042.73,時間,23.82,2.612,60,9.12,2.01,-0.111,0.481,亞洲,樣本內
2026-01-27 22:25:00,2026-01-27 22:30:00,多,5141.74,5124.6,5173.9,時間,32.06,3.741,60,8.57,3.63,-0.013,0.624,尾盤,樣本內
2026-01-28 05:20:00,2026-01-28 05:25:00,多,5240.32,5224.96,5224.96,停損,-15.46,-2.013,20,7.68,2.06,-0.204,0.309,亞洲,樣本內
2026-01-28 22:55:00,2026-01-28 23:00:00,多,5376.78,5347.59,5417.42,時間,40.54,2.778,60,14.6,2.24,-0.162,0.507,尾盤,樣本內
2026-01-29 17:45:00,2026-01-29 17:50:00,空,5166.19,5320.64,5273.87,時間,-107.78,-1.396,60,77.23,-2.3,0.013,0.627,紐約,樣本內
2026-01-29 23:05:00,2026-01-29 23:10:00,多,5388.32,5351.15,5438.58,時間,50.16,2.699,60,18.58,2.12,-0.045,0.334,尾盤,樣本內
2026-01-30 04:30:00,2026-01-30 04:35:00,空,5161.48,5242.53,5242.53,停損,-81.15,-2.002,15,40.53,-2.9,0.137,0.568,亞洲,樣本內
2026-01-30 20:05:00,2026-01-30 20:10:00,空,4813.03,4896.44,4896.44,停損,-83.51,-2.002,55,41.7,-2.28,0.003,0.402,尾盤,樣本內
2026-02-03 01:35:00,2026-02-03 01:40:00,多,4750.14,4706.36,4821.26,時間,71.02,3.244,60,21.89,2.03,-0.135,0.451,亞洲,樣本內
2026-02-03 09:50:00,2026-02-03 09:55:00,多,4923.82,4896.66,4932.36,時間,8.44,0.622,60,13.58,2.43,-0.181,0.493,亞洲,樣本內
2026-02-05 01:50:00,2026-02-05 01:55:00,多,5017.87,4994.72,5014.81,時間,-3.16,-0.273,60,11.57,2.04,-0.018,0.653,亞洲,樣本內
2026-02-09 01:55:00,2026-02-09 02:00:00,多,5036.14,5004.78,5019.93,時間,-16.31,-1.04,60,15.68,2.1,-0.11,0.655,亞洲,樣本內
2026-02-11 12:55:00,2026-02-11 13:00:00,多,5093.36,5079.81,5111.91,時間,18.45,2.724,60,6.77,2.68,-0.328,0.53,倫敦,樣本內
2026-02-12 18:30:00,2026-02-12 18:35:00,空,4938.23,4987.11,4964.91,時間,-26.78,-1.096,60,24.44,-2.95,0.051,0.429,紐約,樣本內
2026-02-13 21:20:00,2026-02-13 21:25:00,多,5044.51,5031.78,5031.78,停損,-12.83,-2.016,30,6.36,2.11,-0.062,0.323,尾盤,樣本內
2026-02-16 06:20:00,2026-02-16 06:25:00,空,4977.59,4990.43,4986.7,時間,-9.21,-1.435,60,6.42,-2.03,0.037,0.423,亞洲,樣本內
2026-02-17 03:15:00,2026-02-17 03:20:00,空,4946.9,4964.87,4964.87,停損,-18.07,-2.011,55,8.98,-2.02,0.47,0.479,亞洲,樣本內
2026-02-17 07:45:00,2026-02-17 07:50:00,空,4886.47,4914.2,4914.2,停損,-27.83,-2.007,55,13.87,-2.42,0.036,0.585,亞洲,樣本內
2026-02-18 05:35:00,2026-02-18 05:40:00,多,4917.3,4909.86,4933.39,時間,15.99,4.3,60,3.72,2.59,-0.157,0.567,亞洲,樣本內
2026-02-18 15:25:00,2026-02-18 15:30:00,多,4956.43,4943.17,4960.91,時間,4.38,0.66,60,6.63,2.72,-0.066,0.658,紐約,樣本內
2026-02-19 09:10:00,2026-02-19 09:15:00,多,5017.92,5010.41,5010.41,停損,-7.61,-2.027,45,3.76,2.83,-0.053,0.702,亞洲,樣本內
2026-02-20 11:20:00,2026-02-20 11:25:00,多,5038.1,5028.17,5028.17,停損,-10.03,-2.02,35,4.96,2.21,-0.071,0.312,倫敦,樣本內
2026-02-20 22:35:00,2026-02-20 22:40:00,多,5086.34,5079.41,5099.91,時間,13.47,3.885,60,3.47,2.23,-0.012,0.42,尾盤,樣本內
2026-02-23 17:00:00,2026-02-23 17:05:00,多,5188.81,5172.88,5180.02,時間,-8.89,-1.116,60,7.96,2.05,-0.249,0.543,紐約,樣本內
2026-02-24 03:30:00,2026-02-24 03:35:00,空,5170.76,5200.22,5184.26,時間,-13.6,-0.923,60,14.73,-2.2,0.242,0.484,亞洲,樣本內
2026-02-25 21:00:00,2026-02-25 21:05:00,空,5201.33,5204.63,5204.63,停損,-3.4,-2.061,10,1.65,-2.48,0.02,0.59,尾盤,樣本內
2026-03-02 01:15:00,2026-03-02 01:20:00,多,5347.67,5316.28,5360.04,時間,12.27,0.782,60,15.69,3.44,-0.216,0.738,亞洲,樣本內
2026-03-02 09:30:00,2026-03-02 09:35:00,多,5409.28,5394.05,5413.91,時間,4.53,0.595,60,7.62,2.45,-0.353,0.612,亞洲,樣本內
2026-03-02 18:15:00,2026-03-02 18:20:00,空,5284.85,5323.76,5296.13,時間,-11.38,-0.585,60,19.45,-2.0,0.189,0.326,紐約,樣本內
2026-03-03 13:20:00,2026-03-03 13:25:00,空,5187.55,5235.48,5198.69,時間,-11.24,-0.469,60,23.96,-2.26,0.23,0.324,倫敦,樣本內
2026-03-06 04:05:00,2026-03-06 04:10:00,多,5129.86,5107.89,5131.01,時間,1.05,0.096,60,10.98,2.1,-0.309,0.323,亞洲,樣本內
2026-03-10 16:30:00,2026-03-10 16:35:00,多,5213.05,5197.63,5197.63,停損,-15.52,-2.013,15,7.71,2.25,-0.066,0.42,紐約,樣本內
2026-03-13 04:25:00,2026-03-13 04:30:00,多,5118.94,5110.44,5110.44,停損,-8.6,-2.024,20,4.25,2.04,-0.049,0.593,亞洲,樣本內
2026-03-16 14:35:00,2026-03-16 14:40:00,多,5018.52,5006.28,5006.28,停損,-12.34,-2.016,15,6.12,2.8,-0.091,0.617,倫敦,樣本內
2026-03-18 07:50:00,2026-03-18 07:55:00,空,4983.29,4989.29,4989.29,停損,-6.1,-2.033,15,3.0,-2.3,0.028,0.467,亞洲,樣本內
2026-03-18 09:45:00,2026-03-18 09:50:00,多,5013.22,5004.4,5004.4,停損,-8.92,-2.023,55,4.41,2.12,-0.008,0.466,亞洲,樣本內
2026-03-18 11:05:00,2026-03-18 11:10:00,空,4992.02,5000.37,4989.92,時間,2.0,0.479,60,4.17,-2.26,0.049,0.347,倫敦,樣本內
2026-03-18 15:50:00,2026-03-18 15:55:00,空,4887.29,4913.13,4871.64,時間,15.55,1.204,60,12.92,-2.11,0.089,0.635,紐約,樣本內
2026-03-19 10:00:00,2026-03-19 10:05:00,空,4768.65,4796.65,4736.89,時間,31.66,2.261,60,14.0,-2.58,0.033,0.589,倫敦,樣本內
2026-03-19 15:35:00,2026-03-19 15:40:00,空,4605.87,4636.79,4564.1,時間,41.67,2.695,60,15.46,-2.38,0.008,0.715,紐約,樣本內
2026-03-20 06:40:00,2026-03-20 06:45:00,多,4730.29,4710.71,4720.06,時間,-10.33,-1.055,60,9.79,2.11,-0.113,0.63,亞洲,樣本內
2026-03-20 22:10:00,2026-03-20 22:15:00,空,4500.62,4533.64,4504.86,時間,-4.34,-0.263,60,16.51,-2.04,0.014,0.502,尾盤,樣本內
2026-03-23 14:25:00,2026-03-23 14:30:00,多,4399.19,4323.69,4390.27,時間,-9.02,-0.239,60,37.75,2.16,-0.511,0.43,倫敦,樣本內
2026-03-25 02:50:00,2026-03-25 02:55:00,多,4543.8,4516.72,4569.3,時間,25.38,1.874,60,13.54,3.11,-0.06,0.372,亞洲,樣本內
2026-03-25 22:20:00,2026-03-25 22:25:00,空,4514.09,4535.11,4535.11,停損,-21.12,-2.01,40,10.51,-2.05,0.331,0.474,尾盤,樣本內
2026-03-27 18:35:00,2026-03-27 18:40:00,多,4535.06,4504.17,4511.47,時間,-23.69,-1.534,60,15.44,2.25,-0.215,0.611,紐約,樣本內
2026-03-31 04:55:00,2026-03-31 05:00:00,多,4605.36,4575.26,4575.26,停損,-30.2,-2.007,50,15.05,2.45,-0.272,0.609,亞洲,樣本內
2026-04-15 04:40:00,2026-04-15 04:45:00,多,4843.56,4808.46,4828.26,時間,-15.43,-0.879,60,17.55,6.56,-0.139,0.8,亞洲,樣本內
2026-04-16 03:20:00,2026-04-16 03:25:00,多,4827.34,4820.58,4825.38,時間,-2.09,-0.618,60,3.38,2.26,-0.322,0.624,亞洲,樣本內
2026-04-16 08:15:00,2026-04-16 08:20:00,多,4835.73,4830.36,4830.36,停損,-5.5,-2.048,15,2.69,2.17,-0.099,0.578,亞洲,樣本內
2026-04-17 16:20:00,2026-04-17 16:25:00,多,4861.58,4836.95,4878.67,時間,16.96,1.377,60,12.32,2.21,-0.032,0.508,紐約,樣本內
2026-04-20 01:15:00,2026-04-20 01:20:00,空,4791.75,4813.94,4772.96,時間,18.66,1.682,60,11.1,-3.12,0.523,0.577,亞洲,樣本內
2026-04-21 06:35:00,2026-04-21 06:40:00,空,4794.77,4802.71,4793.1,時間,1.54,0.388,60,3.97,-2.23,0.034,0.364,亞洲,樣本內
2026-04-21 18:00:00,2026-04-21 18:05:00,空,4734.45,4754.42,4754.42,停損,-20.1,-2.013,15,9.98,-2.66,0.222,0.343,紐約,樣本內
2026-04-21 19:40:00,2026-04-21 19:45:00,空,4721.02,4734.45,4717.89,時間,3.0,0.447,60,6.72,-2.33,0.009,0.169,紐約,樣本內
2026-04-22 02:35:00,2026-04-22 02:40:00,多,4730.5,4723.13,4744.88,時間,14.25,3.866,60,3.69,2.03,-0.197,0.265,亞洲,樣本內
2026-04-27 01:20:00,2026-04-27 01:25:00,空,4684.76,4694.54,4682.63,時間,1.95,0.399,60,4.89,-3.47,0.204,0.554,亞洲,樣本內
2026-04-27 06:05:00,2026-04-27 06:10:00,多,4720.43,4710.54,4727.11,時間,6.55,1.325,60,4.94,2.33,-0.067,0.526,亞洲,樣本內
2026-04-28 01:20:00,2026-04-28 01:25:00,多,4687.52,4682.91,4690.83,時間,3.13,1.359,60,2.3,2.02,-0.192,0.382,亞洲,樣本內
2026-04-28 08:55:00,2026-04-28 09:00:00,空,4632.19,4645.36,4629.06,時間,3.0,0.456,60,6.59,-2.68,0.372,0.517,亞洲,樣本內
2026-04-30 10:25:00,2026-04-30 10:30:00,多,4591.58,4580.7,4617.56,時間,25.85,4.751,60,5.44,2.24,-0.007,0.407,倫敦,樣本內
2026-05-01 01:20:00,2026-05-01 01:25:00,多,4630.38,4623.57,4630.19,時間,-0.37,-0.109,60,3.4,2.03,-0.078,0.27,亞洲,樣本內
2026-05-01 11:35:00,2026-05-01 11:40:00,空,4570.42,4580.57,4571.78,時間,-1.49,-0.294,60,5.07,-2.01,0.108,0.487,倫敦,樣本內
2026-05-01 17:25:00,2026-05-01 17:30:00,多,4644.63,4622.07,4622.07,停損,-22.69,-2.012,40,11.28,2.17,-0.34,0.477,紐約,樣本內
2026-05-04 13:25:00,2026-05-04 13:30:00,空,4544.97,4560.83,4560.83,停損,-15.99,-2.016,10,7.93,-2.41,0.127,0.448,倫敦,樣本內
2026-05-06 02:25:00,2026-05-06 02:30:00,多,4582.21,4569.97,4602.32,時間,19.98,3.264,60,6.12,2.41,-0.358,0.393,亞洲,樣本內
2026-05-06 14:05:00,2026-05-06 14:10:00,多,4720.22,4707.3,4707.3,停損,-13.05,-2.02,20,6.46,2.06,-0.077,0.281,倫敦,樣本內
2026-05-07 09:50:00,2026-05-07 09:55:00,多,4736.61,4723.73,4740.95,時間,4.21,0.654,60,6.44,2.77,-0.308,0.473,亞洲,樣本內
2026-05-07 19:20:00,2026-05-07 19:25:00,空,4717.8,4733.21,4715.63,時間,2.04,0.265,60,7.71,-2.02,0.008,0.391,紐約,樣本內
2026-05-11 01:15:00,2026-05-11 01:20:00,空,4687.43,4699.81,4695.34,時間,-8.09,-1.307,60,6.19,-3.43,0.024,0.727,亞洲,樣本內
2026-05-11 16:55:00,2026-05-11 17:00:00,多,4736.17,4718.53,4718.53,停損,-17.77,-2.015,35,8.82,2.07,-0.288,0.594,紐約,樣本內
2026-05-12 02:00:00,2026-05-12 02:05:00,多,4751.1,4743.39,4764.82,時間,13.59,3.524,60,3.86,2.22,-0.092,0.507,亞洲,樣本內
2026-05-12 23:10:00,2026-05-12 23:15:00,多,4713.48,4706.58,4714.79,時間,1.18,0.342,60,3.45,2.65,-0.213,0.603,尾盤,樣本內
2026-05-14 07:45:00,2026-05-14 07:50:00,多,4705.06,4692.88,4700.14,時間,-5.05,-0.829,60,6.09,2.1,-0.227,0.293,亞洲,樣本內
2026-05-15 09:00:00,2026-05-15 09:05:00,空,4563.8,4582.81,4570.13,時間,-6.46,-0.68,60,9.5,-2.1,0.003,0.501,亞洲,樣本內
2026-05-15 23:20:00,2026-05-15 23:25:00,空,4537.34,4545.11,4538.63,斷線,-1.42,-0.366,35,3.89,-2.46,0.033,0.461,尾盤,樣本內
2026-05-18 03:45:00,2026-05-18 03:50:00,空,4494.4,4517.6,4517.6,停損,-23.33,-2.011,60,11.6,-2.09,0.056,0.522,亞洲,樣本內
2026-05-19 01:25:00,2026-05-19 01:30:00,多,4572.92,4567.06,4585.81,時間,12.76,4.354,60,2.93,2.4,-0.048,0.322,亞洲,樣本內
2026-05-25 01:25:00,2026-05-25 01:30:00,多,4552.04,4538.75,4575.05,時間,22.88,3.442,60,6.65,3.51,-0.16,0.632,亞洲,樣本內
2026-05-25 13:30:00,2026-05-25 13:35:00,多,4572.61,4567.25,4573.36,時間,0.62,0.232,60,2.68,2.26,-0.03,0.654,倫敦,樣本內
2026-05-26 14:50:00,2026-05-26 14:55:00,空,4511.63,4521.89,4521.89,停損,-10.39,-2.025,60,5.13,-2.22,0.05,0.32,倫敦,樣本內
2026-05-27 14:00:00,2026-05-27 14:05:00,空,4452.5,4466.62,4434.46,時間,17.91,2.537,60,7.06,-2.58,0.182,0.554,倫敦,樣本內
2026-05-28 05:15:00,2026-05-28 05:20:00,空,4404.3,4420.31,4384.54,時間,19.63,2.453,60,8.0,-2.27,0.005,0.533,亞洲,樣本內
2026-05-28 16:10:00,2026-05-28 16:15:00,多,4426.78,4410.13,4464.38,時間,37.47,4.5,60,8.33,2.46,-0.215,0.469,紐約,樣本內
2026-05-28 17:25:00,2026-05-28 17:30:00,多,4461.01,4436.84,4476.79,時間,15.65,1.295,60,12.08,2.17,-0.092,0.449,紐約,樣本內
2026-05-29 18:20:00,2026-05-29 18:25:00,多,4584.88,4563.41,4563.41,停損,-21.6,-2.012,20,10.74,2.51,-0.098,0.438,紐約,樣本內
2026-06-02 07:25:00,2026-06-02 07:30:00,多,4504.58,4496.86,4519.7,時間,14.99,3.884,60,3.86,2.04,-0.01,0.685,亞洲,樣本外
2026-06-05 16:10:00,2026-06-05 16:15:00,空,4418.47,4439.91,4366.26,時間,52.08,4.858,60,10.72,-2.18,0.384,0.432,紐約,樣本外
2026-06-10 22:35:00,2026-06-10 22:40:00,空,4086.33,4096.6,4076.45,時間,9.75,1.899,60,5.13,-2.32,0.091,0.51,尾盤,樣本外
2026-06-11 20:55:00,2026-06-11 21:00:00,多,4151.86,4125.8,4161.89,時間,9.9,0.76,60,13.03,2.8,-0.382,0.389,尾盤,樣本外
2026-06-15 01:20:00,2026-06-15 01:25:00,多,4298.35,4277.53,4283.05,時間,-15.48,-1.487,60,10.41,4.74,-0.251,0.763,亞洲,樣本外
2026-06-15 03:30:00,2026-06-15 03:35:00,多,4303.04,4293.61,4293.61,停損,-9.56,-2.028,20,4.72,2.41,-0.085,0.285,亞洲,樣本外
2026-06-16 06:55:00,2026-06-16 07:00:00,多,4330.51,4322.64,4322.64,停損,-8.0,-2.033,30,3.93,2.01,-0.12,0.493,亞洲,樣本外
2026-06-17 20:45:00,2026-06-17 20:50:00,多,4376.28,4365.42,4365.42,停損,-10.99,-2.024,15,5.43,2.1,-0.093,0.287,尾盤,樣本外
2026-06-17 22:40:00,2026-06-17 22:45:00,空,4230.47,4271.23,4260.05,時間,-29.71,-1.458,60,20.38,-2.08,0.045,0.342,尾盤,樣本外
2026-06-18 12:10:00,2026-06-18 12:15:00,空,4267.76,4279.68,4268.12,時間,-0.49,-0.082,60,5.96,-2.44,0.057,0.571,倫敦,樣本外
2026-06-19 06:25:00,2026-06-19 06:30:00,空,4167.42,4175.25,4146.67,時間,20.62,5.268,60,3.91,-2.01,0.113,0.521,亞洲,樣本外
2026-06-22 04:20:00,2026-06-22 04:25:00,多,4210.06,4193.19,4193.19,停損,-17.0,-2.015,30,8.43,3.08,-0.154,0.684,亞洲,樣本外
2026-06-23 06:35:00,2026-06-23 06:40:00,空,4136.57,4148.38,4138.88,時間,-2.44,-0.413,60,5.91,-2.01,0.055,0.371,亞洲,樣本外
2026-06-24 16:25:00,2026-06-24 16:30:00,空,3975.5,4002.28,4002.28,停損,-26.91,-2.01,10,13.39,-2.09,0.094,0.583,紐約,樣本外
2026-06-30 07:45:00,2026-06-30 07:50:00,多,3989.38,3978.79,3978.79,停損,-10.72,-2.025,45,5.29,2.23,-0.438,0.326,亞洲,樣本外
2026-06-30 10:00:00,2026-06-30 10:05:00,多,4027.16,4009.64,4035.78,時間,8.49,0.969,60,8.76,2.24,-0.19,0.417,倫敦,樣本外
2026-06-30 23:50:00,2026-06-30 23:55:00,空,4010.7,4015.9,4015.9,停損,-5.38,-2.069,15,2.6,-2.37,0.013,0.552,尾盤,樣本外
2026-07-01 16:55:00,2026-07-01 17:00:00,多,4089.69,4063.34,4093.44,時間,3.62,0.275,60,13.18,2.89,-0.209,0.536,紐約,樣本外
2026-07-01 23:15:00,2026-07-01 23:20:00,空,4035.69,4045.75,4035.86,時間,-0.3,-0.06,60,5.03,-2.78,0.372,0.454,尾盤,樣本外
2026-07-02 15:45:00,2026-07-02 15:50:00,多,4125.0,4102.49,4141.14,時間,16.01,1.422,60,11.26,3.34,-0.07,0.52,紐約,樣本外
2026-07-03 04:35:00,2026-07-03 04:40:00,多,4184.95,4166.49,4186.21,時間,1.13,0.122,60,9.23,2.55,-0.258,0.582,亞洲,樣本外
2026-07-07 15:25:00,2026-07-07 15:30:00,多,4165.99,4153.85,4166.3,時間,0.18,0.03,60,6.07,2.08,-0.399,0.547,紐約,樣本外
2026-07-08 12:25:00,2026-07-08 12:30:00,空,4056.62,4075.43,4050.85,時間,5.64,0.6,60,9.41,-2.02,0.026,0.676,倫敦,樣本外
2026-07-08 22:00:00,2026-07-08 22:05:00,多,4087.28,4074.92,4079.4,時間,-8.01,-1.296,60,6.18,2.09,-0.189,0.303,尾盤,樣本外
2026-07-09 09:45:00,2026-07-09 09:50:00,多,4103.46,4090.88,4110.6,時間,7.01,1.114,60,6.29,2.34,-0.042,0.526,亞洲,樣本外
2026-07-10 23:15:00,2026-07-10 23:20:00,多,4111.92,4107.08,4119.85,斷線,7.8,3.221,40,2.42,2.35,-0.224,0.44,尾盤,樣本外
2026-07-13 19:45:00,2026-07-13 19:50:00,空,3998.69,4009.12,3995.75,時間,2.81,0.539,60,5.22,-2.1,0.247,0.346,紐約,樣本外
2026-07-14 15:45:00,2026-07-14 15:50:00,多,4085.15,4062.77,4083.15,時間,-2.13,-0.19,60,11.19,3.39,-0.317,0.578,紐約,樣本外
2026-07-15 15:50:00,2026-07-15 15:55:00,多,4063.6,4053.18,4059.21,時間,-4.52,-0.867,60,5.21,3.34,-0.003,0.694,紐約,樣本外
2026-07-15 20:55:00,2026-07-15 21:00:00,多,4062.29,4052.16,4059.15,時間,-3.27,-0.646,60,5.06,2.57,-0.005,0.507,尾盤,樣本外
2026-07-21 09:00:00,2026-07-21 09:05:00,多,4065.31,4057.06,4077.57,時間,12.13,2.941,60,4.12,2.36,-0.061,0.576,亞洲,樣本外
2026-07-21 21:40:00,2026-07-21 21:45:00,多,4082.46,4076.26,4083.4,時間,0.81,0.261,60,3.1,2.21,-0.144,0.363,尾盤,樣本外
2026-07-22 04:25:00,2026-07-22 04:30:00,多,4115.52,4101.83,4124.27,時間,8.62,1.259,60,6.85,2.06,-0.286,0.454,亞洲,樣本外
2026-07-24 06:00:00,2026-07-24 06:05:00,空,4026.82,4035.4,4029.36,時間,-2.67,-0.622,60,4.29,-2.76,0.024,0.39,亞洲,樣本外
2026-07-27 01:15:00,2026-07-27 01:20:00,多,4087.75,4077.33,4084.91,時間,-3.02,-0.58,60,5.21,4.27,-0.125,0.6,亞洲,樣本外
2026-07-28 04:45:00,2026-07-28 04:50:00,空,4046.52,4055.63,4043.68,時間,2.71,0.595,60,4.55,-2.09,0.036,0.452,亞洲,樣本外
2026-07-28 13:10:00,2026-07-28 13:15:00,空,4024.28,4032.73,4023.88,時間,0.27,0.064,60,4.22,-2.43,0.06,0.451,倫敦,樣本外
2026-07-30 02:15:00,2026-07-30 02:20:00,多,4093.62,4084.1,4084.1,停損,-9.65,-2.027,45,4.76,2.59,-0.118,0.547,亞洲,樣本外
2026-07-31 05:55:00,2026-07-31 06:00:00,空,4076.16,4083.1,4075.08,時間,0.95,0.274,60,3.47,-2.15,0.059,0.512,亞洲,樣本外
2026-08-03 22:15:00,2026-08-03 22:20:00,多,4048.08,4042.39,4051.79,時間,3.58,1.259,60,2.84,2.45,-0.005,0.348,尾盤,樣本外
2026-08-04 12:50:00,2026-08-04 12:55:00,空,4048.25,4053.67,4053.67,停損,-5.55,-2.048,50,2.71,-2.05,0.08,0.712,倫敦,樣本外
2026-08-05 05:10:00,2026-08-05 05:15:00,多,4099.8,4091.77,4135.84,時間,35.91,8.944,60,4.02,2.5,-0.139,0.429,亞洲,樣本外
2026-08-05 09:00:00,2026-08-05 09:05:00,多,4162.28,4149.83,4170.88,時間,8.47,1.361,60,6.22,2.4,-0.137,0.447,亞洲,樣本外
2026-08-06 02:50:00,2026-08-06 02:55:00,多,4275.69,4265.9,4265.9,停損,-9.92,-2.027,10,4.89,2.86,-0.155,0.621,亞洲,樣本外
2026-08-07 15:50:00,2026-08-07 15:55:00,多,4364.61,4343.17,4343.17,停損,-21.57,-2.012,25,10.72,2.63,-0.001,0.506,紐約,樣本外
2026-08-10 19:20:00,2026-08-10 19:25:00,多,4363.28,4355.16,4355.16,停損,-8.24,-2.03,10,4.06,2.48,-0.007,0.349,紐約,樣本外
2026-08-10 21:45:00,2026-08-10 21:50:00,多,4376.89,4368.71,4394.06,時間,17.05,4.169,60,4.09,2.43,-0.23,0.497,尾盤,樣本外
2026-08-11 03:35:00,2026-08-11 03:40:00,多,4411.51,4404.04,4404.04,停損,-7.59,-2.032,25,3.74,2.06,-0.077,0.377,亞洲,樣本外
2026-08-11 09:40:00,2026-08-11 09:45:00,空,4363.72,4378.55,4358.36,時間,5.24,0.707,60,7.42,-2.05,0.007,0.486,亞洲,樣本外
2026-08-11 14:15:00,2026-08-11 14:20:00,多,4390.01,4381.97,4396.0,時間,5.87,1.459,60,4.02,2.25,-0.099,0.452,倫敦,樣本外
2026-08-11 21:20:00,2026-08-11 21:25:00,空,4364.35,4372.59,4372.59,停損,-8.36,-2.029,25,4.12,-2.15,0.232,0.487,尾盤,樣本外
2026-08-12 06:00:00,2026-08-12 06:05:00,多,4409.73,4401.12,4401.12,停損,-8.73,-2.028,50,4.31,2.12,-0.008,0.448,亞洲,樣本外
2026-08-14 15:15:00,2026-08-14 15:20:00,多,4372.33,4364.31,4381.02,時間,8.57,2.137,60,4.01,2.43,-0.131,0.62,紐約,樣本外
2026-08-19 08:30:00,2026-08-19 08:35:00,空,4338.4,4346.02,4346.02,停損,-7.74,-2.032,45,3.81,-2.03,0.06,0.421,亞洲,樣本外
2026-08-19 17:50:00,2026-08-19 17:55:00,多,4485.7,4467.01,4491.22,時間,5.4,0.578,60,9.35,2.08,-0.121,0.32,紐約,樣本外
2026-08-19 23:45:00,2026-08-19 23:50:00,多,4520.94,4512.39,4519.66,時間,-1.45,-0.339,60,4.28,2.27,-0.034,0.375,尾盤,樣本外
2026-08-20 18:25:00,2026-08-20 18:30:00,多,4532.48,4511.27,4511.27,停損,-21.33,-2.011,15,10.6,2.09,-0.067,0.445,紐約,樣本外
2026-08-24 05:30:00,2026-08-24 05:35:00,多,4652.0,4636.16,4636.16,停損,-15.96,-2.015,15,7.92,2.14,-0.105,0.586,亞洲,樣本外
2026-08-24 23:00:00,2026-08-24 23:05:00,多,4654.35,4645.72,4655.92,時間,1.45,0.336,60,4.31,2.19,-0.055,0.311,尾盤,樣本外
2026-08-25 01:20:00,2026-08-25 01:25:00,多,4658.52,4653.56,4674.72,時間,16.03,6.458,60,2.48,2.5,-0.038,0.267,亞洲,樣本外
2026-08-26 03:55:00,2026-08-26 04:00:00,空,4637.49,4645.97,4645.97,停損,-8.6,-2.028,5,4.24,-2.53,0.036,0.776,亞洲,樣本外
2026-08-27 01:30:00,2026-08-27 01:35:00,多,4609.64,4601.67,4621.06,時間,11.3,2.836,60,3.98,2.3,-0.103,0.364,亞洲,樣本外
2026-08-28 10:15:00,2026-08-28 10:20:00,多,4606.11,4593.86,4609.38,時間,3.15,0.514,60,6.13,2.08,-0.046,0.457,倫敦,樣本外
2026-08-28 19:35:00,2026-08-28 19:40:00,空,4484.99,4514.98,4471.82,時間,13.05,0.87,60,15.0,-2.22,0.356,0.524,紐約,樣本外
2026-09-01 11:45:00,2026-09-01 11:50:00,空,4377.11,4397.81,4369.51,時間,7.48,0.723,60,10.35,-2.2,0.079,0.525,倫敦,樣本外
2026-09-01 16:20:00,2026-09-01 16:25:00,空,4335.98,4353.22,4353.22,停損,-17.36,-2.014,10,8.62,-2.23,0.161,0.612,紐約,樣本外
2026-09-03 06:50:00,2026-09-03 06:55:00,多,4430.51,4422.48,4435.63,時間,5.0,1.246,60,4.01,2.03,-0.007,0.446,亞洲,樣本外
2026-09-03 16:05:00,2026-09-03 16:10:00,多,4488.12,4468.22,4468.22,停損,-20.02,-2.012,35,9.95,2.46,-0.113,0.562,紐約,樣本外
2026-09-04 15:45:00,2026-09-04 15:50:00,空,4397.15,4424.59,4424.59,停損,-27.56,-2.009,60,13.72,-3.44,0.058,0.63,紐約,樣本外
2026-09-07 11:30:00,2026-09-07 11:35:00,多,4421.19,4410.54,4410.54,停損,-10.77,-2.023,25,5.33,2.38,-0.038,0.486,倫敦,樣本外
2026-09-07 13:45:00,2026-09-07 13:50:00,空,4394.76,4401.14,4390.98,時間,3.66,1.148,60,3.19,-2.35,0.022,0.452,倫敦,樣本外
2026-09-07 16:25:00,2026-09-07 16:30:00,多,4403.86,4397.93,4407.08,時間,3.1,1.046,60,2.96,2.01,-0.037,0.372,紐約,樣本外
2026-09-08 09:30:00,2026-09-08 09:35:00,空,4402.3,4413.09,4398.04,時間,4.14,0.767,60,5.39,-2.65,0.039,0.548,亞洲,樣本外
2026-09-09 20:20:00,2026-09-09 20:25:00,多,4418.23,4409.35,4417.63,時間,-0.72,-0.162,60,4.44,2.11,-0.018,0.291,尾盤,樣本外
2026-09-10 12:00:00,2026-09-10 12:05:00,空,4395.64,4403.28,4398.27,時間,-2.75,-0.719,60,3.82,-2.04,0.235,0.324,倫敦,樣本外
2026-09-10 21:20:00,2026-09-10 21:25:00,空,4343.84,4353.77,4329.51,時間,14.21,2.862,60,4.97,-2.05,0.036,0.253,尾盤,樣本外
2026-09-10 23:35:00,2026-09-10 23:40:00,空,4317.06,4324.03,4324.03,停損,-7.14,-2.049,25,3.49,-2.06,0.02,0.274,尾盤,樣本外
2026-09-14 20:05:00,2026-09-14 20:10:00,多,4313.61,4303.27,4310.37,時間,-3.36,-0.65,60,5.17,2.28,-0.202,0.427,尾盤,樣本外
2026-09-16 06:25:00,2026-09-16 06:30:00,多,4331.96,4319.24,4325.72,時間,-6.36,-1.0,60,6.36,2.6,-0.265,0.626,亞洲,樣本外
2026-09-17 03:25:00,2026-09-17 03:30:00,多,4284.62,4275.34,4309.89,時間,25.15,5.418,60,4.64,2.02,-0.022,0.325,亞洲,樣本外
2026-09-17 10:45:00,2026-09-17 10:50:00,多,4332.32,4322.0,4322.0,停損,-10.44,-2.023,25,5.16,2.47,-0.026,0.437,倫敦,樣本外
2026-09-18 13:00:00,2026-09-18 13:05:00,空,4376.92,4384.29,4384.29,停損,-7.49,-2.033,60,3.69,-2.09,0.211,0.327,倫敦,樣本外
2026-09-18 19:45:00,2026-09-18 19:50:00,多,4378.96,4368.36,4395.29,時間,16.21,3.06,60,5.3,2.36,-0.048,0.541,紐約,樣本外
2026-09-22 21:20:00,2026-09-22 21:25:00,多,4355.5,4345.86,4359.12,時間,3.5,0.726,60,4.82,2.11,-0.149,0.516,尾盤,樣本外
2026-09-22 22:45:00,2026-09-22 22:50:00,多,4369.44,4362.1,4362.1,停損,-7.46,-2.033,20,3.67,2.95,-0.074,0.354,尾盤,樣本外
2026-09-25 04:40:00,2026-09-25 04:45:00,多,4292.68,4284.67,4284.67,停損,-8.13,-2.03,55,4.01,2.37,-0.087,0.588,亞洲,樣本外
2026-09-25 08:15:00,2026-09-25 08:20:00,空,4260.63,4267.05,4267.05,停損,-6.54,-2.037,15,3.21,-2.3,0.066,0.431,亞洲,樣本外
2026-09-25 16:40:00,2026-09-25 16:45:00,空,4278.9,4291.26,4273.18,時間,5.6,0.906,60,6.18,-2.11,0.027,0.436,紐約,樣本外
2026-09-28 01:25:00,2026-09-28 01:30:00,空,4268.64,4276.84,4263.37,時間,5.15,1.255,60,4.1,-2.7,0.202,0.677,亞洲,樣本外
2026-09-28 06:10:00,2026-09-28 06:15:00,空,4200.33,4209.53,4199.47,時間,0.74,0.161,60,4.6,-2.09,0.254,0.38,亞洲,樣本外
2026-09-28 23:55:00,2026-09-29 01:00:00,空,4118.6,4124.84,4124.84,停損,-6.41,-2.054,25,3.12,-2.14,0.053,0.563,尾盤,樣本外
2026-10-01 08:45:00,2026-10-01 08:50:00,多,4187.47,4182.06,4182.06,停損,-5.53,-2.044,55,2.71,2.25,-0.286,0.355,亞洲,樣本外
2026-10-02 04:20:00,2026-10-02 04:25:00,空,4147.26,4157.87,4157.87,停損,-10.73,-2.023,55,5.3,-2.13,0.446,0.6,亞洲,樣本外
2026-10-02 15:45:00,2026-10-02 15:50:00,多,4211.61,4194.28,4194.28,停損,-17.45,-2.014,30,8.67,2.22,-0.415,0.287,紐約,樣本外
2026-10-02 18:35:00,2026-10-02 18:40:00,空,4139.13,4155.52,4139.79,時間,-0.78,-0.095,60,8.19,-2.53,0.083,0.51,紐約,樣本外
2026-10-06 15:15:00,2026-10-06 15:20:00,多,4176.52,4168.83,4168.83,停損,-7.81,-2.031,30,3.85,2.09,-0.003,0.529,紐約,樣本外
2026-10-07 05:20:00,2026-10-07 05:25:00,空,4143.48,4149.36,4139.38,時間,3.98,1.353,60,2.94,-2.2,0.077,0.709,亞洲,樣本外
2026-10-07 15:50:00,2026-10-07 15:55:00,空,4081.1,4099.54,4097.08,時間,-16.1,-1.746,60,9.22,-2.07,0.127,0.573,紐約,樣本外
