mean,d0,H,sw_IS,t_IS,fade_IS,follow_IS,sw_OOS,t_OOS,fade_OOS,follow_OOS
ema20,1.5,6,0.13540262461155922,1.9830951671991106,0.03478069467224896,-0.05678651253856662,0.028548153644009908,0.4142959658016894,-0.055545170689580446,0.03536056791613105
ema20,1.5,12,0.16772088399099033,1.8961848486974426,0.09886075726101219,-0.042675112932265884,0.04216864847343113,0.4634150730497078,-0.02088882937486419,0.131735089306448
ema20,1.5,24,0.08160110475620912,0.7307840755866738,0.08662274264217654,0.02015799553468797,0.11177670075287965,0.9416394510198642,0.028978418779184546,0.12798342798613724
ema20,2.0,6,0.1094559569044483,1.1749584762480598,0.08233955165505284,-0.06648615450063458,0.05654581809648849,0.629021984746714,-0.08406018609784603,0.09351448907525443
ema20,2.0,12,0.13879585801092154,1.15205506798924,0.13774734971417338,-0.052639854553061735,0.08805508578241024,0.7879000229893453,-0.06477057144516409,0.15303029861128184
ema20,2.0,24,0.06253085555285647,0.41104690174710373,0.031846723987887265,0.08729780978443163,0.20723225751932234,1.3698904254901116,-0.03322094314958285,0.28142614176210967
ema20,2.5,6,0.21269501445114225,1.6672116014493992,-0.03408717317128779,-0.01474749137510598,-0.14206935220480385,-1.1899211514929335,-0.020260919247002913,-0.020646967578238567
ema20,2.5,12,0.3011637230682836,1.9258644021558267,-0.0693966229167991,0.014659913583741043,-0.09673723696885567,-0.6589262530159484,0.049183204663752,0.058581937588072654
ema20,2.5,24,0.3675381063640191,1.6751330376985345,-0.04331641489720125,0.15745899287747517,0.019465204690479083,0.10143459718060127,-0.0647877588019879,0.17982304470682037
ema50,1.5,6,0.051271203010653146,0.7810248716548616,0.05665035167195036,-0.10178341842701573,-0.037173019418186556,-0.4963110550895199,0.021491965614408887,-0.06659918353462882
ema50,1.5,12,0.08728624375150042,0.9381099600301742,0.02632791833035745,-0.051774523414653516,0.061920990302887356,0.6105317958379398,0.09029142138539917,-0.003381105286155635
ema50,1.5,24,0.009407538366831088,0.0794663123182035,-0.02185294101428849,0.003939593822724429,0.18036136626207794,1.2944590061566734,0.10924195843885003,-0.0004129182656276629
ema50,2.0,6,0.1941652588447464,1.6172867131930018,0.09488449797077379,-0.0958161609791144,0.07189722999837303,0.7909422182927833,0.039016160380479205,-0.09886252348897324
ema50,2.0,12,0.17566482339443454,1.286691765654867,0.11118150313886567,-0.1387060294906422,-0.005662687022860414,-0.04522352708507916,0.03012108623654376,-0.01307028861199855
ema50,2.0,24,0.32669620665573806,1.8749355287527503,0.09835598968804671,-0.029425475567837343,0.21239081011233793,1.2235205928509472,0.02703395597802926,0.07238010152182121
ema50,2.5,6,0.15628323547944498,1.3477383865416601,0.13674630703284485,-0.052040021495032285,0.1323590733049614,1.2013080993210026,-0.07888146007395339,-0.013608730823557196
ema50,2.5,12,-0.01553995242401639,-0.11879652077478506,0.14008924383096633,-0.13317550513535695,0.10068691783646978,0.627818518887147,-0.040119252968066905,0.0372732726351123
ema50,2.5,24,0.10120344548263857,0.5977110894099773,0.11802533290171045,0.023761423296274127,0.17445286795093798,0.8633431431619926,-0.01640607822315118,0.13322373150054215
kama,1.5,6,0.09031370302198126,1.4014065133271691,0.0673532657454459,-0.05777909442143808,0.02316383943960003,0.357747025976122,-0.01373613496986243,-0.01832415459037385
kama,1.5,12,0.09754836109416742,1.2248481606318522,0.13276349716761238,-0.08335887851239811,0.06531336234135152,0.7513159757302271,0.05199933174337381,0.07980027381777229
kama,1.5,24,-0.028961228695884935,-0.2910801214254643,0.07074737747133626,-0.019480790898516266,0.2742531901992917,2.2542748547758924,0.17963463896643272,0.15893398955473612
kama,2.0,6,0.2644415065760136,2.8745585871055543,0.07893485390279559,-0.023223498801417237,0.03868774609951248,0.44822118252112175,-0.050712277413760186,-0.010457162181779275
kama,2.0,12,0.377431932227748,3.3266930481016823,0.10978403422073445,-0.0052300132208104215,0.07013321179746008,0.606658237485948,-0.01863721050641778,0.0861569874668983
kama,2.0,24,0.2555947361713176,1.8168142358402943,-0.011231781531183599,0.08720382238259979,0.32149390392976657,1.966934774617462,0.053931779653263234,0.20525842113680182
kama,2.5,6,0.3060035601450309,2.039450266774323,-0.04706670956716177,-0.010530194370096597,-0.0867672333400846,-0.6421849504759234,0.010166467123038802,-0.04066153546803392
kama,2.5,12,0.3798787129213802,2.062495886244908,-0.08401892718155556,0.03008279712576084,-0.020439730931879348,-0.12094305053606184,0.05721387904796933,0.027037795532001578
kama,2.5,24,0.36201490814093884,1.4834785641635824,-0.20558296612606392,0.10104435029590297,0.04043438422724538,0.17665473699177495,-0.010260996184268458,0.10963216438233109
rvwap20,1.5,6,0.1218048740709135,1.889838978325319,0.09110657410191847,-0.12318132073253978,0.0429376313451569,0.6630811930516618,-0.010020763099033703,0.0021713172835950314
rvwap20,1.5,12,0.1843390197482097,2.1844012497954686,0.13023103224533872,-0.059359488684761215,0.04753271325576265,0.5528355553911792,0.01743240555497004,0.10109546812645506
rvwap20,1.5,24,0.11341695538711055,1.0550190424842494,0.11838882042792792,0.00048407488348749516,0.07838773255179222,0.6593119645457702,0.07768012330681179,0.08217588225392487
rvwap20,2.0,6,0.11038116969779409,1.387971963263317,0.025217445542903148,-0.05824719451902512,0.08225906141192879,1.0160704107008742,-0.02404116390939155,0.004968626272622561
rvwap20,2.0,12,0.21078610725460192,2.0777131241985276,0.056965176103132086,-0.03277467931685718,0.049569961544885494,0.4951977944105637,0.009351232561107974,0.04377392603596147
rvwap20,2.0,24,0.1523731480104944,1.1781045247676016,0.032861304226438307,0.07031920845772022,0.10956619449130614,0.8360704132188966,0.03016726761402879,0.10505966107983424
rvwap20,2.5,6,0.210128561533037,1.9132213035745598,-0.016252179618027694,-0.015381653077464913,-0.006565820285892533,-0.07209954763931037,-0.07397055545612358,-0.0003798105160473984
rvwap20,2.5,12,0.27963758906353986,2.0225098902847276,-0.02334221151394678,-0.052994492003319564,0.0281358159882513,0.23942728318802753,-0.02150244953222288,0.06542161721278515
rvwap20,2.5,24,0.34874633773317404,1.924221731955708,0.08672510598680848,-0.02491470433490315,0.17473371023330958,1.1041745672627328,-0.06583111312152028,0.1779573556074743
