tf,group,k,n,mean,t
1min,S9 all,1,6991,0.026746758896246992,2.716021724533651
1min,S9 all,3,6991,0.055289240373743845,2.889029884281145
1min,S9 all,5,6991,0.06941609157573538,2.9198056888850763
1min,S9 all,10,6991,0.04653317067788923,1.4611658316673675
1min,S9 all,20,6990,-0.015309915446867623,-0.33747253195979154
1min,S9 all,40,6990,0.023303988890507898,0.3594578687104664
1min,S9 perfected,1,5502,0.030497563708498602,2.674123398106796
1min,S9 perfected,3,5502,0.06545354096605445,2.91055921214214
1min,S9 perfected,5,5502,0.07940890254057018,2.8760646734960926
1min,S9 perfected,10,5502,0.0457219920029328,1.2565542034150008
1min,S9 perfected,20,5501,-0.01698025270073881,-0.3319113924293567
1min,S9 perfected,40,5501,0.0611150894536534,0.8440768826153061
1min,S9 not perf,1,1489,0.012887169858632235,0.6773500676866931
1min,S9 not perf,3,1489,0.017731159877509516,0.5187652279192799
1min,S9 not perf,5,1489,0.03249168195281989,0.7174043637858405
1min,S9 not perf,10,1489,0.04953055487507541,0.7568751391854185
1min,S9 not perf,20,1489,-0.009138978419637627,-0.09307980896167424
1min,S9 not perf,40,1489,-0.11638631614499474,-0.8018123453588589
1min,S9 buy,1,3546,0.04377867886477169,3.2177498851317496
1min,S9 buy,3,3546,0.10646666999462025,3.869565706888799
1min,S9 buy,5,3546,0.10989960821491823,3.27273943584796
1min,S9 buy,10,3546,0.09963021023705271,2.225855272978605
1min,S9 buy,20,3545,0.05962941823918451,0.960797364433196
1min,S9 buy,40,3545,0.05785947594986376,0.6475022648515263
1min,S9 sell,1,3445,0.0092154996195014,0.6465899121167141
1min,S9 sell,3,3445,0.0026113984475819533,0.09836211701048075
1min,S9 sell,5,3445,0.027745685188930624,0.8245692472240093
1min,S9 sell,10,3445,-0.00812056002655016,-0.17922956903223722
1min,S9 sell,20,3445,-0.09242455635167304,-1.394565435371234
1min,S9 sell,40,3445,-0.012254560202501277,-0.13026170627503927
1min,C13 all,1,2394,0.013897904787956264,0.7832418630926219
1min,C13 all,3,2394,0.002355050827296829,0.06643447595280585
1min,C13 all,5,2394,0.03282401207245203,0.7366028242857978
1min,C13 all,10,2394,-0.023464071459365937,-0.38723921882837214
1min,C13 all,20,2394,0.051845523675144264,0.6100432009186886
1min,C13 all,40,2394,0.0019499092741405253,0.016244190651169416
1min,C13 buy,1,1214,0.025517921850398858,1.0296936515434478
1min,C13 buy,3,1214,0.05006072114150428,1.2751653928070155
1min,C13 buy,5,1214,0.09793786274338481,1.9230077471197173
1min,C13 buy,10,1214,0.03660013764124677,0.4924730759313226
1min,C13 buy,20,1214,0.096005506235367,0.9026375635731381
1min,C13 buy,40,1214,0.05885840265222118,0.3838235777956949
1min,C13 sell,1,1180,0.0019430736745619315,0.07643679328431165
1min,C13 sell,3,1180,-0.04672518964850645,-0.7854002045806491
1min,C13 sell,5,1180,-0.03416600039747374,-0.46391639538789037
1min,C13 sell,10,1180,-0.08525894421203015,-0.8857081772470446
1min,C13 sell,20,1180,0.00641313483776257,0.048116583217317835
1min,C13 sell,40,1180,-0.05659832035381687,-0.3049912223613512
5min,S9 all,1,1396,-0.02839017012971954,-1.4565870738477893
5min,S9 all,3,1396,-0.034169460545070196,-0.9729039274470699
5min,S9 all,5,1396,-0.054629993067140926,-1.1624867314652576
5min,S9 all,10,1396,-0.1472854650964659,-2.2413173474181467
5min,S9 all,20,1396,-0.2008395454513996,-1.9896029445222094
5min,S9 all,40,1396,-0.1482265445428984,-1.0181391662407528
5min,S9 perfected,1,1113,-0.03018447747689673,-1.3555154502589317
5min,S9 perfected,3,1113,-0.03299191002306856,-0.8489322990257017
5min,S9 perfected,5,1113,-0.061177576411925984,-1.2188693599151499
5min,S9 perfected,10,1113,-0.14278371785751784,-2.0252206285622827
5min,S9 perfected,20,1113,-0.16290357859154472,-1.497898635600795
5min,S9 perfected,40,1113,-0.11743746102438271,-0.7162961939407012
5min,S9 not perf,1,283,-0.0213334066053089,-0.5367000720538704
5min,S9 not perf,3,283,-0.03880060447082229,-0.47484108643545114
5min,S9 not perf,5,283,-0.02887925008924077,-0.23724085459563446
5min,S9 not perf,10,283,-0.16499021660512006,-0.980986557013687
5min,S9 not perf,20,283,-0.35003647518644726,-1.3716299077472072
5min,S9 not perf,40,283,-0.26931576700264387,-0.8504761123100825
5min,S9 buy,1,698,-0.0347118971979179,-1.2131674294119577
5min,S9 buy,3,698,-0.07302472675727482,-1.519866205925371
5min,S9 buy,5,698,-0.142458295910224,-2.294665683817865
5min,S9 buy,10,698,-0.20861191961851236,-2.480406065307754
5min,S9 buy,20,698,-0.20124788445094216,-1.4739173417130969
5min,S9 buy,40,698,-0.15365002866069685,-0.8009917576996614
5min,S9 sell,1,698,-0.02206844306152119,-0.8329958098440459
5min,S9 sell,3,698,0.004685805667134395,0.09146315288228636
5min,S9 sell,5,698,0.03319830977594216,0.471205985283493
5min,S9 sell,10,698,-0.08595901057441942,-0.8510652380392625
5min,S9 sell,20,698,-0.20043120645185714,-1.346863161797047
5min,S9 sell,40,698,-0.14280306042509994,-0.6514995928566479
5min,C13 all,1,460,0.0225123644629885,0.608716520690037
5min,C13 all,3,460,0.027802030724943177,0.41806067149972315
5min,C13 all,5,460,-0.03748298264835278,-0.4288594600667068
5min,C13 all,10,460,-0.06960592154641218,-0.561678841025379
5min,C13 all,20,459,-0.24054596095740047,-1.2460400370602667
5min,C13 all,40,459,-0.2298932248357748,-0.7790746717735945
5min,C13 buy,1,228,0.05864011609710115,1.3000182369698197
5min,C13 buy,3,228,0.0662983346428926,0.8055870029867591
5min,C13 buy,5,228,0.050437828214135054,0.45706661986347746
5min,C13 buy,10,228,0.13498888193616765,0.8194877945935766
5min,C13 buy,20,227,-0.37160240527120986,-1.3629706895666822
5min,C13 buy,40,227,-0.3917137605886324,-0.999081530870729
5min,C13 sell,1,232,-0.01299249490157047,-0.22240372749853568
5min,C13 sell,3,232,-0.010030543815110586,-0.09620577389197293
5min,C13 sell,5,232,-0.12388791746148739,-0.9165422541921541
5min,C13 sell,10,232,-0.27067322841722347,-1.4690765106909944
5min,C13 sell,20,232,-0.11231400897794049,-0.4104234884999716
5min,C13 sell,40,232,-0.07156020062931469,-0.1623889630953493
15min,S9 all,1,475,-0.039452024515041935,-1.036819598213768
15min,S9 all,3,475,0.029233355833569136,0.5058665150693805
15min,S9 all,5,475,0.010308655269553017,0.13156703606890316
15min,S9 all,10,475,0.036794862114136635,0.3279918547409316
15min,S9 all,20,474,0.05663974899664743,0.33761762842301213
15min,S9 all,40,473,-0.00015786176281557443,-0.000630913414025594
15min,S9 perfected,1,373,-0.05175641970045966,-1.1622543129187233
15min,S9 perfected,3,373,0.037341663274480796,0.5587480348108163
15min,S9 perfected,5,373,0.005196419432119934,0.05733394330856851
15min,S9 perfected,10,373,0.025295926756314174,0.19563382545135288
15min,S9 perfected,20,372,-0.015246344287087498,-0.07897395127200398
15min,S9 perfected,40,371,-0.2218254744638906,-0.7815662917890119
15min,S9 not perf,1,102,0.005543459839475838,0.07912036256892485
15min,S9 not perf,3,102,-0.00041761157290193577,-0.003688695374589084
15min,S9 not perf,5,102,0.029003400047617207,0.1890912707809553
15min,S9 not perf,10,102,0.07884489043244819,0.3531976512611648
15min,S9 not perf,20,102,0.31881255979615136,0.9511844592674482
15min,S9 not perf,40,102,0.8061037491401138,1.5366976687522476
15min,S9 buy,1,236,-0.0793961118365306,-1.5101467745557706
15min,S9 buy,3,236,0.06172040892660586,0.802293891769159
15min,S9 buy,5,236,0.10796575663301915,1.012704182481402
15min,S9 buy,10,236,0.12075012204368261,0.7897271123455362
15min,S9 buy,20,235,0.05992906247790205,0.2466682655673338
15min,S9 buy,40,235,-0.10110201323117399,-0.27659832320606087
15min,S9 sell,1,239,-9.327410977797518e-06,-0.00016965129814726699
15min,S9 sell,3,239,-0.002845909982149109,-0.03299498511782839
15min,S9 sell,5,239,-0.08612262473788634,-0.7513233277776806
15min,S9 sell,10,239,-0.0461065661008125,-0.28079905922158777
15min,S9 sell,20,239,0.053405486787045646,0.23010072891598782
15min,S9 sell,40,238,0.09951388443493321,0.2903611659185599
15min,C13 all,1,159,-0.08019215044727988,-1.2236896844627572
15min,C13 all,3,159,0.02251240000884687,0.2269184293386707
15min,C13 all,5,159,-0.07725065937066311,-0.5635846951275724
15min,C13 all,10,159,-0.4765239523258382,-2.1010750288615396
15min,C13 all,20,159,-0.5483285245286905,-2.011868090377355
15min,C13 all,40,159,-0.6648142081485775,-1.5573002453064562
15min,C13 buy,1,84,-0.04215795996105693,-0.42366038424761066
15min,C13 buy,3,84,0.09864381079000009,0.7178028434095993
15min,C13 buy,5,84,-0.03777706149883623,-0.22486143788125382
15min,C13 buy,10,84,-0.4698181496602586,-1.5684322289990678
15min,C13 buy,20,84,-0.6781200818270545,-1.7884745494601961
15min,C13 buy,40,84,-0.8435276756930766,-1.6556798129307702
15min,C13 sell,1,75,-0.1227904437918496,-1.472483986711811
15min,C13 sell,3,75,-0.06275478006604478,-0.43679338747402136
15min,C13 sell,5,75,-0.12146108898710925,-0.5457141760349661
15min,C13 sell,10,75,-0.48403445131128714,-1.39661572888436
15min,C13 sell,20,75,-0.4029619803545228,-1.0232023830287273
15min,C13 sell,40,75,-0.4646551244987389,-0.6585484938543478
30min,S9 all,1,222,-0.08848026232037856,-2.045493975423619
30min,S9 all,3,222,-0.13380530800631432,-1.5190092132222834
30min,S9 all,5,222,-0.13477626007652607,-1.1519577658882791
30min,S9 all,10,222,-0.05868340266662623,-0.374563395611423
30min,S9 all,20,222,-0.24119709453627508,-1.0759013808747124
30min,S9 all,40,222,-0.3580578920913912,-0.983001643836078
30min,S9 perfected,1,160,-0.1389034833570755,-2.5005625323972653
30min,S9 perfected,3,160,-0.2377865892090397,-2.09026083063684
30min,S9 perfected,5,160,-0.2389947028508951,-1.568255046962828
30min,S9 perfected,10,160,-0.21535373625019322,-1.1247312109441125
30min,S9 perfected,20,160,-0.40967445679581893,-1.5742881296542646
30min,S9 perfected,40,160,-0.8602179173580746,-2.041523264850043
30min,S9 not perf,1,62,0.04164417906464581,0.7441754595905989
30min,S9 not perf,3,62,0.13453348219426722,1.229636912123114
30min,S9 not perf,5,62,0.13417455998636174,0.9557814021542608
30min,S9 not perf,10,62,0.3456271356135467,1.3244594389774995
30min,S9 not perf,20,62,0.19358319516577344,0.44162342096907214
30min,S9 not perf,40,62,0.9378389473065007,1.3415645645255678
30min,S9 buy,1,115,-0.08910730084431949,-1.4527341603827766
30min,S9 buy,3,115,-0.29099584229328807,-2.350366145106382
30min,S9 buy,5,115,-0.2827347699787457,-2.088736865534629
30min,S9 buy,10,115,-0.3198924355691114,-1.468739962418362
30min,S9 buy,20,115,-0.4018485050674094,-1.368652273002541
30min,S9 buy,40,115,-0.4394430400058915,-0.8268575442005786
30min,S9 sell,1,107,-0.08780634241146999,-1.4348276590272941
30min,S9 sell,3,107,0.03513778959183498,0.28382398732337005
30min,S9 sell,5,107,0.024244568323055684,0.12507759489282602
30min,S9 sell,10,107,0.22205527755567092,0.9939437085306717
30min,S9 sell,20,107,-0.06853436359159808,-0.20018194385685265
30min,S9 sell,40,107,-0.2705878733047788,-0.5441181849092129
30min,C13 all,1,77,-0.11479518508000285,-1.2981411383418204
30min,C13 all,3,77,-0.14035654331991235,-0.9942342399428155
30min,C13 all,5,77,-0.26065304708490167,-1.7478476481717211
30min,C13 all,10,77,0.014843270299738013,0.06341644757527486
30min,C13 all,20,77,0.18907673803839178,0.5420496701938862
30min,C13 all,40,76,-0.09283172374721797,-0.17903294723820945
30min,C13 buy,1,41,-0.011769280870294664,-0.08158648400919098
30min,C13 buy,3,41,-0.16567009497056495,-0.732415212279233
30min,C13 buy,5,41,-0.1664616906186032,-0.9729778324329185
30min,C13 buy,10,41,-0.11816740745869839,-0.4139074323648313
30min,C13 buy,20,41,0.14823309586427683,0.3463784602826
30min,C13 buy,40,40,-0.4690057779036401,-0.6563800483637764
30min,C13 sell,1,36,-0.23213024265217058,-2.518539621218708
30min,C13 sell,3,36,-0.11152722060666906,-0.6927390873476502
30min,C13 sell,5,36,-0.3679265363937415,-1.4478832231133425
30min,C13 sell,10,36,0.1663276533024017,0.43363359857166817
30min,C13 sell,20,36,0.235593108292245,0.41223360661010816
30min,C13 sell,40,36,0.32513944753769564,0.42890449547107756
1h,S9 all,1,105,0.01001437994539541,0.16433150360085555
1h,S9 all,3,105,-0.17409824845249205,-1.290895669615446
1h,S9 all,5,105,-0.20728522642387182,-1.3147006263135248
1h,S9 all,10,105,-0.6130919784490036,-2.2947424368323164
1h,S9 all,20,105,-0.6016712261140971,-1.7514751843294554
1h,S9 all,40,104,-0.3702913757874846,-0.806137898367764
1h,S9 perfected,1,73,-0.0032739806572000987,-0.04988241365319286
1h,S9 perfected,3,73,-0.0751289775547004,-0.5684090888450422
1h,S9 perfected,5,73,-0.21200371161912712,-1.3166408316382623
1h,S9 perfected,10,73,-0.5441130863320074,-1.9953567186634773
1h,S9 perfected,20,73,-0.64317978024106,-1.6069870267449813
1h,S9 perfected,40,72,-0.5921622004550803,-1.0621230926190832
1h,S9 not perf,1,32,0.040328452570066384,0.3004779292402102
1h,S9 not perf,3,32,-0.3998718976880792,-1.232291734316498
1h,S9 not perf,5,32,-0.1965211820721957,-0.532360050413046
1h,S9 not perf,10,32,-0.7704500760909019,-1.2327075426364773
1h,S9 not perf,20,32,-0.5069798370119631,-0.7558758498668868
1h,S9 not perf,40,32,0.12891797971460528,0.15809350229051738
1h,S9 buy,1,55,0.012372766050095272,0.14654326885820365
1h,S9 buy,3,55,0.003297789546246722,0.02053612844541027
1h,S9 buy,5,55,0.0025518843289716714,0.01259548136001254
1h,S9 buy,10,55,-0.8802883392298029,-2.479612891232846
1h,S9 buy,20,55,-0.5154248307376499,-1.125197759909997
1h,S9 buy,40,54,-0.5360166706439542,-0.8854255642097075
1h,S9 sell,1,50,0.007420155230225525,0.08342702903369052
1h,S9 sell,3,50,-0.3692338902511046,-1.679615897964569
1h,S9 sell,5,50,-0.4381060482519995,-1.80420635750465
1h,S9 sell,10,50,-0.31917598159012484,-0.7929794182160623
1h,S9 sell,20,50,-0.696542261028189,-1.3373837016665937
1h,S9 sell,40,50,-0.19130805734249784,-0.2724245571948698
1h,C13 all,1,39,-0.03352480759002891,-0.3153432607396149
1h,C13 all,3,39,0.12204621977999701,0.558020757312374
1h,C13 all,5,39,0.09966567137310121,0.42743047077609336
1h,C13 all,10,39,0.1868377052426252,0.48196825712976593
1h,C13 all,20,39,-0.1732635964568359,-0.3565153964462555
1h,C13 all,40,39,0.8136483747434183,1.129782423836648
1h,C13 buy,1,20,0.032300147984287,0.21140442047658317
1h,C13 buy,3,20,0.2686947896972229,0.8609418852177454
1h,C13 buy,5,20,0.36935445911507514,1.2194722659727932
1h,C13 buy,10,20,0.5341649097265239,1.1536312713028873
1h,C13 buy,20,20,-0.4509291379890583,-0.6723860108380518
1h,C13 buy,40,20,0.5413849290970243,0.5108177550806086
1h,C13 sell,1,19,-0.10281423451036135,-0.685150321162433
1h,C13 sell,3,19,-0.032320695922346133,-0.10405512395057111
1h,C13 sell,5,19,-0.1842172630921345,-0.5211625047524797
1h,C13 sell,10,19,-0.17876987842463668,-0.28319103409785207
1h,C13 sell,20,19,0.11901592094550344,0.16592589432480173
1h,C13 sell,40,19,1.1002414754238337,1.1054673824858643
4h,S9 all,1,36,-0.1487035862090461,-1.0836899682547854
4h,S9 all,3,36,-0.2563623621966661,-1.0318067385006016
4h,S9 all,5,36,-0.021206560860434223,-0.06909569965218992
4h,S9 all,10,36,0.32923498141892427,0.8817594220402575
4h,S9 all,20,36,-0.19847358504529755,-0.29982046607935803
4h,S9 all,40,36,0.24174021192515122,0.23547887295353603
4h,S9 perfected,1,30,-0.23560210296846024,-1.48229281206483
4h,S9 perfected,3,30,-0.4036030994938001,-1.4103834084618767
4h,S9 perfected,5,30,-0.1537712368737202,-0.43308545278461086
4h,S9 perfected,10,30,0.1327513120915534,0.3115294429323437
4h,S9 perfected,20,30,-0.5298570549863874,-0.6975433781421486
4h,S9 perfected,40,30,-0.3892669187061498,-0.3568063224203738
4h,S9 not perf,1,6,0.2857889975880245,2.517809583671013
4h,S9 not perf,3,6,0.47984132428900333,1.6189868325779238
4h,S9 not perf,5,6,0.6416168192059954,1.4533871712244137
4h,S9 not perf,10,6,1.311653328055779,2.19259609898296
4h,S9 not perf,20,6,1.458443764660152,1.4490650154126556
4h,S9 not perf,40,6,3.3967758650816564,1.2522700988353075
4h,S9 buy,1,15,-0.09159638837114592,-0.34136153663610547
4h,S9 buy,3,15,-0.3113420734888689,-0.6876332325647846
4h,S9 buy,5,15,-0.15487120521776673,-0.280496086453539
4h,S9 buy,10,15,0.10397805496735686,0.15846714234699302
4h,S9 buy,20,15,-0.15268193932838436,-0.15092867951224354
4h,S9 buy,40,15,0.8236468054441833,0.8436977910920818
4h,S9 sell,1,21,-0.18949444180754627,-1.3303683515596396
4h,S9 sell,3,21,-0.21709113984509268,-0.7557701082244848
4h,S9 sell,5,21,0.07426818510908906,0.2067216416485047
4h,S9 sell,10,21,0.4901327860271867,1.096313362695792
4h,S9 sell,20,21,-0.23118190341452133,-0.25801495944208547
4h,S9 sell,40,21,-0.17390735487415734,-0.10654112870261588
4h,C13 all,1,10,0.134027228796092,0.5142099215901371
4h,C13 all,3,10,0.18281163572672762,1.0527442039443753
4h,C13 all,5,10,0.05911428112520421,0.1534154256091776
4h,C13 all,10,10,-0.5865452778312821,-0.6395605202849408
4h,C13 all,20,9,-0.27035443077734267,-0.21408643203494968
4h,C13 all,40,9,-0.6519145881989439,-0.4410227395256367
4h,C13 buy,1,4,,
4h,C13 buy,3,4,,
4h,C13 buy,5,4,,
4h,C13 buy,10,4,,
4h,C13 buy,20,3,,
4h,C13 buy,40,3,,
4h,C13 sell,1,6,0.3219989908572221,0.7903009318051945
4h,C13 sell,3,6,0.045123061368040875,0.17703270917151503
4h,C13 sell,5,6,-0.0951894145417796,-0.1546845364063147
4h,C13 sell,10,6,-0.26196071305815977,-0.22924477645371769
4h,C13 sell,20,6,-0.5992083454389012,-0.35250001212295473
4h,C13 sell,40,6,-0.7032909066316181,-0.3364794729405396
