tf,mean,b5_IS,b5_OOS,b15_IS,b15_OOS,b60_IS,b60_OOS,ic_IS,ic_OOS,n_IS,n_OOS,fade_IS,fade_OOS,t_IS,t_OOS,race_IS,race_OOS,thr,b3_IS,b3_OOS,b12_IS,b12_OOS,b48_IS,b48_OOS,b2_IS,b2_OOS,b6_IS,b6_OOS,b16_IS,b16_OOS
M1,ema20,0.017658719088704727,0.008671286648741226,0.007694075564933142,0.021729699784623323,0.033369141700381987,-0.1093013865953864,0.02620008784008303,0.018672581509416482,3214,3132,-0.011477364399685107,-0.0797961672897469,-0.20652755862063535,-1.515173759615378,0.2858056265984655,0.2903332233586275,2.285337540225406,,,,,,,,,,,,
M1,ema50,0.007353974525483859,0.001236919630674049,0.0007543107974234046,0.002148122018586424,0.006351063373407687,-0.09430887322218913,0.022905966856366027,0.014613939065915557,1705,1640,0.05529594149217997,-0.09181961010422306,0.7252366710508104,-1.3136210319744213,0.1874189364461738,0.1558960692871419,3.6195809289616894,,,,,,,,,,,,
M1,ema100,0.004720522760374682,-0.0006971175221113017,-0.002703872867060213,-7.813652379045372e-05,-0.0014507649657776254,-0.06266560551756996,0.02157580665470755,0.012282301600548776,898,904,0.2533419264034353,-0.01813376852249252,2.329084807924497,-0.18244038465987109,0.11700680272108843,0.08885941644562334,5.1465563241179355,,,,,,,,,,,,
M1,sma20,0.015774830398796038,0.006896578419996326,0.01043282322841509,0.013263906834005454,0.01372012186981246,-0.11153962011345511,0.029148160315478667,0.015032466029667511,2947,2886,0.001673186848875512,-0.10209190732905594,0.02967984118666672,-1.8734832401036363,0.2537526804860615,0.24242424242424243,2.677298732381085,,,,,,,,,,,,
M1,sma50,0.0058441599685743195,0.0021886859202048703,0.001161205721714773,0.00877018387538755,0.01999770963487932,-0.062393467184941126,0.019110636269744876,0.017964908213445544,1497,1463,0.07768858431563704,-0.12067091282687721,0.955999045919447,-1.6306689212759928,0.150231124807396,0.12779060816012316,4.187546147047969,,,,,,,,,,,,
M1,kama,0.022585951457374,0.008892798015564665,0.0005443368607649381,0.03841726814715,0.09369760439305805,-0.10887106843033698,0.02359303982565146,0.019740592052026485,4591,4523,-0.02663947539141919,-0.08548131742144664,-0.5972410852840343,-1.9809520122768678,0.3130550621669627,0.31856206194890346,1.945107083443336,,,,,,,,,,,,
M1,linreg20,0.030749651951236603,0.020054568501224206,0.016446377960432145,0.05051633710816412,0.030207538699520222,0.0035856752577715935,0.015172819388699521,0.01569914878863539,5713,5398,0.009251945624566623,-0.04860273467431446,0.24169521008624098,-1.2969981345099812,0.35394456289978676,0.3542213883677298,1.6174018889816515,,,,,,,,,,,,
M1,vwap_sess,-0.008354076970943662,-0.012885371037429564,-0.025344037697436022,-0.02777703679819393,-0.03035923883353731,-0.046220904179824975,0.00848182029126689,0.006357483349896036,132,153,0.010554713915775392,0.24504251160925894,0.04198676216930754,1.0136035675675343,0.0,0.0,17.7016853333193,,,,,,,,,,,,
M1,rvwap20,0.016021660825449664,0.006743310701221077,0.0102676451019873,0.013269237533312358,0.01897693856303259,-0.09891399043235673,0.028689453369893123,0.014793006767146606,3024,2951,-0.009866653701096994,-0.10670480453103309,-0.17755330470125377,-2.001028402876123,0.2501744591765527,0.2426733380986419,2.6883982752041744,,,,,,,,,,,,
M1,rvwap50,0.004962496270648018,0.002409047418066268,0.0008894877091895272,0.010812144327842327,0.022215799581646458,-0.05027682303296219,0.01942333322657506,0.01780971735361738,1522,1506,0.08282157726753324,-0.10321241324261132,1.0141837832708283,-1.3825526915067803,0.15261958997722094,0.1370067014147431,4.168736530416351,,,,,,,,,,,,
M1,mix_ema50_vwap,-0.0005198986535436594,-0.004707622200793498,-0.006959170708535479,-0.014856291283778288,-0.03234043305333825,-0.07603125668855647,0.012557054486188685,0.009698046844305912,217,223,-0.017692564364350655,0.24148945657411242,-0.08980867919139185,1.2755199195961096,0.005917159763313609,0.024691358024691357,9.578839307176432,,,,,,,,,,,,
M5,ema20,,,,,,,0.02020502859822506,0.005462250439676059,600,628,0.04158345470013993,-0.09582757243378308,0.3454725668375169,-0.7394064555207197,0.296551724137931,0.263681592039801,2.154951455286022,-0.0030032259531620575,-0.001973272228651422,-0.04578856573204903,-0.014535615800738111,0.3480020655528487,-0.17317982465109238,,,,,,
M5,ema50,,,,,,,0.023182709580554038,0.007576673367718587,275,303,-0.09872863038665868,-0.08981782895795169,-0.5360260381711883,-0.5249057677258431,0.13983050847457626,0.15444015444015444,3.587993028315254,-0.005484338033252743,-0.0032855945633575236,-0.026633513940897486,-0.012159627549570161,0.18514100373482767,-0.03416934049998539,,,,,,
M5,ema100,,,,,,,0.01940811283003786,0.010499103922814397,144,151,-0.11103744762816685,0.29371411238032724,-0.42340660192874247,1.346871247694347,0.061946902654867256,0.08771929824561403,5.489449067355135,-0.003342961126961242,-0.0006186769365348196,-0.013264733893592428,0.0005628604434782383,0.12985856826704395,-0.009923753496036181,,,,,,
M5,sma20,,,,,,,0.020839380495766873,-0.006343875997996258,571,604,-0.03014468960363753,-0.06949912644124702,-0.24511892113347009,-0.5231774043419744,0.25512104283054005,0.22872340425531915,2.4858756524622168,-0.0007441792146237201,-0.0023567230644953403,-0.03248984936098358,-0.02215625433919447,0.31304194231577476,-0.1865828419576922,,,,,,
M5,sma50,,,,,,,0.01896424564452354,0.005300202828709763,250,276,-0.028465984904475477,-0.035852228683188235,-0.15516023161370768,-0.2151323570314143,0.12871287128712872,0.1232876712328767,4.083259231263886,-0.0049663070064671945,-0.0026551331521568137,-0.02525207555285646,-0.013112268616165301,0.12938970361198474,-0.027675016042756826,,,,,,
M5,kama,,,,,,,0.017377777868275553,0.022081683978196962,908,885,0.044373595519994695,-0.013641200589546352,0.46946267827541194,-0.1318532301402506,0.3352017937219731,0.3084982537834691,1.8202364543739518,0.006059226224959508,0.000389390847924373,-0.03466947627555776,0.027607221361169592,0.37930736374225477,-0.1404571176379877,,,,,,
M5,linreg20,,,,,,,0.009124734429939206,0.027353964387984136,1131,1116,0.057559732768482336,0.14996026629016534,0.6695072159955463,1.5842832398694118,0.36804308797127466,0.35460346399270737,1.5022594421437923,0.010886551758838004,0.022206388353235365,-0.032947263375752295,0.09893568541293304,0.20376954029473263,-0.014741510466618445,,,,,,
M5,vwap_sess,,,,,,,0.009775686058660726,0.0066676672990266415,97,110,-0.5605143650642083,0.38145649302665435,-1.743802023549704,1.1249983867316198,0.014285714285714285,0.04819277108433735,7.1902901464173965,-0.0027495080224821805,-0.0026019807174150933,-0.017153304883477993,-0.012024218686511394,0.009105886393567082,0.04856253116869568,,,,,,
M5,rvwap20,,,,,,,0.02041833635361688,-0.004312851728437197,586,622,0.0042774354293024335,-0.05262032715578535,0.0364233789519298,-0.4090032596914396,0.2585895117540687,0.2345890410958904,2.4975079236138154,0.00040972733104771005,-0.0009050187360562166,-0.028461385023384023,-0.01727865766482362,0.32067675060743867,-0.1918436283924644,,,,,,
M5,rvwap50,,,,,,,0.02281990412534042,0.005158761557261843,257,282,-0.06261974553090283,0.02210828916257396,-0.35478992306110213,0.1337972771608666,0.12857142857142856,0.13852813852813853,4.070763984445062,-0.004438940622772226,-0.0013338268464818742,-0.021258040827340466,-0.011262017293272702,0.10874523610134791,-0.017599984960661518,,,,,,
M5,mix_ema50_vwap,,,,,,,0.015765830035907827,0.008142928243393995,165,169,-0.03865960442705726,0.26885331349570163,-0.17514348702934884,1.2166919190760452,0.10144927536231885,0.08148148148148149,4.975921158505251,-0.0029461783367075146,-0.002404250586303204,-0.015698457366042473,-0.0033881748779337408,0.0987300845913006,-0.03992266899347232,,,,,,
M15,ema20,,,,,,,0.019268682278289682,-0.003292632814470044,185,195,-0.32057706162917876,-0.29276703664504106,-1.5626717379371693,-1.189397423748546,0.23595505617977527,0.25405405405405407,2.230115588032663,,,,,,,-0.015508115593738795,-0.007750722213783851,-0.0396853237308493,-0.04657339172732937,0.12160490316946164,-0.08412367959722267
M15,ema50,,,,,,,0.011654725567718124,-0.0005465609859140784,83,88,-0.5765219295012795,-0.3015358150475706,-1.7068038928888851,-0.8270858305601926,0.0945945945945946,0.14285714285714285,3.804865878742951,,,,,,,-0.010161990336448727,-0.007320463977880255,-0.028191316111445902,-0.03439442988234646,0.03566985750943165,-0.0925141662338496
M15,ema100,,,,,,,-0.001139068374348105,0.0010591121086153024,46,37,0.24256452045473537,-0.4794199723399801,0.675898097165158,-0.9375395959896126,0.08333333333333333,0.03125,5.756302472786864,,,,,,,-0.006088678057341856,-0.002659654847052132,-0.028115280220434285,-0.01606514730404832,-0.017405786512668008,-0.0494845674364526
M15,sma20,,,,,,,0.010038430701816883,-0.0006396528299301516,169,190,-0.20160201812517048,-0.16879774435923728,-0.9076234616512782,-0.7174408327427634,0.1794871794871795,0.24157303370786518,2.562744746801413,,,,,,,-0.014178722449775515,-0.008227655706889332,-0.0366624525241953,-0.03499932058812714,0.10472771135127282,-0.02576820833892518
M15,sma50,,,,,,,0.021521738407314802,0.0006162358504180268,77,74,0.10082468803648793,-0.5460895001548421,0.3448950930105345,-1.4316358429220692,0.08823529411764706,0.09523809523809523,4.392604875382476,,,,,,,-0.005937928100145947,-0.003882868114995109,-0.01881185850170871,-0.021539242448655863,0.05717455710089153,-0.07879505609678979
M15,kama,,,,,,,0.016774832383674363,0.001032866347660369,304,319,-0.08172614383795002,-0.1755097710309355,-0.4835594375365241,-0.9890962601144442,0.31893687707641194,0.3202614379084967,1.7632187833834843,,,,,,,-0.015489805926980588,-0.004880252344514064,-0.056591812059047765,-0.029204877583184463,0.15698183598176058,-0.11793683877827524
M15,linreg20,,,,,,,0.009334697466532661,-0.02617348515916358,353,386,-0.2709241857058733,-0.11096677462814597,-1.7560662795798734,-0.7826057663266741,0.30612244897959184,0.3279569892473118,1.4867414651097255,,,,,,,-0.01895419524864547,0.0010405535660352814,-0.0816556898348827,-0.05413012486587255,0.11461317261951917,-0.14000332222914347
M15,vwap_sess,,,,,,,0.0005139639672549072,-0.008659192332513095,87,101,-0.40802897831637996,0.02487557370377827,-1.648088135492748,0.07293119960406158,0.09090909090909091,0.16853932584269662,3.770256203041831,,,,,,,-0.006584660436671551,-0.0066090720750830315,-0.02568505847428968,-0.02720674590193668,0.021564581629761794,-0.10085894393441831
M15,rvwap20,,,,,,,0.015318372073843003,0.0015336294479965761,175,197,-0.22943928329696617,-0.05131969975279769,-1.0535786337440662,-0.2263613746106975,0.18902439024390244,0.22282608695652173,2.557878714701972,,,,,,,-0.013522958383480657,-0.008371193014748137,-0.03344774924476185,-0.0345699829505949,0.1180487578861249,-0.022237414675827884
M15,rvwap50,,,,,,,0.025641505747238676,-0.001509236581877282,77,79,0.24230506017267406,-0.5236928612952158,0.7706769338843981,-1.363011466480249,0.13636363636363635,0.10294117647058823,4.395966662477621,,,,,,,-0.004977916814597262,-0.003632621107943426,-0.015662239681225765,-0.026101098797046033,0.0503293373336893,-0.07402790660522439
M15,mix_ema50_vwap,,,,,,,0.007863519237043594,-0.0031011612827074203,100,106,-0.4405140672049819,0.0645847666032682,-1.7388214153339174,0.18685924032948778,0.08045977011494253,0.19791666666666666,3.6275886717281423,,,,,,,-0.007833961480532713,-0.0061701366575601215,-0.023889388668733542,-0.030600647494984118,0.0265672655899628,-0.10449299718040157
