,ema20,ema50,sma20,kama,linreg20,rvwap20,vwap_sess
dist,0.0,0.0,0.025253416139766026,-0.005456786478275806,0.0,0.0,0.053243073685062633
sig_ratio,0.019541300267165877,0.04276691050884599,0.02222335857030375,0.0,0.0,0.022803254573132623,0.0
bbw_chg,0.0,0.0,0.0,0.0,0.0,0.0,0.0
bbw_pct,0.0,0.0,0.0,0.0,0.0,0.001940085620882878,0.0
er10,0.0,0.0,0.0,-0.005833287432210424,-0.0017959151413661425,0.0,0.0
er20,0.0,0.0,0.0,0.0,0.0,0.0,0.0
er_ratio,0.0,0.0,0.0,0.0,0.0,0.0,0.0
atr_ratio,0.0,0.010321936128387742,0.0,0.0,0.0,0.0,0.0
atr_slope,0.0,0.0,0.0,0.0,-0.008688878559825523,0.0,0.0
er_leg,0.0018289266035330495,-0.009503187510918972,0.0,0.0,0.0,-0.005944835720440526,0.0
pullback,0.0,-0.03157142542581332,0.0,0.0,0.0,0.0,0.0
z_over_d,0.0,0.0,0.0,0.0,0.0,0.004510464160956978,0.0
fast_slow,0.002472266303778311,0.0017682265729753815,0.0,0.0,0.0,0.0,0.0
vel,0.0,0.05319519190486933,0.0,0.0,0.0009014367868307371,0.0,0.0
acc,0.016388748648021784,0.07340913213396436,0.005712715656920036,0.010410795144082042,0.003932346206188424,0.0,0.0
ou_theta,0.0,0.0,0.0,0.0,-0.005796461046940281,0.0035409311973074674,0.0
osc_k,0.0,0.0,0.0,0.0,0.0,0.0,0.0
osc_c,0.0,0.0,0.0,0.0,0.0,0.0,0.0
ac1,0.0,0.0,0.0,0.0,0.0,0.0,0.0
vr6,0.0,0.0,0.0,0.0,0.0,0.0,-0.03302369821706838
wick_out,0.0,-0.05297099674775244,0.0,-0.0016318478937210278,0.0018813344294651743,0.0,0.0
vol_rel,-0.001422379952078369,0.0,0.0,-0.012654663303148099,0.0,-0.005095526569044662,0.0
leg_bars,0.0,0.0,0.0,0.0,-0.008133726872361467,0.0,0.0
htf,0.0,0.0,0.0,0.002050066953660955,-0.00031919390513639715,0.0,0.0
day_used,0.0,0.0,0.0,0.0,0.0,0.0,0.0
day_der,0.0,0.0,-0.016475341770125593,0.0,-0.006888095364876503,0.0,0.0
vwap_side,0.0,0.0,0.0,0.0,0.0,0.0,0.053243073685062633
beyond_pd,0.0,0.0,0.0,0.0,0.0,0.0,0.0
