src,xR,n,avg,PF,total,maxDD,ret_dd,PF_H1,PF_H2
kde15,0.500,537.000,13.337,1.976,7162.110,468.610,15.284,1.765,2.152
kde15,1.000,403.000,12.107,1.845,4879.080,473.170,10.311,1.622,2.020
kde15,2.000,271.000,10.183,1.655,2759.680,772.670,3.572,1.563,1.707
kde60,0.500,673.000,11.728,1.836,7892.780,692.820,11.392,1.695,1.963
kde60,1.000,622.000,11.178,1.798,6952.780,544.870,12.760,1.747,1.843
kde60,2.000,527.000,10.216,1.718,5383.570,550.110,9.786,1.698,1.735
pdhl,0.500,664.000,12.530,1.904,8319.940,641.180,12.976,1.714,2.077
pdhl,1.000,582.000,13.283,1.976,7730.950,556.950,13.881,1.706,2.241
pdhl,2.000,411.000,14.128,2.032,5806.490,580.460,10.003,1.764,2.336
r50,0.500,532.000,13.482,2.021,7172.310,459.830,15.598,1.801,2.204
r50,1.000,328.000,14.396,2.231,4721.940,361.600,13.058,1.740,2.640
r50,2.000,59.000,6.786,1.458,400.370,542.930,0.737,0.629,2.849
all,0.500,323.000,14.452,2.128,4668.000,391.140,11.934,1.745,2.467
all,1.000,105.000,12.312,2.061,1292.740,260.610,4.960,1.713,2.306
all,2.000,8.000,-15.684,0.251,-125.470,141.830,-0.885,0.000,0.262
placebo,0.500,535.600,13.112,1.951,7023.901,489.298,14.399,,
placebo,1.000,393.850,12.869,1.901,5072.859,531.444,10.090,,
placebo,2.000,263.000,9.999,1.627,2632.037,809.757,3.546,,
