type,time,side,prior,box_hi,box_lo,R
sma,2026-01-13 15:30:00,1,1,4608.18,4573.79,-0.6244907197827079
sma,2026-01-14 02:00:00,1,1,4598.85,4569.72,0.380230272395395
sma,2026-01-14 16:30:00,-1,1,4641.89,4624.41,-0.5512259194395762
sma,2026-01-15 15:30:00,-1,-1,4623.01,4602.72,-0.6438522107813384
sma,2026-01-19 17:45:00,1,1,4673.76,4659.76,-0.5580756013746084
sma,2026-01-21 19:30:00,-1,1,4868.81,4813.13,-0.1963013233797145
sma,2026-01-23 14:00:00,1,1,4932.48,4899.67,0.008484493856039072
sma,2026-01-26 18:00:00,1,1,5097.31,5054.68,-0.555792617879238
sma,2026-01-28 18:45:00,1,1,5298.29,5235.84,-0.40838679392896354
sma,2026-01-29 16:15:00,1,1,5543.05,5470.88,-0.35996163332420156
sma,2026-01-30 10:30:00,-1,-1,5409.72,5112.48,1.202540939125991
sma,2026-02-05 23:30:00,-1,-1,4986.55,4789.89,-0.2528808066258551
sma,2026-02-09 12:15:00,-1,1,5040.9,4996.8,-0.5136381869233932
sma,2026-02-10 16:15:00,1,1,5063.33,5011.43,-0.6355774122435072
sma,2026-02-12 01:00:00,-1,1,5098.85,5067.06,-0.33249087335017097
sma,2026-02-13 15:30:00,1,-1,4976.31,4933.82,0.3610890302066634
sma,2026-02-16 14:15:00,-1,-1,5012.22,4997.68,-0.553111250785663
sma,2026-02-18 06:00:00,1,-1,4922.16,4883.19,0.8455284552845471
sma,2026-02-18 16:30:00,1,1,4969.03,4917.89,-0.22851776490843845
sma,2026-02-19 05:45:00,1,1,4978.97,4960.71,-0.09112595419849222
sma,2026-02-20 11:00:00,1,1,5030.9,4963.97,1.1383247046329423
sma,2026-02-23 14:30:00,1,1,5163.46,5143.22,-0.6965973534971847
sma,2026-02-24 15:45:00,-1,1,5178.51,5133.4,-0.7686967497633292
sma,2026-03-03 07:45:00,-1,-1,5379.89,5333.06,3.0752511114770003
sma,2026-03-04 12:00:00,1,-1,5190.74,5122.4,-0.4016317936570575
sma,2026-03-06 07:45:00,-1,-1,5143.9,5117.67,0.03159082361792153
sma,2026-03-10 18:30:00,1,1,5228.82,5162.51,-1.0013631406761176
sma,2026-03-11 15:45:00,-1,1,5223.16,5173.24,-0.2844796543032018
sma,2026-03-12 16:30:00,-1,-1,5191.75,5159.34,1.0761171032357668
sma,2026-03-13 08:30:00,-1,-1,5117.99,5102.68,-0.41613832853026617
sma,2026-03-16 10:30:00,-1,-1,5036.0,4998.27,-0.6139049826187635
sma,2026-03-19 08:30:00,-1,-1,4860.21,4845.81,6.792659856223917
sma,2026-03-20 04:30:00,1,-1,4680.36,4634.27,-0.2528186508694846
sma,2026-03-24 03:30:00,-1,-1,4448.38,4361.75,-0.4115499183242043
sma,2026-03-25 15:15:00,-1,1,4585.43,4551.2,-0.593966369930756
sma,2026-03-30 08:45:00,1,1,4517.61,4478.93,-0.07823285780028023
sma,2026-03-30 21:45:00,-1,1,4548.92,4511.48,-0.7530072173215708
sma,2026-03-31 16:45:00,1,1,4597.59,4529.65,1.822080408423727
sma,2026-04-01 14:30:00,1,1,4747.75,4682.81,-0.12525746652935357
sma,2026-04-02 04:00:00,-1,1,4800.38,4773.69,2.077932566121562
sma,2026-04-06 01:00:00,-1,-1,4699.68,4643.05,-0.2237964435448813
sma,2026-04-15 18:15:00,-1,1,4830.5,4800.29,-0.29313024557041223
sma,2026-04-20 14:45:00,1,-1,4800.93,4783.49,-0.457427202359001
sma,2026-04-22 16:00:00,-1,-1,4760.78,4742.92,-0.7145178764897278
sma,2026-04-23 20:30:00,-1,-1,4743.15,4704.59,-0.5990544456306209
sma,2026-04-24 13:30:00,-1,-1,4697.46,4679.37,-1.0070232306861155
sma,2026-04-27 12:00:00,-1,-1,4718.37,4705.4,-0.3064150943396446
sma,2026-04-28 04:45:00,-1,-1,4701.42,4684.01,2.4162320730117184
sma,2026-04-29 02:00:00,-1,-1,4600.61,4591.2,-0.1468749999999818
sma,2026-04-30 02:45:00,1,-1,4555.16,4539.32,-0.6466399643969599
sma,2026-05-01 01:00:00,1,1,4627.37,4614.59,-0.5463239689181276
sma,2026-05-04 09:30:00,-1,1,4618.54,4587.87,1.4073178107045805
sma,2026-05-05 07:15:00,-1,-1,4546.67,4532.47,-0.1292596944771188
sma,2026-05-06 22:00:00,1,1,4692.08,4678.96,-0.4038106945297966
sma,2026-05-13 12:15:00,-1,-1,4715.44,4693.65,-0.3987938183188813
sma,2026-05-18 03:00:00,-1,-1,4560.21,4528.6,-0.57657125995868
sma,2026-05-20 14:15:00,1,-1,4497.06,4472.84,-1.0047759000734753
sma,2026-05-26 02:00:00,1,1,4577.8,4553.02,-0.8664881407804144
sma,2026-05-27 04:30:00,-1,-1,4527.99,4511.15,0.037388392857102104
sma,2026-05-28 02:15:00,-1,-1,4467.06,4451.61,-0.01102265768525246
sma,2026-05-29 09:45:00,1,1,4522.46,4501.09,0.7691287041132547
sma,2026-06-01 04:45:00,-1,1,4546.06,4526.3,1.9249512670564946
sma,2026-06-02 03:15:00,1,-1,4488.5,4476.81,-0.7206835592221524
sma,2026-06-02 19:30:00,-1,1,4513.78,4490.35,1.705219206680608
sma,2026-06-03 08:30:00,-1,-1,4488.18,4466.21,0.4975162399694501
sma,2026-06-05 01:45:00,-1,1,4484.0,4472.8,0.15807799442901097
sma,2026-06-05 14:45:00,1,-1,4469.26,4459.02,-1.0115658362989326
sma,2026-06-09 08:30:00,1,-1,4346.68,4297.23,-0.3492776259273746
sma,2026-06-11 10:15:00,1,-1,4106.28,4072.7,-0.8098652136506957
sma,2026-06-12 10:45:00,1,1,4185.6,4170.26,0.27495840266222094
sma,2026-06-18 09:00:00,-1,-1,4324.7,4301.28,-0.3013592233009751
sma,2026-06-22 03:45:00,1,-1,4182.95,4136.57,-0.21764156813939703
sma,2026-06-23 04:30:00,-1,1,4210.78,4169.83,0.33102714209686007
sma,2026-06-23 19:30:00,1,-1,4142.89,4122.93,-1.0063725490196078
sma,2026-06-25 15:45:00,1,-1,4011.93,3963.64,0.039155391553914634
sma,2026-06-29 12:45:00,-1,1,4075.78,4039.4,0.4392121349332164
sma,2026-06-30 22:45:00,-1,-1,4033.84,4020.81,1.6117977528089815
sma,2026-07-02 06:45:00,1,1,4068.54,4030.77,-0.3665562069844505
sma,2026-07-03 16:00:00,-1,1,4186.33,4172.2,-0.42755465175392554
sma,2026-07-08 10:00:00,-1,-1,4134.0,4120.64,-0.15726817042607164
sma,2026-07-09 06:00:00,-1,-1,4082.65,4062.45,-0.6219974715549978
sma,2026-07-10 03:15:00,-1,1,4127.52,4119.82,-0.473618090452186
sma,2026-07-13 16:45:00,-1,-1,4073.66,4046.75,0.8652645415708241
sma,2026-07-14 07:30:00,1,-1,4019.06,4009.12,2.566005176876576
sma,2026-07-15 03:15:00,1,1,4056.19,4046.79,-0.32545931758527946
sma,2026-07-17 15:30:00,-1,-1,4008.65,3970.79,-0.7119774301102831
sma,2026-07-21 21:15:00,1,1,4083.36,4051.85,0.9022180568572186
sma,2026-07-22 16:30:00,1,1,4135.0,4106.74,-0.3325930038867357
sma,2026-07-23 10:30:00,-1,1,4141.04,4101.07,1.098944591029026
sma,2026-07-24 11:30:00,1,-1,4053.73,4022.02,-0.08282396088019388
sma,2026-07-27 16:15:00,-1,1,4104.1,4080.98,-0.38938687701684804
sma,2026-07-28 21:30:00,-1,-1,4047.07,4025.82,-0.18610747051114235
sma,2026-07-30 16:45:00,1,1,4098.57,4065.17,-0.34060118543607343
sma,2026-08-03 01:00:00,1,-1,4055.54,4043.56,-0.7757520510483142
sma,2026-08-05 04:00:00,1,1,4083.49,4065.5,8.305051495831332
sma,2026-08-06 11:00:00,1,1,4268.54,4247.27,-0.16520535302260989
sma,2026-08-10 04:00:00,-1,1,4349.07,4330.79,-0.6340803709428355
sma,2026-08-11 21:00:00,-1,1,4398.86,4369.0,-0.48730385164052475
sma,2026-08-14 14:30:00,1,-1,4358.72,4342.77,0.2946247464503288
sma,2026-08-17 03:15:00,1,1,4386.84,4367.27,0.1748344370860923
sma,2026-08-18 03:45:00,1,1,4433.56,4409.83,-0.9205138498594791
sma,2026-08-18 17:45:00,-1,-1,4406.59,4377.54,0.17000000000000182
sma,2026-08-19 10:15:00,1,-1,4355.02,4335.16,6.191577973160368
sma,2026-08-20 08:30:00,-1,1,4501.02,4482.99,-0.5441103992114144
sma,2026-08-24 05:00:00,1,1,4640.86,4594.77,-0.026566146113798168
sma,2026-08-27 04:45:00,1,-1,4631.48,4600.62,-0.8834557892069869
sma,2026-08-27 21:15:00,-1,-1,4616.7,4602.25,-0.19107856191744943
sma,2026-08-31 13:00:00,1,-1,4449.53,4433.87,-0.6332958380202237
sma,2026-09-02 15:00:00,1,-1,4332.96,4301.82,4.374562798092103
sma,2026-09-04 06:45:00,-1,1,4487.12,4467.11,-0.9386839481555591
sma,2026-09-09 09:00:00,1,-1,4400.94,4370.63,-0.3823146944083304
sma,2026-09-10 08:30:00,1,1,4421.58,4389.84,-0.5197505197505286
sma,2026-09-11 15:00:00,-1,-1,4360.97,4330.15,-0.40946314831665165
sma,2026-09-14 01:00:00,-1,1,4353.74,4342.81,-1.0074171029668413
sma,2026-09-15 05:00:00,1,-1,4306.61,4282.39,-0.40439121756485435
sma,2026-09-15 21:00:00,1,-1,4300.54,4274.12,-0.5775892541534209
sma,2026-09-17 10:00:00,1,-1,4315.24,4285.52,0.538132191597528
sma,2026-09-18 03:00:00,1,1,4349.55,4339.94,-0.4937586685159476
sma,2026-09-18 19:15:00,1,1,4375.61,4342.78,-0.02979089086219329
sma,2026-09-22 20:45:00,1,-1,4343.93,4314.99,-0.20335195530725747
sma,2026-09-23 10:00:00,-1,1,4346.83,4326.07,1.3698318945933314
sma,2026-09-24 11:15:00,-1,-1,4303.26,4273.76,-0.4322863027806388
sma,2026-09-25 04:00:00,1,-1,4281.55,4256.3,-0.5951885951885961
sma,2026-09-25 21:45:00,1,1,4294.11,4279.62,-0.498362802881498
sma,2026-09-29 07:30:00,-1,-1,4140.36,4128.57,-0.2571214392803364
sma,2026-10-01 08:00:00,1,-1,4180.59,4159.36,-1.0051568543188654
sma,2026-10-01 16:30:00,-1,1,4187.8,4166.66,-0.34328358208952925
sma,2026-10-05 07:00:00,-1,-1,4163.16,4136.36,-0.59161931818182
sma,2026-10-07 03:15:00,-1,1,4169.97,4161.59,4.119754350050982
sma,2026-10-08 03:45:00,1,-1,4116.28,4100.27,-0.0652045050385584
ema,2026-01-13 15:30:00,1,1,4608.18,4573.79,-0.43594386600271984
ema,2026-01-14 02:15:00,1,1,4607.86,4569.72,0.22690963554668467
ema,2026-01-20 05:30:00,1,1,4676.08,4659.53,8.88364055299505
ema,2026-01-22 17:15:00,1,1,4854.04,4755.71,0.6010162601626109
ema,2026-01-23 14:45:00,1,1,4939.08,4912.02,4.559532505478604
ema,2026-01-26 21:15:00,-1,1,5105.11,5036.05,-0.5674664602683138
ema,2026-01-30 03:00:00,-1,-1,5450.95,5375.0,4.191111742155341
ema,2026-02-06 07:15:00,1,-1,4839.43,4801.2,2.7193257546060163
ema,2026-02-09 15:00:00,1,1,5021.69,4982.42,-0.5884138628889453
ema,2026-02-10 16:15:00,1,1,5063.33,5002.36,-0.4539976484420926
ema,2026-02-11 19:00:00,1,1,5081.86,5039.22,-0.47508741258740705
ema,2026-02-13 16:15:00,1,-1,5000.29,4933.82,-0.3755629812581727
ema,2026-02-16 16:30:00,-1,1,5017.3,4989.85,1.60189407225532
ema,2026-02-19 07:30:00,1,1,4993.45,4967.01,-0.23590096286108098
ema,2026-02-20 11:00:00,1,1,5030.9,4963.97,-0.3637329085357787
ema,2026-02-24 14:15:00,-1,1,5183.86,5163.37,0.04238052299368755
ema,2026-03-03 02:00:00,1,1,5346.99,5315.41,-0.2802778616732144
ema,2026-03-04 11:30:00,1,-1,5182.13,5122.4,-0.2614617940199358
ema,2026-03-06 11:00:00,-1,-1,5123.07,5096.39,-1.0036603221083455
ema,2026-03-11 15:45:00,-1,1,5223.16,5173.24,-0.48253510983074965
ema,2026-03-12 16:30:00,-1,-1,5191.75,5159.34,1.2215716486902928
ema,2026-03-13 17:00:00,-1,-1,5121.87,5096.77,2.311692506459948
ema,2026-03-16 17:30:00,-1,-1,5037.96,5002.89,-0.14552845528454145
ema,2026-03-20 06:00:00,1,-1,4703.68,4639.23,-0.6587708066581323
ema,2026-03-23 21:30:00,1,-1,4438.86,4352.67,-0.5847084708470878
ema,2026-03-25 21:45:00,-1,1,4569.04,4542.89,0.08058727569333271
ema,2026-03-30 08:45:00,1,1,4517.61,4459.07,0.012950094756791927
ema,2026-03-31 16:45:00,1,1,4597.59,4529.65,1.822080408423727
ema,2026-04-02 22:00:00,1,-1,4672.13,4643.05,-1.0031725888324874
ema,2026-04-16 02:00:00,1,1,4811.95,4787.89,-0.03603238866397671
ema,2026-04-20 14:45:00,1,-1,4800.93,4783.49,-0.457427202359001
ema,2026-04-22 15:45:00,-1,-1,4762.48,4745.7,-0.6170329670329933
ema,2026-04-24 13:30:00,-1,-1,4696.75,4679.37,-1.0073033707865167
ema,2026-04-27 02:30:00,-1,1,4709.59,4677.31,-1.0039779681762546
ema,2026-04-27 16:00:00,-1,-1,4730.04,4696.29,0.1789597414046518
ema,2026-04-28 04:45:00,-1,-1,4701.42,4684.01,2.058670143415885
ema,2026-04-29 10:15:00,-1,-1,4610.34,4576.14,0.6162162162162056
ema,2026-04-30 04:15:00,1,-1,4574.09,4549.75,-0.7919708029197223
ema,2026-05-01 07:30:00,-1,1,4636.02,4613.95,0.46249445184198307
ema,2026-05-04 04:00:00,-1,1,4637.82,4602.01,-0.393548387096782
ema,2026-05-05 07:15:00,-1,-1,4546.67,4532.47,-0.6363102232667714
ema,2026-05-07 09:30:00,1,1,4721.35,4685.31,-0.27844557879136944
ema,2026-05-12 09:00:00,-1,1,4730.41,4708.77,0.3869306930692925
ema,2026-05-13 05:30:00,-1,-1,4726.85,4698.3,-0.29684601113170384
ema,2026-05-18 14:30:00,1,-1,4559.99,4529.8,-0.44959802102661406
ema,2026-05-20 15:30:00,1,-1,4501.15,4484.77,-1.0071625344352617
ema,2026-05-21 15:45:00,-1,1,4542.99,4504.49,-0.39897039897040176
ema,2026-05-27 04:30:00,-1,-1,4527.99,4511.15,2.7885044642856722
ema,2026-05-28 04:00:00,-1,-1,4462.46,4443.56,1.490690939180792
ema,2026-06-01 06:30:00,-1,1,4546.06,4514.02,0.4744133446423375
ema,2026-06-02 03:15:00,1,-1,4488.5,4476.81,-0.39717147908072675
ema,2026-06-02 19:30:00,-1,1,4525.98,4490.35,-0.17095435684647978
ema,2026-06-04 05:45:00,1,-1,4473.7,4424.01,-0.269396551724136
ema,2026-06-05 03:00:00,-1,1,4485.13,4457.31,-0.11111111111112101
ema,2026-06-05 14:45:00,1,-1,4469.33,4458.49,-1.0110450297366183
ema,2026-06-08 17:00:00,-1,-1,4346.68,4320.33,-0.026131762973865488
ema,2026-06-11 12:15:00,-1,-1,4112.67,4080.8,-0.26588376994880486
ema,2026-06-15 01:00:00,1,1,4235.59,4177.18,0.24153921249593127
ema,2026-06-18 10:45:00,-1,-1,4324.7,4293.32,3.0369034406215327
ema,2026-06-23 04:30:00,-1,-1,4221.02,4161.01,0.28013811739978683
ema,2026-06-23 21:00:00,-1,-1,4143.87,4127.82,1.447692307692291
ema,2026-06-25 15:30:00,1,-1,4002.07,3971.48,0.2540239976587628
ema,2026-06-29 12:45:00,-1,1,4075.78,4039.4,0.4392121349332164
ema,2026-06-30 23:45:00,-1,-1,4063.39,4008.71,0.4686896018554386
ema,2026-07-02 03:45:00,1,1,4048.56,4030.77,5.357719714964296
ema,2026-07-03 19:45:00,1,1,4174.41,4155.43,-0.1676557863501556
ema,2026-07-07 21:45:00,-1,1,4148.98,4135.89,-0.05820827648933871
ema,2026-07-08 10:00:00,-1,-1,4134.0,4120.64,-0.5802005012531384
ema,2026-07-09 06:00:00,-1,-1,4091.56,4062.45,-0.4522058823529463
ema,2026-07-10 10:30:00,-1,1,4134.82,4108.27,-0.297461565963525
ema,2026-07-14 15:30:00,1,-1,4035.86,4013.53,-0.5850983358547645
ema,2026-07-15 03:15:00,1,1,4056.19,4046.79,-1.0113735783027125
ema,2026-07-17 09:15:00,1,-1,4001.54,3975.44,-0.460753255895815
ema,2026-07-23 10:30:00,-1,1,4141.04,4101.07,1.098944591029026
ema,2026-07-27 16:15:00,-1,1,4104.1,4080.98,-0.32520616708497485
ema,2026-07-28 21:30:00,-1,-1,4046.49,4025.82,-0.40475123263111223
ema,2026-07-30 11:15:00,1,1,4060.17,4028.47,0.7906847795952304
ema,2026-08-03 16:00:00,-1,-1,4084.51,4042.26,-0.165535362382304
ema,2026-08-05 04:00:00,1,1,4085.84,4065.5,8.564982834722956
ema,2026-08-07 08:45:00,1,1,4277.38,4223.43,0.8039109179793608
ema,2026-08-10 08:30:00,1,1,4340.75,4313.45,-0.19082446808509596
ema,2026-08-11 18:30:00,-1,1,4404.24,4377.6,-0.0841881853554775
ema,2026-08-13 19:00:00,-1,-1,4402.0,4357.66,0.24114383269313172
ema,2026-08-17 17:15:00,1,1,4416.16,4377.38,-0.4153206069505529
ema,2026-08-18 03:45:00,1,1,4433.56,4409.83,-0.9205138498594791
ema,2026-08-19 08:45:00,-1,-1,4358.9,4336.74,-0.9113978494623922
ema,2026-08-20 12:45:00,-1,1,4498.69,4483.52,-0.49062500000002957
ema,2026-08-24 14:30:00,1,1,4650.11,4632.98,-0.5438324282389523
ema,2026-08-27 04:45:00,1,-1,4631.48,4600.62,-0.5827210539650358
ema,2026-08-28 04:15:00,-1,-1,4618.06,4585.72,-0.8391371340523874
ema,2026-08-31 16:30:00,-1,-1,4464.07,4433.88,-0.31002638522426895
ema,2026-09-02 15:00:00,1,-1,4332.96,4301.82,4.322416534181124
ema,2026-09-04 09:30:00,-1,1,4480.93,4465.53,-0.5134973005398658
ema,2026-09-09 08:00:00,1,-1,4384.43,4370.63,0.11046171829341055
ema,2026-09-11 13:45:00,-1,-1,4357.25,4340.58,-0.19847328244273882
ema,2026-09-14 01:00:00,-1,1,4360.1,4342.81,-0.7769808743169201
ema,2026-09-15 10:45:00,-1,-1,4317.43,4281.05,-0.2746804460157833
ema,2026-09-15 21:00:00,1,-1,4300.54,4274.12,-0.4779073877695176
ema,2026-09-17 10:00:00,1,-1,4315.24,4285.52,0.5445544554455286
ema,2026-09-18 03:00:00,1,1,4349.55,4339.94,-0.5291262135921824
ema,2026-09-18 19:15:00,1,1,4375.61,4342.78,-0.11257519335432561
ema,2026-09-22 20:45:00,1,-1,4343.93,4314.99,-0.20335195530725747
ema,2026-09-24 11:15:00,-1,-1,4303.26,4273.76,-0.4322863027806388
ema,2026-09-25 04:00:00,1,-1,4281.55,4256.3,-0.4891594891594989
ema,2026-09-28 01:00:00,-1,1,4300.25,4270.07,3.761067135737358
ema,2026-09-29 09:00:00,1,-1,4145.08,4122.13,0.02219531880549146
ema,2026-10-05 06:00:00,-1,-1,4163.16,4139.73,-0.545992893801819
ema,2026-10-07 06:00:00,-1,1,4169.41,4140.24,0.6686909581646726
ema,2026-10-08 05:00:00,1,-1,4137.46,4105.52,-0.6320582877959949
