cfg,tf,method,L,thr,exit,t_sig,t_entry,t_exit,dir,atr,mu0,why,bars,R,R_m1
15min|ou|200|2.5|μ0 sl1.5 H20,15min,ou,200,2.5,μ0 sl1.5 H20,2026-03-02 04:15:00,2026-03-02 04:30:00,2026-03-02 09:30:00,1,29.428571428571495,5869.474566608216,time,20.0,1.758834951456302,1.758834951456302
15min|ou|200|2.5|μ0 sl1.5 H20,15min,ou,200,2.5,μ0 sl1.5 H20,2026-03-16 01:15:00,2026-03-16 01:30:00,2026-03-16 06:30:00,-1,13.035714285714286,4547.669762591251,time,20.0,0.10432876712326906,0.10484018264838321
15min|ou|200|2.5|μ0 sl1.5 H20,15min,ou,200,2.5,μ0 sl1.5 H20,2026-03-18 14:15:00,2026-03-18 14:30:00,2026-03-18 15:00:00,1,12.552857142857192,5000.6107846012,stop,2.0,-1.0053108759151899,-1.0053108759151899
15min|ou|200|2.5|μ0 sl1.5 H20,15min,ou,200,2.5,μ0 sl1.5 H20,2026-03-20 01:30:00,2026-03-20 01:45:00,2026-03-20 04:15:00,-1,17.890714285714303,4038.5911187277584,stop,10.0,-1.004844226188113,-1.004471593404413
15min|ou|200|2.5|μ0 sl1.5 H20,15min,ou,200,2.5,μ0 sl1.5 H20,2026-03-23 03:15:00,2026-03-23 03:30:00,2026-03-23 08:30:00,-1,27.24214285714275,3860.901634177411,time,20.0,1.7313860702518131,1.7316307891310008
15min|ou|200|2.5|μ0 sl1.5 H20,15min,ou,200,2.5,μ0 sl1.5 H20,2026-03-23 08:30:00,2026-03-23 08:45:00,2026-03-23 13:45:00,-1,23.69714285714287,3648.114231206146,time,20.0,1.8210352865525368,1.8215979422876065
15min|ou|400|3.0|基準 μ0 sl1.5 H40,15min,ou,400,3.0,基準 μ0 sl1.5 H40,2026-04-01 09:45:00,2026-04-01 10:00:00,2026-04-01 11:00:00,1,12.265714285714434,7613.110026993631,stop,4.0,-1.005435204596639,-1.005435204596639
15min|ou|400|3.0|基準 μ0 sl1.5 H40,15min,ou,400,3.0,基準 μ0 sl1.5 H40,2026-04-01 11:15:00,2026-04-01 11:30:00,2026-04-01 21:30:00,1,17.057857142857042,6107.838380333025,time,40.0,0.905545552252126,0.905545552252126
15min|ou|400|3.0|基準 μ0 sl1.5 H40,15min,ou,400,3.0,基準 μ0 sl1.5 H40,2026-04-02 01:30:00,2026-04-02 01:45:00,2026-04-02 04:15:00,1,12.212857142857176,5854.487276166549,stop,10.0,-1.0070963465512552,-1.0054587281163507
15min|ou|400|3.0|基準 μ0 sl1.5 H40,15min,ou,400,3.0,基準 μ0 sl1.5 H40,2026-04-29 21:00:00,2026-04-29 21:15:00,2026-04-29 22:15:00,-1,11.906428571428737,3889.363761297554,stop,4.0,-1.007278980942646,-1.007278980942646
15min|ou|400|2.5|只靠時間 H40 sl5(災難停損),15min,ou,400,2.5,只靠時間 H40 sl5(災難停損),2026-05-06 13:45:00,2026-05-06 14:00:00,2026-05-06 15:30:00,1,11.397857142857188,5253.229618612045,stop,6.0,-3.3409371017944025,-3.3409371017944025
15min|ou|400|2.5|只靠時間 H40 sl5(災難停損),15min,ou,400,2.5,只靠時間 H40 sl5(災難停損),2026-05-07 12:30:00,2026-05-07 12:45:00,2026-05-07 22:45:00,1,11.61142857142847,5360.21785428699,time,40.0,-1.6248359580052676,-1.6248359580052676
15min|ou|400|2.5|只靠時間 H40 sl5(災難停損),15min,ou,400,2.5,只靠時間 H40 sl5(災難停損),2026-05-15 10:45:00,2026-05-15 11:00:00,2026-05-15 21:00:00,-1,13.42428571428575,3633.9594508590944,time,40.0,0.5487566953992539,0.5487566953992539
15min|ou|400|2.5|只靠時間 H40 sl5(災難停損),15min,ou,400,2.5,只靠時間 H40 sl5(災難停損),2026-05-15 22:00:00,2026-05-15 22:15:00,2026-05-18 09:15:00,-1,8.76071428571426,3118.123347241213,time,40.0,0.9831770621008455,0.9983965212664793
15min|ou|400|2.5|只靠時間 H40 sl5(災難停損),15min,ou,400,2.5,只靠時間 H40 sl5(災難停損),2026-05-28 05:45:00,2026-05-28 06:00:00,2026-05-28 16:00:00,-1,11.335714285714273,3399.1752449703067,time,40.0,-2.2218861583700718,-2.2218861583700718
15min|ou|400|2.5|只靠時間 H40 sl5(災難停損),15min,ou,400,2.5,只靠時間 H40 sl5(災難停損),2026-06-05 17:30:00,2026-06-05 17:45:00,2026-06-08 04:45:00,-1,17.968571428571586,3548.9860944864586,time,40.0,0.8459214501510608,0.885249377219468
15min|ou|400|2.5|只靠時間 H40 sl5(災難停損),15min,ou,400,2.5,只靠時間 H40 sl5(災難停損),2026-06-09 19:30:00,2026-06-09 19:45:00,2026-06-10 06:45:00,-1,20.065714285714357,2159.703300695519,time,40.0,2.154255066685653,1.9971047510560396
15min|ou|400|2.5|只靠時間 H40 sl5(災難停損),15min,ou,400,2.5,只靠時間 H40 sl5(災難停損),2026-06-11 04:45:00,2026-06-11 05:00:00,2026-06-11 15:00:00,-1,21.081428571428564,3731.784314299191,time,40.0,0.679270854509714,0.679270854509714
15min|ou|400|2.5|只靠時間 H40 sl5(災難停損),15min,ou,400,2.5,只靠時間 H40 sl5(災難停損),2026-06-19 02:15:00,2026-06-19 02:30:00,2026-06-19 06:45:00,1,7.5300000000002,4306.125194306139,stop,17.0,-3.3448428508189867,-3.3448428508189867
15min|ou|400|2.5|只靠時間 H40 sl5(災難停損),15min,ou,400,2.5,只靠時間 H40 sl5(災難停損),2026-06-19 09:00:00,2026-06-19 09:15:00,2026-06-19 19:15:00,-1,10.537857142857124,2664.2679924535023,time,40.0,0.11450778372763586,0.11450778372763586
15min|ou|400|2.5|只靠時間 H40 sl5(災難停損),15min,ou,400,2.5,只靠時間 H40 sl5(災難停損),2026-06-24 15:45:00,2026-06-24 16:00:00,2026-06-25 03:00:00,-1,13.482857142857126,2629.665462064114,time,40.0,-1.2222928586565038,-1.1164794801158586
15min|ou|400|3.0|μ0 sl2.0 H40,15min,ou,400,3.0,μ0 sl2.0 H40,2026-07-22 15:15:00,2026-07-22 15:30:00,2026-07-22 16:00:00,1,5.740714285714278,5480.154862792582,stop,2.0,-1.3484301770975602,-1.3484301770975602
15min|ou|400|3.0|μ0 sl2.0 H40,15min,ou,400,3.0,μ0 sl2.0 H40,2026-08-05 09:45:00,2026-08-05 10:00:00,2026-08-05 12:00:00,1,8.615000000000041,6171.25700568163,stop,8.0,-1.343393306248821,-1.343393306248821
15min|ou|400|3.0|μ0 sl2.0 H40,15min,ou,400,3.0,μ0 sl2.0 H40,2026-08-06 19:45:00,2026-08-06 20:00:00,2026-08-07 07:00:00,1,12.385714285714196,4904.829516251078,time,40.0,1.3224913494809687,1.2708189158016123
15min|ou|400|3.0|μ0 sl2.0 H40,15min,ou,400,3.0,μ0 sl2.0 H40,2026-08-07 08:45:00,2026-08-07 09:00:00,2026-08-07 19:00:00,1,7.824285714285777,4689.588495867923,time,40.0,5.298034203639454,5.298034203639454
15min|ou|400|3.0|μ0 sl2.0 H40,15min,ou,400,3.0,μ0 sl2.0 H40,2026-08-07 22:00:00,2026-08-07 22:15:00,2026-08-10 04:15:00,1,9.397142857142951,4858.994101901369,stop,20.0,-1.3425559947299261,-1.3425559947299261
15min|ou|400|3.0|μ0 sl2.0 H40,15min,ou,400,3.0,μ0 sl2.0 H40,2026-08-21 08:45:00,2026-08-21 09:00:00,2026-08-21 19:00:00,1,8.525000000000025,5057.624633020831,time,40.0,4.75933528836757,4.75933528836757
15min|ou|400|3.0|μ0 sl2.0 H40,15min,ou,400,3.0,μ0 sl2.0 H40,2026-08-28 20:15:00,2026-08-28 20:30:00,2026-08-31 07:30:00,-1,29.383571428571354,3715.3644570105794,time,40.0,1.4080430431647202,1.4441176232264477
15min|ou|400|3.0|μ0 sl2.0 H40,15min,ou,400,3.0,μ0 sl2.0 H40,2026-08-31 15:30:00,2026-08-31 15:45:00,2026-08-31 23:15:00,-1,7.356428571428621,3383.7475008851684,stop,30.0,-1.3442081755510478,-1.3442081755510478
15min|ou|400|3.0|只靠時間 H40 sl5(災難停損),15min,ou,400,3.0,只靠時間 H40 sl5(災難停損),2026-09-01 11:15:00,2026-09-01 11:30:00,2026-09-01 21:30:00,-1,11.220714285714232,3858.856896798833,time,40.0,2.698580431599731,2.698580431599731
15min|ou|400|3.0|只靠時間 H40 sl5(災難停損),15min,ou,400,3.0,只靠時間 H40 sl5(災難停損),2026-09-28 08:30:00,2026-09-28 08:45:00,2026-09-28 18:45:00,-1,7.359285714285826,2151.295914301297,time,40.0,5.7532757449285015,5.7532757449285015
