signal_time,entry_time,exit_time,dir,entry,exit,stop,risk,atr,er,a,exit_reason,bars,pnl,R,mfe,mae,mfe_R,mae_R
2026-01-12 01:00:00,2026-01-12 01:15:00,2026-01-12 13:15:00,多,4530.0700,4591.0600,4520.7207,9.3493,6.2329,0.2837,-13.1008,時間,48,60.9100,6.5149,71.1800,-0.6800,7.6134,-0.0727
2026-01-14 08:45:00,2026-01-14 09:00:00,2026-01-14 10:15:00,多,4637.2600,4625.2364,4625.2364,12.0236,8.0157,0.2763,6.9867,停損,5,-12.1036,-1.0067,2.3600,-12.0236,0.1963,-1.0000
2026-01-14 11:00:00,2026-01-14 11:15:00,2026-01-14 15:45:00,多,4638.4700,4625.8014,4625.8014,12.6686,8.4457,0.2687,-16.0426,停損,18,-12.7486,-1.0063,3.4200,-12.6686,0.2700,-1.0000
2026-01-19 06:15:00,2026-01-19 06:30:00,2026-01-19 18:30:00,多,4662.4000,4671.7000,4650.2811,12.1189,8.0793,0.3292,0.8811,時間,48,9.2100,0.7600,16.7500,-3.1300,1.3821,-0.2583
2026-01-20 06:45:00,2026-01-20 07:00:00,2026-01-20 19:00:00,多,4695.2900,4753.6700,4686.0361,9.2539,6.1693,0.1842,9.8707,時間,48,58.2400,6.2935,62.3200,-1.1000,6.7344,-0.1189
2026-01-20 18:45:00,2026-01-20 19:00:00,2026-01-21 08:00:00,多,4753.6700,4869.9900,4734.3414,19.3286,12.8857,0.2698,-3.6020,時間,48,116.2300,6.0134,124.5600,-7.5200,6.4443,-0.3891
2026-01-21 07:45:00,2026-01-21 08:00:00,2026-01-21 09:00:00,多,4869.9900,4852.9886,4852.9886,17.0014,11.3343,0.5409,27.9314,停損,4,-17.1514,-1.0088,18.3400,-17.0014,1.0787,-1.0000
2026-01-21 08:45:00,2026-01-21 09:00:00,2026-01-21 17:30:00,多,4847.5700,4828.0025,4828.0025,19.5675,13.0450,0.3397,11.7692,停損,34,-19.6575,-1.0046,33.3700,-19.5675,1.7054,-1.0000
2026-01-22 16:30:00,2026-01-22 16:45:00,2026-01-22 17:15:00,多,4845.9600,4831.9886,4831.9886,13.9714,9.3143,0.2921,-20.9510,停損,2,-14.1014,-1.0093,0.9600,-13.9714,0.0687,-1.0000
2026-01-22 17:30:00,2026-01-22 17:45:00,2026-01-23 06:45:00,多,4863.6100,4956.9800,4846.1382,17.4718,11.6479,0.2995,-7.0430,時間,48,93.2700,5.3383,103.6100,-2.7900,5.9301,-0.1597
2026-01-23 06:30:00,2026-01-23 06:45:00,2026-01-23 10:00:00,多,4956.9800,4944.8729,4944.8729,12.1071,8.0714,0.3792,-27.5354,停損,13,-12.2271,-1.0099,10.2400,-12.1071,0.8458,-1.0000
2026-01-26 01:00:00,2026-01-26 01:15:00,2026-01-26 13:15:00,多,5021.6200,5087.9400,5006.1475,15.4725,10.3150,0.3757,-6.4978,時間,48,66.2000,4.2786,89.5100,-9.3600,5.7851,-0.6049
2026-01-28 04:30:00,2026-01-28 04:45:00,2026-01-28 16:45:00,多,5221.5600,5279.1800,5198.3111,23.2489,15.4993,0.4047,11.9268,時間,48,57.5200,2.4741,89.9900,-0.4700,3.8707,-0.0202
2026-01-29 01:00:00,2026-01-29 01:15:00,2026-01-29 13:15:00,多,5474.7900,5506.8400,5435.9111,38.8789,25.9193,0.3693,23.8854,時間,48,31.9500,0.8218,123.8200,-29.2200,3.1848,-0.7516
2026-01-29 17:30:00,2026-01-29 17:45:00,2026-01-29 18:15:00,空,5122.0500,5212.3436,5212.3436,90.2936,60.1957,0.4395,-12.8780,停損,2,-90.3936,-1.0011,4.3800,-90.2936,0.0485,-1.0000
2026-02-06 01:45:00,2026-02-06 02:00:00,2026-02-06 02:45:00,空,4703.9500,4744.2507,4744.2507,40.3007,26.8671,0.2845,-17.2987,停損,3,-40.4007,-1.0025,48.7300,-40.3007,1.2092,-1.0000
2026-02-06 13:45:00,2026-02-06 14:00:00,2026-02-09 03:00:00,多,4887.2300,5019.9300,4858.7493,28.4807,18.9871,0.2814,-22.8073,時間,48,132.6000,4.6558,159.5100,-15.3200,5.6006,-0.5379
2026-02-09 02:45:00,2026-02-09 03:00:00,2026-02-09 03:45:00,多,5019.8500,4992.3218,4992.3218,27.5282,18.3521,0.3328,5.5142,停損,3,-27.6282,-1.0036,22.2100,-27.5282,0.8068,-1.0000
2026-02-09 03:30:00,2026-02-09 03:45:00,2026-02-09 04:15:00,多,5009.6900,4975.8168,4975.8168,33.8732,22.5821,0.3150,6.9690,停損,2,-33.9732,-1.0030,2.4000,-33.8732,0.0709,-1.0000
2026-02-09 05:15:00,2026-02-09 05:30:00,2026-02-09 12:30:00,多,5025.1100,4989.7764,4989.7764,35.3336,23.5557,0.3148,3.7204,停損,28,-35.4336,-1.0028,20.5000,-35.3336,0.5802,-1.0000
2026-02-11 12:30:00,2026-02-11 12:45:00,2026-02-11 13:15:00,多,5099.9500,5084.9629,5084.9629,14.9871,9.9914,0.3001,-0.4844,停損,2,-15.0871,-1.0067,1.3000,-14.9871,0.0867,-1.0000
2026-02-11 13:30:00,2026-02-11 13:45:00,2026-02-11 14:30:00,多,5108.8700,5092.5350,5092.5350,16.3350,10.8900,0.2639,12.0337,停損,3,-16.4350,-1.0061,10.3000,-16.3350,0.6305,-1.0000
2026-02-12 18:00:00,2026-02-12 18:15:00,2026-02-13 04:00:00,空,4951.2800,4983.9125,4983.9125,32.6325,21.7550,0.3163,-6.4407,停損,35,-32.7325,-1.0031,72.6600,-32.6325,2.2266,-1.0000
2026-02-13 07:15:00,2026-02-13 07:30:00,2026-02-13 07:45:00,多,4979.7000,4962.3911,4962.3911,17.3089,11.5393,0.2203,31.9904,停損,1,-17.4089,-1.0058,0.5200,-17.3089,0.0300,-1.0000
2026-02-13 19:45:00,2026-02-13 20:00:00,2026-02-16 05:15:00,多,5021.0600,4990.3079,4990.3079,30.7521,20.5014,0.2175,11.4202,停損,33,-30.8521,-1.0033,31.2500,-30.7521,1.0162,-1.0000
2026-02-17 02:00:00,2026-02-17 02:15:00,2026-02-17 14:15:00,空,4979.3500,4933.7900,4989.8425,10.4925,6.9950,0.1843,15.1403,時間,48,45.4600,4.3326,120.1600,-2.1200,11.4520,-0.2020
2026-02-17 15:45:00,2026-02-17 16:00:00,2026-02-17 16:15:00,空,4870.7900,4891.7771,4891.7771,20.9871,13.9914,0.2502,20.0466,停損,1,-21.0871,-1.0048,28.5900,-20.9871,1.3623,-1.0000
2026-02-17 16:30:00,2026-02-17 16:45:00,2026-02-17 21:00:00,空,4870.2200,4899.2075,4899.2075,28.9875,19.3250,0.2329,6.0847,停損,17,-29.0875,-1.0034,20.9800,-28.9875,0.7238,-1.0000
2026-02-18 05:45:00,2026-02-18 06:00:00,2026-02-18 14:00:00,多,4920.8100,4906.8300,4906.8300,13.9800,9.3200,0.2349,14.4239,停損,32,-14.0800,-1.0072,21.5000,-13.9800,1.5379,-1.0000
2026-02-18 13:45:00,2026-02-18 14:00:00,2026-02-19 03:00:00,多,4913.1100,4961.3700,4902.6271,10.4829,6.9886,0.3287,-56.7625,時間,48,48.1600,4.5942,97.8400,-0.9400,9.3333,-0.0897
2026-02-20 16:45:00,2026-02-20 17:00:00,2026-02-20 17:15:00,多,5054.5600,5037.7064,5037.7064,16.8536,11.2357,0.2733,-6.7375,停損,1,-16.9536,-1.0059,9.6700,-16.8536,0.5738,-1.0000
2026-02-20 21:45:00,2026-02-20 22:00:00,2026-02-23 11:00:00,多,5079.4900,5140.3000,5064.9668,14.5232,9.6821,0.2728,14.2706,時間,48,60.7100,4.1802,97.1300,-2.5100,6.6879,-0.1728
2026-02-23 22:00:00,2026-02-23 22:15:00,2026-02-24 03:15:00,多,5223.3000,5208.6471,5208.6471,14.6529,9.7686,0.3126,1.7653,停損,16,-14.7529,-1.0068,26.4500,-14.6529,1.8051,-1.0000
2026-02-27 15:15:00,2026-02-27 15:30:00,2026-02-27 15:45:00,多,5235.3100,5221.9021,5221.9021,13.4079,8.9386,0.3176,13.5290,停損,1,-13.5079,-1.0075,0.3800,-13.4079,0.0283,-1.0000
2026-02-27 16:15:00,2026-02-27 16:30:00,2026-03-02 05:30:00,多,5231.5800,5355.6600,5213.7525,17.8275,11.8850,0.2440,20.4876,時間,48,123.9800,6.9544,161.8400,-17.7400,9.0781,-0.9951
2026-03-02 05:15:00,2026-03-02 05:30:00,2026-03-02 16:30:00,多,5355.6600,5323.7679,5323.7679,31.8921,21.2614,0.2982,7.0636,停損,44,-31.9921,-1.0031,63.6200,-31.8921,1.9948,-1.0000
2026-03-03 13:00:00,2026-03-03 13:15:00,2026-03-04 02:15:00,空,5198.9700,5116.0300,5243.5104,44.5404,29.6936,0.2817,-17.3969,時間,48,82.8400,1.8599,202.8300,-27.6900,4.5538,-0.6217
2026-03-04 05:45:00,2026-03-04 06:00:00,2026-03-04 08:15:00,多,5174.5900,5147.0779,5147.0779,27.5121,18.3414,0.2929,5.0102,停損,9,-27.6121,-1.0036,6.3000,-27.5121,0.2290,-1.0000
2026-03-04 12:00:00,2026-03-04 12:15:00,2026-03-04 14:30:00,多,5198.3900,5177.0429,5177.0429,21.3471,14.2314,0.2603,-16.8305,停損,9,-21.4471,-1.0047,7.7100,-21.3471,0.3612,-1.0000
2026-03-05 16:45:00,2026-03-05 17:00:00,2026-03-06 04:00:00,空,5102.2000,5131.0836,5131.0836,28.8836,19.2557,0.2571,-6.4500,停損,40,-28.9836,-1.0035,51.1000,-28.8836,1.7692,-1.0000
2026-03-10 04:45:00,2026-03-10 05:00:00,2026-03-10 06:45:00,多,5184.2900,5161.5596,5161.5596,22.7304,15.1536,0.2842,0.0532,停損,7,-22.8304,-1.0044,2.7100,-22.7304,0.1192,-1.0000
2026-03-10 06:45:00,2026-03-10 07:00:00,2026-03-10 19:00:00,多,5157.6600,5228.7000,5135.9282,21.7318,14.4879,0.2370,-1.8516,時間,48,70.9400,3.2643,80.8800,-3.2500,3.7217,-0.1496
2026-03-10 18:45:00,2026-03-10 19:00:00,2026-03-10 21:30:00,多,5228.7000,5206.2493,5206.2493,22.4507,14.9671,0.2673,9.9201,停損,10,-22.5507,-1.0045,6.8400,-22.4507,0.3047,-1.0000
2026-03-11 15:45:00,2026-03-11 16:00:00,2026-03-11 17:15:00,空,5167.6200,5185.1100,5185.1100,17.4900,11.6600,0.2177,-0.5082,停損,5,-17.5900,-1.0057,18.2700,-17.4900,1.0446,-1.0000
2026-03-12 13:45:00,2026-03-12 14:00:00,2026-03-12 15:15:00,多,5182.4000,5171.6600,5171.6600,10.7400,7.1600,0.2032,15.9673,停損,5,-10.8400,-1.0093,1.5100,-10.7400,0.1406,-1.0000
2026-03-12 20:45:00,2026-03-12 21:00:00,2026-03-13 05:15:00,空,5105.3200,5126.4421,5126.4421,21.1221,14.0814,0.2103,-26.1080,停損,29,-21.2221,-1.0047,50.2000,-21.1221,2.3767,-1.0000
2026-03-13 05:00:00,2026-03-13 05:15:00,2026-03-13 17:15:00,空,5123.2700,5090.9800,5134.9636,11.6936,7.7957,0.2292,59.1611,時間,48,32.1900,2.7528,61.6600,0.0000,5.2730,0.0000
2026-03-13 17:45:00,2026-03-13 18:00:00,2026-03-13 18:15:00,空,5041.7700,5063.5071,5063.5071,21.7371,14.4914,0.2812,7.1520,停損,1,-21.8371,-1.0046,3.4200,-21.7371,0.1573,-1.0000
2026-03-13 18:30:00,2026-03-13 18:45:00,2026-03-16 07:45:00,空,5046.7400,5017.0200,5072.9814,26.2414,17.4943,0.2139,-1.6270,時間,48,29.6200,1.1287,79.0000,-17.1200,3.0105,-0.6524
2026-03-17 07:45:00,2026-03-17 08:00:00,2026-03-17 09:00:00,多,5037.9500,5027.2207,5027.2207,10.7293,7.1529,0.2360,6.0855,停損,4,-10.8293,-1.0093,6.6300,-10.7293,0.6179,-1.0000
2026-03-18 13:45:00,2026-03-18 14:00:00,2026-03-19 03:00:00,空,4967.9700,4836.7000,4983.8593,15.8893,10.5929,0.1948,-5.0207,時間,48,131.1700,8.2552,163.3600,-6.0500,10.2811,-0.3808
2026-03-19 02:45:00,2026-03-19 03:00:00,2026-03-19 04:45:00,空,4836.7100,4858.9989,4858.9989,22.2889,14.8593,0.3665,4.5407,停損,7,-22.4289,-1.0063,3.7100,-22.2889,0.1665,-1.0000
2026-03-19 09:15:00,2026-03-19 09:30:00,2026-03-19 21:30:00,空,4813.8500,4609.4800,4827.5643,13.7143,9.1429,0.2759,19.4969,時間,48,204.2700,14.8947,311.2300,-6.1500,22.6939,-0.4484
2026-03-20 07:30:00,2026-03-20 07:45:00,2026-03-20 09:00:00,多,4720.0500,4696.4818,4696.4818,23.5682,15.7121,0.3375,6.0579,停損,5,-23.6982,-1.0055,3.5600,-23.5682,0.1511,-1.0000
2026-03-20 18:00:00,2026-03-20 18:15:00,2026-03-23 07:15:00,空,4576.2800,4363.8700,4615.5725,39.2925,26.1950,0.3009,-11.0150,時間,48,212.3100,5.4033,256.3100,-37.4900,6.5231,-0.9541
2026-03-23 07:00:00,2026-03-23 07:15:00,2026-03-23 14:15:00,空,4363.8300,4418.9079,4418.9079,55.0779,36.7186,0.3325,-7.0369,停損,28,-55.2079,-1.0024,264.9300,-55.0779,4.8101,-1.0000
2026-03-25 04:30:00,2026-03-25 04:45:00,2026-03-25 08:30:00,多,4585.2300,4556.0775,4556.0775,29.1525,19.4350,0.4500,34.9631,停損,15,-29.2725,-1.0041,17.3600,-29.1525,0.5955,-1.0000
2026-03-25 09:30:00,2026-03-25 09:45:00,2026-03-25 13:00:00,多,4546.7400,4529.8425,4529.8425,16.8975,11.2650,0.3852,-76.5818,停損,13,-16.9975,-1.0059,21.0600,-16.8975,1.2463,-1.0000
2026-03-27 18:00:00,2026-03-27 18:15:00,2026-03-27 20:30:00,多,4525.5100,4494.1900,4494.1900,31.3200,20.8800,0.2950,12.3951,停損,9,-31.4200,-1.0032,29.8700,-31.3200,0.9537,-1.0000
2026-03-30 14:30:00,2026-03-30 14:45:00,2026-03-30 15:15:00,多,4566.3500,4548.7764,4548.7764,17.5736,11.7157,0.2950,-20.4568,停損,2,-17.6736,-1.0057,14.4900,-17.5736,0.8245,-1.0000
2026-03-30 15:00:00,2026-03-30 15:15:00,2026-03-30 17:00:00,多,4556.6500,4536.8114,4536.8114,19.8386,13.2257,0.3496,-15.2887,停損,7,-19.9386,-1.0050,22.1000,-19.8386,1.1140,-1.0000
2026-03-31 20:00:00,2026-03-31 20:15:00,2026-04-01 09:15:00,多,4642.8700,4697.5300,4613.5654,29.3046,19.5364,0.2510,15.3881,時間,48,54.5600,1.8618,81.3500,-1.9800,2.7760,-0.0676
2026-04-01 18:30:00,2026-04-01 18:45:00,2026-04-01 21:30:00,多,4785.6600,4757.2800,4757.2800,28.3800,18.9200,0.2525,-4.7648,停損,11,-28.4800,-1.0035,7.3100,-28.3800,0.2576,-1.0000
2026-04-02 06:45:00,2026-04-02 07:00:00,2026-04-02 19:00:00,空,4676.2600,4661.0800,4715.8857,39.6257,26.4171,0.2446,-17.6262,時間,48,15.0500,0.3798,122.1300,-23.4200,3.0821,-0.5910
2026-04-15 04:15:00,2026-04-15 04:30:00,2026-04-15 06:15:00,多,4850.9200,4818.0882,4818.0882,32.8318,21.8879,0.4128,7.1146,停損,7,-32.9618,-1.0040,2.5500,-32.8318,0.0777,-1.0000
2026-04-15 06:00:00,2026-04-15 06:15:00,2026-04-15 13:00:00,多,4820.9300,4788.9307,4788.9307,31.9993,21.3329,0.3556,31.3271,停損,27,-32.1293,-1.0041,9.6100,-31.9993,0.3003,-1.0000
2026-04-15 12:45:00,2026-04-15 13:00:00,2026-04-16 02:00:00,多,4798.1600,4807.6300,4782.1657,15.9943,10.6629,0.3787,-98.5505,時間,48,9.3400,0.5840,32.3400,-11.1700,2.0220,-0.6984
2026-04-17 16:00:00,2026-04-17 16:15:00,2026-04-17 16:30:00,多,4883.2700,4863.9071,4863.9071,19.3629,12.9086,0.4330,14.1703,停損,1,-19.4929,-1.0067,0.6600,-19.3629,0.0341,-1.0000
2026-04-17 16:15:00,2026-04-17 16:30:00,2026-04-20 01:15:00,多,4851.6000,4829.2071,4829.2071,22.3929,14.9286,0.3155,16.7308,停損,31,-22.5229,-1.0058,33.9200,-22.3929,1.5148,-1.0000
2026-04-20 08:00:00,2026-04-20 08:15:00,2026-04-20 10:15:00,空,4786.5300,4796.3432,4796.3432,9.8132,6.5421,0.3371,60.7842,停損,8,-9.9432,-1.0132,6.9200,-9.8132,0.7052,-1.0000
2026-04-21 20:15:00,2026-04-21 20:30:00,2026-04-22 01:15:00,空,4700.2300,4723.6557,4723.6557,23.4257,15.6171,0.3130,-23.9364,停損,15,-23.5557,-1.0055,31.7300,-23.4257,1.3545,-1.0000
2026-04-22 10:15:00,2026-04-22 10:30:00,2026-04-22 11:30:00,多,4766.0800,4756.6429,4756.6429,9.4371,6.2914,0.3105,-23.4252,停損,4,-9.5671,-1.0138,0.5800,-9.4371,0.0615,-1.0000
2026-04-22 11:30:00,2026-04-22 11:45:00,2026-04-22 13:15:00,多,4756.1100,4746.4714,4746.4714,9.6386,6.4257,0.4853,-37.7323,停損,6,-9.7686,-1.0135,6.3700,-9.6386,0.6609,-1.0000
2026-04-23 03:00:00,2026-04-23 03:15:00,2026-04-23 03:30:00,空,4699.4300,4709.6311,4709.6311,10.2011,6.8007,0.3162,3.0858,停損,1,-10.3311,-1.0127,5.1100,-10.2011,0.5009,-1.0000
2026-04-24 07:15:00,2026-04-24 07:30:00,2026-04-24 08:00:00,空,4659.4800,4674.7221,4674.7221,15.2421,10.1614,0.2532,0.7219,停損,2,-15.3721,-1.0085,1.6600,-15.2421,0.1089,-1.0000
2026-04-24 19:15:00,2026-04-24 19:30:00,2026-04-27 01:15:00,多,4723.3500,4704.9129,4704.9129,18.4371,12.2914,0.2518,6.5316,停損,19,-18.5671,-1.0071,6.7000,-18.4371,0.3634,-1.0000
2026-04-27 17:45:00,2026-04-27 18:00:00,2026-04-28 02:45:00,空,4678.2000,4692.5036,4692.5036,14.3036,9.5357,0.2625,-2.5045,停損,31,-14.4336,-1.0091,10.9700,-14.3036,0.7669,-1.0000
2026-04-28 08:30:00,2026-04-28 08:45:00,2026-04-28 09:15:00,空,4624.9000,4636.3343,4636.3343,11.4343,7.6229,0.2934,-29.8909,停損,2,-11.5643,-1.0114,0.9700,-11.4343,0.0848,-1.0000
2026-04-28 09:15:00,2026-04-28 09:30:00,2026-04-28 21:30:00,空,4631.6600,4599.0100,4646.3225,14.6625,9.7750,0.2607,-28.0480,時間,48,32.5200,2.2179,76.7000,-7.7700,5.2310,-0.5299
2026-04-29 15:45:00,2026-04-29 16:00:00,2026-04-29 19:00:00,空,4544.9300,4558.8532,4558.8532,13.9232,9.2821,0.2601,-9.5403,停損,12,-14.0532,-1.0093,34.6800,-13.9232,2.4908,-1.0000
2026-04-30 10:00:00,2026-04-30 10:15:00,2026-04-30 22:15:00,多,4591.6700,4624.2000,4578.1786,13.4914,8.9943,0.2992,-10.8697,時間,48,32.4000,2.4015,55.2200,-6.7900,4.0930,-0.5033
2026-05-01 10:45:00,2026-05-01 11:00:00,2026-05-01 15:15:00,空,4578.2100,4589.3732,4589.3732,11.1632,7.4421,0.2870,-27.6396,停損,17,-11.2932,-1.0116,17.8900,-11.1632,1.6026,-1.0000
2026-05-04 13:00:00,2026-05-04 13:15:00,2026-05-04 13:45:00,空,4542.0100,4556.3661,4556.3661,14.3561,9.5707,0.3198,-9.8788,停損,2,-14.4861,-1.0091,15.8900,-14.3561,1.1068,-1.0000
2026-05-04 18:45:00,2026-05-04 19:00:00,2026-05-05 06:00:00,空,4521.5900,4546.1782,4546.1782,24.5882,16.3921,0.3627,4.2245,停損,40,-24.7182,-1.0053,20.8600,-24.5882,0.8484,-1.0000
2026-05-05 15:15:00,2026-05-05 15:30:00,2026-05-05 19:30:00,多,4573.9200,4561.5054,4561.5054,12.4146,8.2764,0.3097,4.4958,停損,16,-12.5446,-1.0105,12.6800,-12.4146,1.0214,-1.0000
2026-05-06 06:00:00,2026-05-06 06:15:00,2026-05-06 18:15:00,多,4647.8100,4696.7400,4633.0329,14.7771,9.8514,0.3265,52.6421,時間,48,48.8000,3.3024,75.1400,-5.1500,5.0849,-0.3485
2026-05-11 05:45:00,2026-05-11 06:00:00,2026-05-11 16:15:00,空,4681.7400,4701.4457,4701.4457,19.7057,13.1371,0.2940,-8.5076,停損,41,-19.8357,-1.0066,33.5700,-19.7057,1.7036,-1.0000
2026-05-11 23:30:00,2026-05-11 23:45:00,2026-05-12 04:45:00,多,4737.6000,4730.1932,4730.1932,7.4068,4.9379,0.2942,-55.1564,停損,16,-7.5868,-1.0243,35.9400,-7.4068,4.8523,-1.0000
2026-05-12 13:45:00,2026-05-12 14:00:00,2026-05-12 14:45:00,空,4694.4200,4705.7579,4705.7579,11.3379,7.5586,0.2957,18.6806,停損,3,-11.4679,-1.0115,7.1600,-11.3379,0.6315,-1.0000
2026-05-12 14:45:00,2026-05-12 15:00:00,2026-05-12 23:15:00,空,4706.6600,4718.7329,4718.7329,12.0729,8.0486,0.3168,23.8412,停損,33,-12.2029,-1.0108,68.2700,-12.0729,5.6548,-1.0000
2026-05-13 07:15:00,2026-05-13 07:30:00,2026-05-13 12:30:00,多,4701.3800,4690.0293,4690.0293,11.3507,7.5671,0.2915,-45.6700,停損,20,-11.4807,-1.0115,14.0600,-11.3507,1.2387,-1.0000
2026-05-14 22:30:00,2026-05-14 22:45:00,2026-05-15 11:45:00,空,4656.5900,4562.3700,4665.6104,9.0204,6.0136,0.2513,-15.6050,時間,48,94.0900,10.4309,106.5500,-8.7700,11.8122,-0.9722
2026-05-15 11:30:00,2026-05-15 11:45:00,2026-05-15 23:45:00,空,4562.5200,4540.4000,4583.0668,20.5468,13.6979,0.3293,-3.5834,時間,48,21.9900,1.0702,50.7200,-10.0300,2.4685,-0.4882
2026-05-18 15:30:00,2026-05-18 15:45:00,2026-05-18 17:45:00,多,4569.7200,4553.0121,4553.0121,16.7079,11.1386,0.2907,-8.9748,停損,8,-16.8379,-1.0078,14.5300,-16.7079,0.8697,-1.0000
2026-05-19 13:30:00,2026-05-19 13:45:00,2026-05-19 14:00:00,空,4529.1900,4543.7046,4543.7046,14.5146,9.6764,0.2320,15.6167,停損,1,-14.6446,-1.0090,1.4300,-14.5146,0.0985,-1.0000
2026-05-19 14:00:00,2026-05-19 14:15:00,2026-05-20 03:15:00,空,4536.7600,4488.5900,4552.7768,16.0168,10.6779,0.2289,14.4865,時間,48,48.0400,2.9994,71.8300,-10.4000,4.4847,-0.6493
2026-05-20 04:15:00,2026-05-20 04:30:00,2026-05-20 11:45:00,空,4473.6300,4489.1379,4489.1379,15.5079,10.3386,0.2581,7.1517,停損,29,-15.6379,-1.0084,19.9900,-15.5079,1.2890,-1.0000
2026-05-20 17:30:00,2026-05-20 17:45:00,2026-05-21 06:45:00,多,4520.6300,4534.0500,4501.7439,18.8861,12.5907,0.2550,-2.1765,時間,48,13.2900,0.7037,50.1000,-3.7500,2.6527,-0.1986
2026-05-21 16:00:00,2026-05-21 16:15:00,2026-05-21 17:00:00,空,4502.3300,4517.7639,4517.7639,15.4339,10.2893,0.2534,4.2012,停損,3,-15.5639,-1.0084,13.6900,-15.4339,0.8870,-1.0000
2026-05-25 02:15:00,2026-05-25 02:30:00,2026-05-25 04:15:00,多,4575.0500,4561.1182,4561.1182,13.9318,9.2879,0.1960,27.2664,停損,7,-14.0618,-1.0093,4.8900,-13.9318,0.3510,-1.0000
2026-05-25 04:15:00,2026-05-25 04:30:00,2026-05-25 08:30:00,多,4573.4500,4555.2646,4555.2646,18.1854,12.1236,0.2131,27.0069,停損,16,-18.3154,-1.0071,1.3600,-18.1854,0.0748,-1.0000
2026-05-25 09:45:00,2026-05-25 10:00:00,2026-05-25 10:30:00,多,4562.5000,4554.2543,4554.2543,8.2457,5.4971,0.2082,-65.7741,停損,2,-8.3757,-1.0158,2.2700,-8.2457,0.2753,-1.0000
2026-05-25 10:30:00,2026-05-25 10:45:00,2026-05-26 02:15:00,多,4559.9700,4579.1600,4551.0461,8.9239,5.9493,0.2088,-63.2191,時間,48,19.0600,2.1358,19.2800,-6.9500,2.1605,-0.7788
2026-05-26 04:30:00,2026-05-26 04:45:00,2026-05-26 16:45:00,空,4532.3100,4527.3600,4545.7532,13.4432,8.9621,0.2517,-15.3590,時間,48,4.8200,0.3585,31.5900,-13.1200,2.3499,-0.9760
2026-05-27 13:45:00,2026-05-27 14:00:00,2026-05-27 15:30:00,空,4445.8300,4459.4318,4459.4318,13.6018,9.0679,0.2858,-3.9584,停損,6,-13.7318,-1.0096,20.7400,-13.6018,1.5248,-1.0000
2026-05-27 15:15:00,2026-05-27 15:30:00,2026-05-28 04:30:00,空,4454.7700,4419.4900,4474.3246,19.5546,13.0364,0.2499,-13.0571,時間,48,35.1500,1.7975,53.3100,-12.2900,2.7262,-0.6285
2026-05-28 06:00:00,2026-05-28 06:15:00,2026-05-28 16:00:00,空,4394.2100,4411.5232,4411.5232,17.3132,11.5421,0.3003,-32.3258,停損,39,-17.4432,-1.0075,27.7900,-17.3132,1.6051,-1.0000
2026-05-28 17:30:00,2026-05-28 17:45:00,2026-05-29 06:45:00,多,4468.9300,4498.2000,4444.6600,24.2700,16.1800,0.2337,18.3752,時間,48,29.1400,1.2007,51.7600,-6.9100,2.1327,-0.2847
2026-05-29 18:00:00,2026-05-29 18:15:00,2026-05-29 18:45:00,多,4590.0000,4566.8818,4566.8818,23.1182,15.4121,0.3629,1.4849,停損,2,-23.2482,-1.0056,1.4500,-23.1182,0.0627,-1.0000
2026-06-01 07:00:00,2026-06-01 07:15:00,2026-06-01 19:15:00,空,4514.6300,4467.4600,4527.4625,12.8325,8.5550,0.3671,0.1924,時間,48,47.0400,3.6657,66.8800,-10.5600,5.2118,-0.8229
2026-06-02 21:30:00,2026-06-02 21:45:00,2026-06-02 22:00:00,空,4480.5600,4489.7861,4489.7861,9.2261,6.1507,0.3380,-13.1388,停損,1,-9.3561,-1.0141,0.2800,-9.2261,0.0303,-1.0000
2026-06-02 22:00:00,2026-06-02 22:15:00,2026-06-03 03:45:00,空,4487.3500,4496.4796,4496.4796,9.1296,6.0864,0.3418,-9.7328,停損,18,-9.2596,-1.0142,25.0800,-9.1296,2.7471,-1.0000
2026-06-05 04:30:00,2026-06-05 04:45:00,2026-06-05 10:15:00,空,4446.0800,4460.2346,4460.2346,14.1546,9.4364,0.3241,0.1991,停損,22,-14.2846,-1.0092,17.2300,-14.1546,1.2173,-1.0000
2026-06-05 16:45:00,2026-06-05 17:00:00,2026-06-08 06:00:00,空,4365.8000,4310.6200,4388.7543,22.9543,15.3029,0.3120,-23.8611,時間,48,55.0500,2.3982,65.6200,-13.4600,2.8587,-0.5864
2026-06-09 17:30:00,2026-06-09 17:45:00,2026-06-10 06:45:00,空,4285.1000,4179.8600,4303.9057,18.8057,12.5371,0.3007,-4.7196,時間,48,105.1100,5.5893,111.9800,-17.0400,5.9546,-0.9061
2026-06-10 06:30:00,2026-06-10 06:45:00,2026-06-10 09:00:00,空,4179.8600,4202.9225,4202.9225,23.0625,15.3750,0.3472,-14.1357,停損,9,-23.1925,-1.0056,7.2700,-23.0625,0.3152,-1.0000
2026-06-10 10:45:00,2026-06-10 11:00:00,2026-06-10 23:00:00,空,4186.1500,4082.7800,4200.7064,14.5564,9.7043,0.3175,38.6198,時間,48,103.2400,7.0924,104.4800,-1.2400,7.1776,-0.0852
2026-06-10 22:45:00,2026-06-10 23:00:00,2026-06-11 04:30:00,空,4082.7300,4099.2782,4099.2782,16.5482,11.0321,0.3198,-17.1326,停損,18,-16.6782,-1.0079,58.9200,-16.5482,3.5605,-1.0000
2026-06-11 23:45:00,2026-06-12 01:00:00,2026-06-12 04:15:00,多,4213.1700,4185.9021,4185.9021,27.2679,18.1786,0.3315,40.4856,停損,13,-27.4679,-1.0073,33.1500,-27.2679,1.2157,-1.0000
2026-06-15 04:30:00,2026-06-15 04:45:00,2026-06-15 09:45:00,多,4317.8600,4302.1368,4302.1368,15.7232,10.4821,0.3601,27.0266,停損,20,-15.8532,-1.0083,17.6200,-15.7232,1.1206,-1.0000
2026-06-15 09:45:00,2026-06-15 10:00:00,2026-06-15 22:00:00,多,4308.1800,4325.6800,4297.4379,10.7421,7.1614,0.3352,-62.4472,時間,48,17.3700,1.6170,61.0200,-2.8200,5.6804,-0.2625
2026-06-17 20:45:00,2026-06-17 21:00:00,2026-06-17 21:15:00,多,4379.8800,4365.2464,4365.2464,14.6336,9.7557,0.3017,18.0084,停損,1,-14.7636,-1.0089,0.0000,-14.6336,0.0000,-1.0000
2026-06-18 15:30:00,2026-06-18 15:45:00,2026-06-18 16:15:00,空,4243.1600,4258.2221,4258.2221,15.0621,10.0414,0.2918,-18.5251,停損,2,-15.1921,-1.0086,2.0500,-15.0621,0.1361,-1.0000
2026-06-18 16:00:00,2026-06-18 16:15:00,2026-06-18 16:45:00,空,4259.3100,4275.2250,4275.2250,15.9150,10.6100,0.2751,-11.3058,停損,2,-16.0450,-1.0082,6.4700,-15.9150,0.4065,-1.0000
2026-06-18 16:45:00,2026-06-18 17:00:00,2026-06-19 06:00:00,空,4256.6800,4176.3500,4274.2825,17.6025,11.7350,0.2633,-0.4282,時間,48,80.2000,4.5562,84.7400,-1.1500,4.8141,-0.0653
2026-06-19 05:45:00,2026-06-19 06:00:00,2026-06-19 18:00:00,空,4176.3500,4149.2700,4186.8082,10.4582,6.9721,0.4321,-2.1419,時間,48,26.9500,2.5769,54.5300,-6.6000,5.2141,-0.6311
2026-06-23 06:00:00,2026-06-23 06:15:00,2026-06-23 18:15:00,空,4142.0900,4128.2400,4159.8832,17.7932,11.8621,0.2971,-16.2677,時間,48,13.7200,0.7711,51.2000,-4.8800,2.8775,-0.2743
2026-06-24 05:30:00,2026-06-24 05:45:00,2026-06-24 08:45:00,空,4057.3100,4078.5950,4078.5950,21.2850,14.1900,0.2960,-7.4952,停損,12,-21.4150,-1.0061,6.8600,-21.2850,0.3223,-1.0000
2026-06-24 08:30:00,2026-06-24 08:45:00,2026-06-24 09:15:00,空,4077.3200,4093.7954,4093.7954,16.4754,10.9836,0.2872,1.0937,停損,2,-16.6054,-1.0079,5.8500,-16.4754,0.3551,-1.0000
2026-06-24 15:15:00,2026-06-24 15:30:00,2026-06-24 17:00:00,空,4015.2300,4032.8518,4032.8518,17.6218,11.7479,0.3330,-11.6530,停損,6,-17.7518,-1.0074,50.6400,-17.6218,2.8737,-1.0000
2026-06-26 17:00:00,2026-06-26 17:15:00,2026-06-29 01:30:00,多,4082.2600,4062.8125,4062.8125,19.4475,12.9650,0.2751,-3.0158,停損,29,-19.5775,-1.0067,13.7600,-19.4475,0.7075,-1.0000
2026-06-30 04:00:00,2026-06-30 04:15:00,2026-06-30 04:30:00,空,3958.0900,3973.7982,3973.7982,15.7082,10.4721,0.3740,-4.0410,停損,1,-15.8382,-1.0083,7.8600,-15.7082,0.5004,-1.0000
2026-06-30 04:30:00,2026-06-30 04:45:00,2026-06-30 07:45:00,空,3969.0600,3988.5471,3988.5471,19.4871,12.9914,0.2980,-8.4821,停損,12,-19.6171,-1.0067,16.6000,-19.4871,0.8518,-1.0000
2026-06-30 16:00:00,2026-06-30 16:15:00,2026-06-30 23:45:00,多,4023.5600,4011.8193,4011.8193,11.7407,7.8271,0.2680,-25.1668,停損,30,-11.8707,-1.0111,39.8300,-11.7407,3.3925,-1.0000
2026-07-01 05:00:00,2026-07-01 05:15:00,2026-07-01 13:15:00,空,3976.4800,3989.0886,3989.0886,12.6086,8.4057,0.2772,-17.2700,停損,32,-12.7386,-1.0103,16.3100,-12.6086,1.2936,-1.0000
2026-07-01 16:15:00,2026-07-01 16:30:00,2026-07-01 23:15:00,多,4046.7800,4029.7400,4029.7400,17.0400,11.3600,0.3020,30.9718,停損,27,-17.1700,-1.0076,68.8500,-17.0400,4.0405,-1.0000
2026-07-02 15:30:00,2026-07-02 15:45:00,2026-07-02 16:00:00,多,4132.5400,4114.2614,4114.2614,18.2786,12.1857,0.3496,-1.1053,停損,1,-18.4086,-1.0071,1.5600,-18.2786,0.0853,-1.0000
2026-07-02 16:30:00,2026-07-02 16:45:00,2026-07-02 19:45:00,多,4134.7000,4110.8618,4110.8618,23.8382,15.8921,0.3130,10.3382,停損,12,-23.9682,-1.0055,9.3400,-23.8382,0.3918,-1.0000
2026-07-03 04:00:00,2026-07-03 04:15:00,2026-07-03 09:15:00,多,4176.1500,4162.7914,4162.7914,13.3586,8.9057,0.3564,13.5412,停損,20,-13.4886,-1.0097,19.2900,-13.3586,1.4440,-1.0000
2026-07-03 09:30:00,2026-07-03 09:45:00,2026-07-03 17:15:00,多,4171.1500,4161.9743,4161.9743,9.1757,6.1171,0.3476,-17.7738,停損,30,-9.3057,-1.0142,15.4000,-9.1757,1.6783,-1.0000
2026-07-08 17:30:00,2026-07-08 17:45:00,2026-07-08 20:00:00,空,4036.4100,4057.6982,4057.6982,21.2882,14.1921,0.3116,7.5177,停損,9,-21.4182,-1.0061,14.6300,-21.2882,0.6872,-1.0000
2026-07-09 16:15:00,2026-07-09 16:30:00,2026-07-10 04:45:00,多,4126.0200,4112.9989,4112.9989,13.0211,8.6807,0.2916,-8.6999,停損,45,-13.1511,-1.0100,11.9600,-13.0211,0.9185,-1.0000
2026-07-13 07:30:00,2026-07-13 07:45:00,2026-07-13 08:15:00,空,4054.1600,4067.3396,4067.3396,13.1796,8.7864,0.2409,-7.0089,停損,2,-13.3096,-1.0099,1.4300,-13.1796,0.1085,-1.0000
2026-07-13 08:15:00,2026-07-13 08:30:00,2026-07-13 11:15:00,空,4058.2000,4070.6511,4070.6511,12.4511,8.3007,0.2445,-3.1933,停損,11,-12.5811,-1.0104,14.3400,-12.4511,1.1517,-1.0000
2026-07-13 17:30:00,2026-07-13 17:45:00,2026-07-14 06:45:00,空,4005.5200,4015.3200,4022.8600,17.3400,11.5600,0.2810,-17.5165,時間,48,-9.9300,-0.5727,21.9600,-14.7100,1.2664,-0.8483
2026-07-14 08:45:00,2026-07-14 09:00:00,2026-07-14 09:45:00,多,4031.4000,4022.9636,4022.9636,8.4364,5.6243,0.2829,18.0171,停損,3,-8.5664,-1.0154,1.8000,-8.4364,0.2134,-1.0000
2026-07-14 15:30:00,2026-07-14 15:45:00,2026-07-14 16:00:00,多,4092.8500,4075.9804,4075.9804,16.8696,11.2464,0.4287,-0.3571,停損,1,-16.9996,-1.0077,2.4100,-16.8696,0.1429,-1.0000
2026-07-14 15:45:00,2026-07-14 16:00:00,2026-07-14 20:15:00,多,4076.2700,4057.3068,4057.3068,18.9632,12.6421,0.3212,4.0310,停損,17,-19.0932,-1.0069,24.2000,-18.9632,1.2762,-1.0000
2026-07-15 06:30:00,2026-07-15 06:45:00,2026-07-15 15:15:00,空,4029.3300,4041.0107,4041.0107,11.6807,7.7871,0.2790,3.7162,停損,34,-11.8107,-1.0111,11.9100,-11.6807,1.0196,-1.0000
2026-07-16 10:00:00,2026-07-16 10:15:00,2026-07-16 11:45:00,空,4026.3400,4034.7154,4034.7154,8.3754,5.5836,0.2654,1.8436,停損,6,-8.5054,-1.0155,3.2800,-8.3754,0.3916,-1.0000
2026-07-16 15:30:00,2026-07-16 15:45:00,2026-07-16 18:30:00,空,4002.8000,4016.7575,4016.7575,13.9575,9.3050,0.2824,2.2432,停損,11,-14.0875,-1.0093,29.0700,-13.9575,2.0828,-1.0000
2026-07-21 06:00:00,2026-07-21 06:15:00,2026-07-21 18:15:00,多,4038.1600,4073.3900,4025.5664,12.5936,8.3957,0.3007,19.0678,時間,48,35.1000,2.7871,46.0200,-1.2800,3.6542,-0.1016
2026-07-22 03:15:00,2026-07-22 03:30:00,2026-07-22 03:45:00,多,4098.1500,4091.0379,4091.0379,7.1121,4.7414,0.2702,-10.6509,停損,1,-7.2421,-1.0183,4.2300,-7.1121,0.5948,-1.0000
2026-07-22 03:45:00,2026-07-22 04:00:00,2026-07-22 16:00:00,多,4097.5100,4112.8700,4088.8314,8.6786,5.7857,0.2649,-6.6646,時間,48,15.2300,1.7549,44.1900,-0.8100,5.0919,-0.0933
2026-07-23 12:15:00,2026-07-23 12:30:00,2026-07-24 01:30:00,空,4091.5100,4049.9900,4103.4339,11.9239,7.9493,0.2604,-22.4184,時間,48,41.3900,3.4712,51.3400,-3.8100,4.3056,-0.3195
2026-07-28 05:30:00,2026-07-28 05:45:00,2026-07-28 11:15:00,空,4044.2800,4053.8650,4053.8650,9.5850,6.3900,0.3073,-31.0596,停損,22,-9.7150,-1.0136,9.4000,-9.5850,0.9807,-1.0000
2026-07-28 11:30:00,2026-07-28 11:45:00,2026-07-28 23:45:00,空,4043.2300,4030.0500,4051.8046,8.5746,5.7164,0.3602,27.9941,時間,48,13.0500,1.5219,31.6300,-3.8400,3.6888,-0.4478
2026-07-29 21:45:00,2026-07-29 22:00:00,2026-07-29 22:30:00,多,4106.7800,4082.0846,4082.0846,24.6954,16.4636,0.2687,27.6875,停損,2,-24.8254,-1.0053,9.6300,-24.6954,0.3900,-1.0000
2026-07-30 20:30:00,2026-07-30 20:45:00,2026-07-31 04:15:00,多,4106.0000,4090.3025,4090.3025,15.6975,10.4650,0.2855,-7.2893,停損,26,-15.8275,-1.0083,11.4400,-15.6975,0.7288,-1.0000
2026-07-31 08:00:00,2026-07-31 08:15:00,2026-07-31 09:30:00,空,4079.8800,4087.2482,4087.2482,7.3682,4.9121,0.2435,-21.4163,停損,5,-7.4982,-1.0176,7.0600,-7.3682,0.9582,-1.0000
2026-07-31 10:30:00,2026-07-31 10:45:00,2026-07-31 22:45:00,空,4072.1700,4054.1300,4080.1168,7.9468,5.2979,0.2423,9.3762,時間,48,17.9100,2.2537,51.0500,-2.2100,6.4240,-0.2781
2026-08-03 20:45:00,2026-08-03 21:00:00,2026-08-03 21:15:00,空,4030.5300,4038.0204,4038.0204,7.4904,4.9936,0.2957,5.3126,停損,1,-7.6204,-1.0174,0.8200,-7.4904,0.1095,-1.0000
2026-08-04 05:30:00,2026-08-04 05:45:00,2026-08-04 07:15:00,多,4061.8600,4051.6986,4051.6986,10.1614,6.7743,0.2603,-3.4665,停損,6,-10.2914,-1.0128,0.5000,-10.1614,0.0492,-1.0000
2026-08-05 05:30:00,2026-08-05 05:45:00,2026-08-05 17:45:00,多,4128.2800,4243.2600,4114.9407,13.3393,8.8929,0.2312,15.6748,時間,48,114.8500,8.6099,115.1400,-3.6500,8.6316,-0.2736
2026-08-05 17:30:00,2026-08-05 17:45:00,2026-08-06 06:45:00,多,4243.2400,4262.8600,4221.3186,21.9214,14.6143,0.4297,8.5708,時間,48,19.4900,0.8891,60.8700,-18.4700,2.7767,-0.8426
2026-08-07 11:30:00,2026-08-07 11:45:00,2026-08-07 23:45:00,多,4309.1300,4341.4900,4293.9093,15.2207,10.1471,0.3331,15.1362,時間,48,32.2300,2.1175,62.7000,-7.3200,4.1194,-0.4809
2026-08-11 01:45:00,2026-08-11 02:00:00,2026-08-11 08:45:00,多,4399.8200,4390.4504,4390.4504,9.3696,6.2464,0.3161,24.0628,停損,27,-9.4896,-1.0128,35.3300,-9.3696,3.7707,-1.0000
2026-08-13 11:00:00,2026-08-13 11:15:00,2026-08-13 12:00:00,空,4366.0000,4378.4157,4378.4157,12.4157,8.2771,0.2492,-27.2817,停損,3,-12.5357,-1.0097,1.0100,-12.4157,0.0813,-1.0000
2026-08-13 15:30:00,2026-08-13 15:45:00,2026-08-14 04:45:00,空,4392.0900,4319.6200,4402.4657,10.3757,6.9171,0.2487,36.8813,時間,48,72.3500,6.9730,78.7200,-9.9100,7.5869,-0.9551
2026-08-14 04:30:00,2026-08-14 04:45:00,2026-08-14 09:15:00,空,4319.6300,4334.3632,4334.3632,14.7332,9.8221,0.3159,2.4370,停損,18,-14.8532,-1.0081,8.5700,-14.7332,0.5817,-1.0000
2026-08-14 16:00:00,2026-08-14 16:15:00,2026-08-17 05:15:00,多,4375.1400,4394.3500,4364.2061,10.9339,7.2893,0.3051,12.2401,時間,48,19.0900,1.7459,41.3600,-7.8700,3.7827,-0.7198
2026-08-18 15:15:00,2026-08-18 15:30:00,2026-08-18 16:45:00,空,4395.2900,4404.0350,4404.0350,8.7450,5.8300,0.2390,25.1412,停損,5,-8.8650,-1.0137,17.7500,-8.7450,2.0297,-1.0000
2026-08-18 18:00:00,2026-08-18 18:15:00,2026-08-19 07:15:00,空,4360.0100,4354.6600,4379.8807,19.8707,13.2471,0.2530,-6.4389,時間,48,5.2300,0.2632,35.3200,-11.6500,1.7775,-0.5863
2026-08-19 15:30:00,2026-08-19 15:45:00,2026-08-20 04:45:00,多,4417.4200,4493.8900,4404.2339,13.1861,8.7907,0.3498,17.1477,時間,48,76.3500,5.7902,109.8500,-5.8900,8.3308,-0.4467
2026-08-20 04:30:00,2026-08-20 04:45:00,2026-08-20 08:45:00,多,4493.9000,4482.4904,4482.4904,11.4096,7.6064,0.3165,-28.6515,停損,16,-11.5296,-1.0105,7.1200,-11.4096,0.6240,-1.0000
2026-08-21 12:00:00,2026-08-21 12:15:00,2026-08-21 12:30:00,多,4599.3200,4584.6136,4584.6136,14.7064,9.8043,0.3466,20.4045,停損,1,-14.8264,-1.0082,2.7300,-14.7064,0.1856,-1.0000
2026-08-21 20:15:00,2026-08-21 20:30:00,2026-08-22 00:00:00,多,4622.0800,4604.4529,4604.4529,17.6271,11.7514,0.3315,-0.7462,停損,14,-17.7471,-1.0068,5.5800,-17.6271,0.3166,-1.0000
2026-08-27 16:30:00,2026-08-27 16:45:00,2026-08-27 17:45:00,空,4578.7500,4591.5932,4591.5932,12.8432,8.5621,0.2378,14.6572,停損,4,-12.9632,-1.0093,13.6500,-12.8432,1.0628,-1.0000
2026-08-27 18:00:00,2026-08-27 18:15:00,2026-08-27 19:00:00,空,4592.5600,4608.8393,4608.8393,16.2793,10.8529,0.2226,12.5483,停損,3,-16.3993,-1.0074,3.7200,-16.2793,0.2285,-1.0000
2026-08-28 08:30:00,2026-08-28 08:45:00,2026-08-28 09:15:00,空,4572.7500,4582.2846,4582.2846,9.5346,6.3564,0.2126,-3.6364,停損,2,-9.6546,-1.0126,0.9900,-9.5346,0.1038,-1.0000
2026-08-28 19:00:00,2026-08-28 19:15:00,2026-08-31 08:15:00,空,4498.0200,4422.8000,4538.2446,40.2246,26.8164,0.2323,-17.9975,時間,48,75.1000,1.8670,101.5100,-5.6800,2.5236,-0.1412
2026-08-31 08:00:00,2026-08-31 08:15:00,2026-08-31 08:30:00,空,4422.8200,4440.1321,4440.1321,17.3121,11.5414,0.2728,-7.3697,停損,1,-17.4321,-1.0069,0.7000,-17.3121,0.0404,-1.0000
2026-09-01 11:15:00,2026-09-01 11:30:00,2026-09-01 23:30:00,空,4383.1000,4326.0900,4399.9311,16.8311,11.2207,0.2480,-10.4087,時間,48,56.8900,3.3801,60.1600,-4.1500,3.5743,-0.2466
2026-09-02 03:45:00,2026-09-02 04:00:00,2026-09-02 09:15:00,空,4315.8800,4326.9779,4326.9779,11.0979,7.3986,0.2457,0.3970,停損,21,-11.2179,-1.0108,33.3200,-11.0979,3.0024,-1.0000
2026-09-02 16:30:00,2026-09-02 16:45:00,2026-09-03 05:45:00,多,4378.1600,4413.4800,4361.1575,17.0025,11.3350,0.2971,4.5100,時間,48,35.2000,2.0703,39.9600,-13.6200,2.3502,-0.8011
2026-09-03 06:45:00,2026-09-03 07:00:00,2026-09-03 19:00:00,多,4431.5400,4493.2700,4417.3554,14.1846,9.4564,0.3743,14.8914,時間,48,61.6100,4.3434,79.2900,-12.7000,5.5898,-0.8953
2026-09-04 15:30:00,2026-09-04 15:45:00,2026-09-04 16:30:00,空,4393.9500,4412.0164,4412.0164,18.0664,12.0443,0.3711,-6.7292,停損,3,-18.1864,-1.0066,28.3800,-18.0664,1.5709,-1.0000
2026-09-09 14:00:00,2026-09-09 14:15:00,2026-09-09 15:30:00,多,4403.5500,4395.1875,4395.1875,8.3625,5.5750,0.3261,-27.0193,停損,5,-8.4825,-1.0143,11.8400,-8.3625,1.4158,-1.0000
2026-09-09 16:15:00,2026-09-09 16:30:00,2026-09-09 16:45:00,多,4429.5700,4416.4761,4416.4761,13.0939,8.7293,0.3350,-9.5671,停損,1,-13.2139,-1.0092,4.5400,-13.0939,0.3467,-1.0000
2026-09-10 15:30:00,2026-09-10 15:45:00,2026-09-10 16:45:00,空,4340.8300,4358.5054,4358.5054,17.6754,11.7836,0.2850,-22.4245,停損,4,-17.7954,-1.0068,4.3000,-17.6754,0.2433,-1.0000
2026-09-10 20:30:00,2026-09-10 20:45:00,2026-09-11 09:45:00,空,4359.4500,4350.6600,4375.2696,15.8196,10.5464,0.2991,19.3147,時間,48,8.6700,0.5481,58.5900,-1.5200,3.7036,-0.0961
2026-09-11 16:15:00,2026-09-11 16:30:00,2026-09-11 17:45:00,多,4390.2300,4366.9029,4366.9029,23.3271,15.5514,0.2694,-0.8109,停損,5,-23.4471,-1.0051,12.2900,-23.3271,0.5269,-1.0000
2026-09-11 18:30:00,2026-09-11 18:45:00,2026-09-11 23:00:00,多,4372.9000,4343.1507,4343.1507,29.7493,19.8329,0.2522,2.8024,停損,17,-29.8693,-1.0040,0.8700,-29.7493,0.0292,-1.0000
2026-09-14 05:45:00,2026-09-14 06:00:00,2026-09-14 18:00:00,空,4330.9000,4279.5300,4347.5200,16.6200,11.0800,0.3031,12.0700,時間,48,51.2500,3.0836,77.3000,-7.9000,4.6510,-0.4753
2026-09-16 06:15:00,2026-09-16 06:30:00,2026-09-16 18:30:00,多,4331.9600,4344.2000,4317.0789,14.8811,9.9207,0.2570,5.3600,時間,48,12.1200,0.8145,28.4800,-11.3200,1.9138,-0.7607
2026-09-17 14:45:00,2026-09-17 15:00:00,2026-09-18 04:00:00,多,4349.9700,4356.4300,4335.8357,14.1343,9.4229,0.2750,4.5055,時間,48,6.3400,0.4486,31.2700,-10.0300,2.2124,-0.7096
2026-09-18 10:45:00,2026-09-18 11:00:00,2026-09-18 12:45:00,多,4393.3800,4381.0554,4381.0554,12.3246,8.2164,0.2642,23.7233,停損,7,-12.4446,-1.0097,5.0900,-12.3246,0.4130,-1.0000
2026-09-21 09:15:00,2026-09-21 09:30:00,2026-09-21 14:45:00,空,4347.1800,4357.8150,4357.8150,10.6350,7.0900,0.2568,-1.6936,停損,21,-10.7550,-1.0113,7.1100,-10.6350,0.6685,-1.0000
2026-09-22 10:45:00,2026-09-22 11:00:00,2026-09-22 11:45:00,空,4301.1800,4315.7246,4315.7246,14.5446,9.6964,0.2512,-25.4460,停損,3,-14.6646,-1.0083,9.6100,-14.5446,0.6607,-1.0000
2026-09-22 22:45:00,2026-09-22 23:00:00,2026-09-23 04:15:00,多,4364.1100,4352.5246,4352.5246,11.5854,7.7236,0.2280,10.9858,停損,17,-11.7054,-1.0104,5.2700,-11.5854,0.4549,-1.0000
2026-09-23 10:00:00,2026-09-23 10:15:00,2026-09-23 22:15:00,空,4324.8200,4284.4700,4333.2264,8.4064,5.6043,0.2312,-12.7401,時間,48,40.2300,4.7856,49.9200,-3.8000,5.9383,-0.4520
2026-09-24 13:15:00,2026-09-24 13:30:00,2026-09-24 13:45:00,空,4245.7300,4259.8632,4259.8632,14.1332,9.4221,0.2451,-16.5724,停損,1,-14.2532,-1.0085,1.3600,-14.1332,0.0962,-1.0000
2026-09-25 13:00:00,2026-09-25 13:15:00,2026-09-25 16:00:00,多,4307.2800,4296.8261,4296.8261,10.4539,6.9693,0.2125,13.5724,停損,11,-10.5739,-1.0115,8.4500,-10.4539,0.8083,-1.0000
2026-09-28 02:00:00,2026-09-28 02:15:00,2026-09-28 14:15:00,空,4264.9700,4150.0600,4274.9257,9.9557,6.6371,0.2110,7.4924,時間,48,114.7900,11.5301,124.2700,-0.7300,12.4823,-0.0733
2026-09-28 14:00:00,2026-09-28 14:15:00,2026-09-28 15:15:00,空,4150.0400,4162.0507,4162.0507,12.0107,8.0071,0.5890,26.2810,停損,4,-12.1307,-1.0100,3.2700,-12.0107,0.2723,-1.0000
2026-09-28 15:00:00,2026-09-28 15:15:00,2026-09-29 04:15:00,空,4165.6900,4124.6200,4178.0307,12.3407,8.2271,0.4198,25.0611,時間,48,40.9500,3.3183,54.8000,-5.5300,4.4406,-0.4481
2026-10-01 04:30:00,2026-10-01 04:45:00,2026-10-01 06:45:00,空,4161.4600,4169.2364,4169.2364,7.7764,5.1843,0.3702,39.3679,停損,8,-7.8964,-1.0154,10.0000,-7.7764,1.2859,-1.0000
2026-10-01 09:00:00,2026-10-01 09:15:00,2026-10-01 09:45:00,多,4191.4900,4182.5896,4182.5896,8.9004,5.9336,0.2914,27.8569,停損,2,-9.0204,-1.0135,0.0100,-8.9004,0.0011,-1.0000
2026-10-02 15:45:00,2026-10-02 16:00:00,2026-10-02 16:15:00,多,4217.7200,4201.1461,4201.1461,16.5739,11.0493,0.3012,-13.0429,停損,1,-16.6939,-1.0072,7.6300,-16.5739,0.4604,-1.0000
2026-10-06 14:30:00,2026-10-06 14:45:00,2026-10-06 16:30:00,多,4172.0800,4163.4625,4163.4625,8.6175,5.7450,0.2004,42.3262,停損,7,-8.7375,-1.0139,7.5700,-8.6175,0.8784,-1.0000
2026-10-06 18:15:00,2026-10-06 18:30:00,2026-10-07 04:30:00,多,4163.3000,4151.6654,4151.6654,11.6346,7.7564,0.2041,-16.2924,停損,36,-11.7546,-1.0103,21.1000,-11.6346,1.8135,-1.0000
2026-10-07 07:30:00,2026-10-07 07:45:00,2026-10-07 19:45:00,空,4137.0800,4108.3900,4144.3711,7.2911,4.8607,0.2532,-30.3734,時間,48,28.5700,3.9185,70.5900,-2.4300,9.6817,-0.3333
2026-10-08 04:15:00,2026-10-08 04:30:00,2026-10-08 09:00:00,多,4128.6800,4118.2486,4118.2486,10.4314,6.9543,0.2746,-11.8744,停損,18,-10.5514,-1.0115,14.6300,-10.4314,1.4025,-1.0000
