train,test,tp,th,rule,n,per_day,win,avgR,t,PF,totR,maxDD,train_avgR
1,2,1,0.5800,model,280,2.9787,0.5607,0.0330,0.5537,1.0688,9.2348,14.3088,0.0193
1,2,1,0.5800,model 只做彈回,4,,,,,,,,
1,2,1,0.5800,model 只做突破,276,2.9362,0.5616,0.0336,0.5598,1.0701,9.2706,14.3088,
1,2,1,0.5800,全部做彈回,3175,33.7766,0.4728,-0.0836,-4.7215,0.8457,-265.4656,275.9337,
1,2,1,0.5800,全部做突破,3175,33.7766,0.5140,-0.0498,-2.8111,0.9047,-158.1645,167.9458,
1,2,2,0.5600,model,698,7.4255,0.3496,-0.0394,-0.7291,0.9441,-27.4952,57.2651,0.0971
1,2,2,0.5600,model 只做彈回,16,0.1702,0.2500,-0.2673,-0.7943,0.6505,-4.2772,6.2712,
1,2,2,0.5600,model 只做突破,682,7.2553,0.3519,-0.0340,-0.6219,0.9516,-23.2180,52.0828,
1,2,2,0.5600,全部做彈回,2433,25.8830,0.3259,-0.0782,-2.8026,0.8867,-190.2704,207.4967,
1,2,2,0.5600,全部做突破,2494,26.5319,0.3468,-0.0514,-1.8217,0.9265,-128.1486,148.0795,
2,1,1,0.6200,model,137,1.7792,0.5036,-0.0627,-0.7353,0.8812,-8.5881,14.3934,0.2525
2,1,1,0.6200,model 只做彈回,12,0.1558,0.3333,-0.3910,-1.4703,0.4166,-4.6916,4.6916,
2,1,1,0.6200,model 只做突破,125,1.6234,0.5200,-0.0312,-0.3476,0.9393,-3.8965,12.6266,
2,1,1,0.6200,全部做彈回,2900,37.6623,0.4962,-0.0279,-1.5013,0.9457,-80.8117,102.2420,
2,1,1,0.6200,全部做突破,2900,37.6623,0.4941,-0.0813,-4.3810,0.8495,-235.6942,258.1429,
2,1,2,0.6200,model,132,1.7143,0.3636,-0.0037,-0.0301,0.9945,-0.4912,18.4328,0.5259
2,1,2,0.6200,model 只做彈回,12,0.1558,0.3333,-0.2534,-0.7509,0.6219,-3.0407,3.0407,
2,1,2,0.6200,model 只做突破,120,1.5584,0.3667,0.0212,0.1613,1.0313,2.5494,16.4138,
2,1,2,0.6200,全部做彈回,2134,27.7143,0.3515,0.0143,0.4682,1.0218,30.4635,45.0380,
2,1,2,0.6200,全部做突破,2205,28.6364,0.3524,-0.0275,-0.9149,0.9600,-60.6831,136.7035,
